reviewId,userName,userImage,content,score,thumbsUpCount,reviewCreatedVersion,at,replyContent,repliedAt,appVersion
4fa0877b-06f1-4b9f-9b08-72c0358f29e6,nurelah mathla,https://play-lh.googleusercontent.com/a-/ALV-UjUSz3AL93nRxpURI5bH0eY_I3TiXVINow3CaSr1HM-jrpUvZdQf,ini aplikasi knpa kode otp nya gk masuk2 padahal email sudah benar,1,0,2.1.10,2026-04-01 01:48:15,,,2.1.10
91c76802-d6ff-4ba6-a47f-a800f49c310e,Kiki entong,https://play-lh.googleusercontent.com/a-/ALV-UjWemWPtlzZQb5umqQmnl_EtVr8ttAf_gb-o9lDDagRooQVI-p5Z,keren,5,0,2.1.10,2026-04-01 01:43:49,,,2.1.10
fee5dd63-1497-4345-b944-3f10239b76fc,fahri 77,https://play-lh.googleusercontent.com/a/ACg8ocLh3zv4pQPykbAQmnN2o1MUuk0f84lbPY7QMlqbZ2YPMr69x7Q=mo,itu verifikasi scan wajah tpi ga kescan,2,0,2.1.10,2026-04-01 01:41:17,,,2.1.10
3a837b72-a157-4105-950b-2627fe75bb4c,Isran Ra,https://play-lh.googleusercontent.com/a-/ALV-UjXCnOgkvko9kM5Vx5cYMCNhCeqALMqDT-BwVroK-Ca4_MN-IYAU,ribet,1,0,2.1.10,2026-04-01 01:39:21,,,2.1.10
c4734ccf-e7a3-4edf-b671-e9a8903123e5,sopan sopyan,https://play-lh.googleusercontent.com/a-/ALV-UjXlEOBKnVpCT8mbNZaq94zedn8ubEirGvIIyFZp4RWVfEC4ILs,diliat bnyk ksih bintang 5 ? pas di cek dan dicoba hdehhhh OTP GA MUNCUL2 BBRPA KALI DI EMAIL NOMOR HP SMPAI NIK,1,0,2.1.10,2026-04-01 01:29:38,,,2.1.10
5c821553-4414-401c-9cc4-35aa40ea51a0,rizal ozan,https://play-lh.googleusercontent.com/a-/ALV-UjXPy2kTzIv2pAnQGOjimUxeDutfTDivuq55KkhZZDb8P2CFhYM,cepat dan mudah,5,0,2.1.10,2026-04-01 00:51:12,,,2.1.10
cbba474f-8e10-4110-9c8a-d1f2e5728200,Yunus Alpianto,https://play-lh.googleusercontent.com/a-/ALV-UjWqMPWzqTQIKQIQSUKrto6KVF4QL-WZRD4BYokeczrwcvgD3VVw,minta kode otp ga dikirim kirim susah bngt apk ny,2,0,2.1.10,2026-04-01 00:45:49,,,2.1.10
3aa21955-ff69-4c41-ad0f-838e3f9840be,Andre Anto,https://play-lh.googleusercontent.com/a/ACg8ocL3CukDG0I2gMlcqkVV7SHNyPV8OBIc7BbPZua0hfFEFTNmLA=mo,sangat puas,5,0,2.1.10,2026-04-01 00:44:03,,,2.1.10
dc963702-8415-4458-9a22-fb4cabe45806,Warni,https://play-lh.googleusercontent.com/a/ACg8ocL-wlPWycrxb6fJYtE5m8-e1sCwcbxpZSGntgY14k9kENBIgg=mo,mantap,5,0,2.1.10,2026-04-01 00:32:49,,,2.1.10
a3b98b4a-5ed3-42a7-9a7e-b56aa30d3a31,Rudi Santoso,https://play-lh.googleusercontent.com/a-/ALV-UjVSEblSQdf-LronGJ7M1CS1O2JN7XXnolk8dQET2Kle62TGca8,baik,5,0,2.1.10,2026-04-01 00:23:10,,,2.1.10
b32d7a9b-b6a1-4475-b504-1bd977c5fb8d,Mr. X,https://play-lh.googleusercontent.com/a-/ALV-UjWi6Ur1IcwN90kcI-qc5Ba04DbVY6W-0PDRr7G0er1zQgDJz8U,"update metode pembayarannya pake qris, gk semua orang pake bank BRI",5,0,2.1.10,2026-04-01 00:11:32,,,2.1.10
bb5c9443-1144-457c-ac8e-68857eced0df,seigadslamina,https://play-lh.googleusercontent.com/a-/ALV-UjXjCVRmXrvWk9ZMtY4qmpqOblxg5FpXRVWzyfVzwyXNZgj_d-D-,lg bkin tp bener2 bs di ambil di polres diluar daerah asal gak nih ya,5,0,2.1.10,2026-03-31 23:02:15,,,2.1.10
c5411d2b-8db1-459c-a734-b018ff70efb1,Agus Agus,https://play-lh.googleusercontent.com/a/ACg8ocIdg7t9sass9RVGvT_p6X0ojF5x_gfkHGPJOG8MlVjOXLmOxA=mo,sangat baik,5,0,2.1.10,2026-03-31 22:30:45,,,2.1.10
8f1621e7-ef73-4306-a0e8-2866839a0fc7,Cinta Azura,https://play-lh.googleusercontent.com/a-/ALV-UjWifInQF3RXu-RNc0V-bi8mzWZ6x7iAGcPSaggjuQHOCh22cStLsw,membantu sekali joss bgt👍👍👍👍👍,5,0,2.1.10,2026-03-31 18:53:58,,,2.1.10
b0108a93-d362-4fdf-88cf-74972fcd9561,Kiki Event N,https://play-lh.googleusercontent.com/a-/ALV-UjX20jt4TumPZdwO5rGaV1y20JIDfR5uISMD-JL3r8k4CunIvE-4,"ga guna sama sekali,ngabisin kuota aja buat download,mana pas isi data,lokasi pencetakan yang ada diluar provinsi semua.Pas kita call ke nomor pengaduan yang tertera malah disuruh buat SKCK langsung ke Polres,trus ini gunanya aplikasi apaan? apus aja dah,jengkel juga kita ni",1,0,2.1.10,2026-03-31 17:02:03,,,2.1.10
906babc6-cd80-4eca-884a-63559dbbfbb9,Wini Hulu,https://play-lh.googleusercontent.com/a-/ALV-UjVEQ4Qu2Xy3AGIINlOtzhZ9M0b84FemrDwE_x70pofsTzmCgnWS,sistem online dalam pengurusan skck mantep lah,5,0,2.1.10,2026-03-31 16:18:01,,,2.1.10
d3ab4f9e-4f40-47c8-96d6-ef54ec54f5a6,Doni Capah,https://play-lh.googleusercontent.com/a-/ALV-UjU-n1_r7fySgcFYGZ81uUUkUOoOTK-gDjrdFYAe8qNUrbL2MQk,mudah,5,0,2.1.10,2026-03-31 16:12:06,,,2.1.10
e05a6798-1dc7-45d8-bd20-d61616c15381,Dermawan Wawan,https://play-lh.googleusercontent.com/a/ACg8ocIYSdrYVU7zYLALSG7N87oDIMjirKYkOImG7lxsTE70xLyOGg=mo,darmawan,5,0,2.1.10,2026-03-31 15:05:52,,,2.1.10
cb9d8f26-2627-458a-a603-48dbbe08847d,Ngantri Solar,https://play-lh.googleusercontent.com/a/ACg8ocLpOozLU-QKjPxLv37XdlWfBvlnzZ82oKRe7emMAtUCVKa7Bg=mo,"mempermudah, mohon di berikan arahan secara detail lagi",4,0,2.1.10,2026-03-31 14:42:26,,,2.1.10
8a3924a0-ff7c-4d6a-b52c-ececf4852de8,Moh Rafi Sugiantoro,https://play-lh.googleusercontent.com/a/ACg8ocIr7GzxOQFpwVfUyMNRHAH7rnBd7jWKaEwakBx2kDtw2hxtKys=mo,"apk gak guna, verif wajah berkali-kali tapi gak ke baca. udh bener bikin skck via offline, online bukannya memudahkan malah nyusahin!!!",1,0,2.1.10,2026-03-31 13:54:55,,,2.1.10
7a506bcb-3504-472a-a9e1-2e0f4445fc2d,Thelook bird,https://play-lh.googleusercontent.com/a/ACg8ocIHf-CrlR9KldqlhBSwAAYG9uSi8J8boKPIz1IeFLUaJFfQGg=mo,"min kok ga bisa ganti nomer ya, saya salah memasukan nomer ga ada cara buat ganti kah?",4,0,2.1.10,2026-03-31 13:21:45,,,2.1.10
4d5fa74d-1320-467e-8ae4-5a15159e1f1f,titis wijayanti,https://play-lh.googleusercontent.com/a-/ALV-UjUAVisBVf5sk0XGAyRIU_AKwzVz_oW0lRWylknMoSQzWP4hJ5ed,sangat baik dan membantu,5,0,2.1.10,2026-03-31 13:19:46,,,2.1.10
4b90c640-9b98-40e8-8c85-3b116042010d,indra jazeera,https://play-lh.googleusercontent.com/a-/ALV-UjX06GOuBEkximY1RSghYt-Z6PP7pRPX4Zo6a1JKrOrdHpAr0Kk,aplikasi nya sangat membantu saya,5,0,2.1.10,2026-03-31 12:09:35,,,2.1.10
34cc674f-ffd2-4c6d-b427-1cd7ef91946c,Paul & Rania,https://play-lh.googleusercontent.com/a-/ALV-UjUQLyAtjMjPbpb2yCkInka5sId8RJzAlSVnn4oR_KJGB6HlAQ,"sangat membantu masyarakat, dan memudahkan dalam semua urusan",5,0,2.1.10,2026-03-31 11:55:44,,,2.1.10
5cd5279f-701c-425b-bdae-0fa6f10a54c4,Muhammad Alif Baihaqi Bharmady,https://play-lh.googleusercontent.com/a-/ALV-UjW9X1EKeBFUI3Pvoj_-uYJuUcFKJXqAnZB6binEbIX1WkxiIVBA,tolol verif aja gabisa,1,1,2.1.10,2026-03-31 11:20:22,,,2.1.10
3e4d9e38-1e4c-4da9-be22-bc3eab551dde,Muhammad Rudy Jauharul Mawahib,https://play-lh.googleusercontent.com/a-/ALV-UjXWA5T-RZ1Q4b48ZuHwT_yzUMDbsjYOy3JwhJPqZjYFD7bLxZ9D,"gonta ganti sistem terus, ini login pake NIK muka gak bisa kedeteksi, kode otp gak masuk Rating bagus karena kalian cuman peduli pujian🤡",5,0,2.1.10,2026-03-31 11:15:53,,,2.1.10
636c79a6-dbc1-4696-bfed-22477773ee60,Anto Yoyoi,https://play-lh.googleusercontent.com/a-/ALV-UjUd9tivDa-Fryy7n3xiA-hrFbXVBrU1HFcaCCTiGqUZ9IktBcEb,Tingkatkan terus,5,0,2.1.10,2026-03-31 11:08:39,,,2.1.10
3d890593-64f3-4a8f-b9b8-243f64f8cf47,Muhammad akbar,https://play-lh.googleusercontent.com/a/ACg8ocLtd8FoBEvLvL-LHwCdHOxumybUX7JUzETAT0h-nDgD9G7etQ=mo,cepat prosees,5,0,2.1.10,2026-03-31 11:03:16,,,2.1.10
1ba36f83-db13-42ba-a9d6-7566d7f13e8b,Cica Widia,https://play-lh.googleusercontent.com/a/ACg8ocJmchwjedznn_zwh6KC-TAu63_zmE4wwDJXIMzLIlUn5n7BZQ=mo,baik,4,0,2.1.10,2026-03-31 11:02:31,,,2.1.10
70160e94-4a41-4959-ac39-cd31a5607b47,Faiz Garda,https://play-lh.googleusercontent.com/a-/ALV-UjUrtQcONvwDkMaIaJ6fRa3tiYFBig61IkRMLIEG5_UME2MYBzzC,kode otp tak muncul di email,1,0,2.1.10,2026-03-31 10:58:25,,,2.1.10
e15759ee-ddd7-45f0-972d-f89f3b443c5a,Ashilah Riana Andini,https://play-lh.googleusercontent.com/a-/ALV-UjU7JyuCUa-OLudZVzCIuMQlJmDySQxUrkPYCotjeK93Stz-nkG7Jw,"aplikasinya sangat buruk, untuk verifikasi wajah tidak bisa padahal sudah di coba berkali-kali. untuk email dan nomor sudah pernah buat tapi tidak tersimpan di database. tolong diperbaiki lagi aplikasinya karena butuh buat skck secepatnya",1,0,2.1.10,2026-03-31 10:22:12,,,2.1.10
af297627-410a-4741-869b-93cefd2f8601,Fitry Hidayat,https://play-lh.googleusercontent.com/a-/ALV-UjVw2mc7RHHFB2YjRCZ-_7BNczYmiHhoTmyTEMPG7P3bDG1r4VYH,"sok2an banget sih bikin apk,,apk jelek nge bug trus,mana terjadi kesalahan mulu....udah mah kemaren bisa bikin skck,pas di ambil nggak bisa karna nggak ada bukti tf.....bilang aja mau di korupsi.",1,0,2.1.10,2026-03-31 10:06:59,,,2.1.10
3ad872c2-5838-4298-b0ce-311e8abd3176,Saktio Agung Mahendra,https://play-lh.googleusercontent.com/a-/ALV-UjXY-7pOKRx4DZXNgyUtdnFkF5zDQ3QIhonQJJQ0dntk6Qmqx-Cq,"kode otp tidak pernah muncul, payah",2,0,2.1.10,2026-03-31 10:01:03,,,2.1.10
82b81f85-488b-49ed-ad70-42d3bf14e052,Trisnawati,https://play-lh.googleusercontent.com/a/ACg8ocJ1wur-sn3aFSTrklqWqL3igxrKyAGyBUFa7T0Wttw2G-Izkw=mo,sangat membantu,5,0,2.1.10,2026-03-31 10:00:10,,,2.1.10
651e79a4-e0dc-4ad3-86bd-cb9eaf6fb0b2,Aldo Ali,https://play-lh.googleusercontent.com/a-/ALV-UjXT18R-5e0UFVruzn8rL3ce04Y71d4vdDRjxjvhIwtB0Bf4Mu4,sangat bagus,5,0,2.1.10,2026-03-31 09:56:43,,,2.1.10
8ebcaba2-b253-493b-9b95-21828605f9a4,desi wiyanti,https://play-lh.googleusercontent.com/a-/ALV-UjXZGwEJUqkse8AF4M8BXgyoPm8aRuKPYf4mYxFumV8qvwYDKu8,memuaskan,5,0,2.1.10,2026-03-31 09:51:43,,,2.1.10
3ba6099c-0a52-4c7a-8191-e75cbdbc0ac7,gitaa,https://play-lh.googleusercontent.com/a-/ALV-UjXJ9tdlX9XPr1uQLFVjBqdKAms4bFYHK3R8FfmGVpWEXWuUjGC90Q,gjls tai,1,0,2.1.10,2026-03-31 09:35:13,,,2.1.10
618e31fa-f6c3-4bba-8f84-601eb04f2c70,TOLI ONNE 62,https://play-lh.googleusercontent.com/a-/ALV-UjVEK-PTxxj-tdNQCOzgjaZBdiI8SfRrTIHI2ZpTvhlqE3M269Tg,bagus,2,0,2.1.10,2026-03-31 09:06:27,,,2.1.10
13938352-88de-4a12-b683-a2fb39e95ee2,Karim AL Hamdani789,https://play-lh.googleusercontent.com/a-/ALV-UjXpz48eYXptziwjM65bXUXXxT779Bwkb8JcnizVSMqgCkVf5o8,goodjob,5,0,2.1.10,2026-03-31 09:06:16,,,2.1.10
34bd9a5e-6fd3-4217-8ea8-de93e98d8045,rizki arahman,https://play-lh.googleusercontent.com/a-/ALV-UjVNjGcE37oj826XxTD-KenlVao3fQlQPIv27z5AqtKkecN0jA4R,maap banyak erornya pak aplikasinya,1,0,2.1.10,2026-03-31 09:06:13,,,2.1.10
c356b032-7f5f-4d11-aba6-d5caaa4b699f,Jawa Musik,https://play-lh.googleusercontent.com/a-/ALV-UjVBfAph9gRl4tlq09UwTKD6gwuEgAHfXDTBi7rHFeHi8q8aVkw,mantap,5,0,2.1.10,2026-03-31 08:46:09,,,2.1.10
0c9cd0f7-75c8-4e9d-9461-fff5c3dc4859,Lingga Silvesterstelon,https://play-lh.googleusercontent.com/a/ACg8ocJq9-RxCJ2ADwgLYOb4dayrdksG5qCR5lonFqhCaaqeRVg0ag=mo,baik,5,0,2.1.10,2026-03-31 08:32:12,,,2.1.10
5bea5dff-6ba2-4ab8-9209-14ee2ce67da3,Ahmad Zairi,https://play-lh.googleusercontent.com/a-/ALV-UjUzCgYst9O_UqUKG-B5u7l_3DHW9AXACn-HChxMa27tO7SWMqjN,ini aplikasi katanya semua serba online kenapa pas mau daftar skck malah di minta cetak pembuktian pembayaran + FC KTP?? udh saya bayar malah disuruh print dlu bukti pembayarannya.,1,0,2.1.10,2026-03-31 08:23:01,,,2.1.10
27ef39c6-79b8-43f6-b429-077fffae2cb0,Indra Ibrahim,https://play-lh.googleusercontent.com/a/ACg8ocLVUWLSLOim2kIehNIeofFPbUp9cOuw5YPdPkgkLFmcqI8qPw=mo,coba perbaiki apk nya bikin lebih cagih mau secen wajah aja susah minta dampun,1,0,2.1.10,2026-03-31 08:03:59,,,2.1.10
f9dbf562-2343-43e2-a334-4efd16e82fd2,Hendri Winardi,https://play-lh.googleusercontent.com/a/ACg8ocLrWGs6QlJc-CyUobAcka8SAalA0txEkaZaDu5EOg0qZKt9uQ=mo,"Daftar SKCK tgl 28 maret 2026, isi formulir dll hingga menunggu status pembayaran, saya bayar langsung pada hari itu juga sebesar 30.000 via Virtual account Setiap hari saya tanya status Pembayaran saya hingga Status saya berubah menjadi Expired setelah 2x 24jam saya chat lagi dengan balasan yg LAMA dikasi Hotline nomor WA, Saya chat nomor tsb dan melampirkan data yg harus di isi dan dikirim Setelah 3x24 jam status saya masa exipred chat diapp/ hotline ga ada balesan, uang saya lenyap",1,0,2.1.10,2026-03-31 08:02:13,,,2.1.10
c5518639-9c84-4432-9e1b-e1a57f7a83f1,Aripin Egois,https://play-lh.googleusercontent.com/a/ACg8ocIb7qapwzfdyV9daL3jAo524LwvKvBmbtAq2jKGfIHCiajK2g=mo,mudah,5,0,2.1.10,2026-03-31 07:34:19,,,2.1.10
5a935b79-9edf-4098-9d81-166cd7e222e6,ERIK Hermawan,https://play-lh.googleusercontent.com/a-/ALV-UjUOFTEWAaKo_t-2DSvvbg0GV1tQD1SxZ3Sonf8V6yEL1d9oeZjP,hebat,5,0,2.1.10,2026-03-31 07:25:42,,,2.1.10
203b2791-7dd0-41d4-8093-b538a7435aab,Anas MunFariz,https://play-lh.googleusercontent.com/a/ACg8ocKFoz_4EeBe_7tlb-E8fD_a4XSVSvGalvOt_2nzZYRQa2yhLQ=mo,tolong perbaiki ini gmna gak bisa bisa daftar apk GK jelas malah tambah rumit aja mau kerja pun ada aja gebrakannya,2,0,2.1.10,2026-03-31 07:16:43,,,2.1.10
80b001b5-4633-4296-9c8e-caaa9210ad2e,Odi Hardiansyah,https://play-lh.googleusercontent.com/a/ACg8ocJEOIpkP214idYp87CQR9v4b-s45tVPptd2nYQlWcKJejORow=mo,pelayanan buruk dan sangat lama😡,1,0,2.1.10,2026-03-31 06:44:29,,,2.1.10
1382877d-8d93-45cf-ba4b-479db242a2c0,Ahmad rozi Rozi ajha,https://play-lh.googleusercontent.com/a/ACg8ocLT37dCm_bCvmCzZurFpo0S38SCeKqFPLUhUCI3_DZdJZ36WA=mo,mantap,5,0,2.1.10,2026-03-31 06:27:38,,,2.1.10
5f0d4ff9-a655-4c9f-9820-c4f6e253aecd,Rahman Maulana,https://play-lh.googleusercontent.com/a-/ALV-UjXUiCog018Shqj2xy9ACetCdQksXNkO3myC-omxll8CdF_pGIw,aplikasi rusak banyak kendala,1,0,2.1.10,2026-03-31 06:18:47,,,2.1.10
d5c1562d-2530-4acd-a82c-8bacdec0a123,Bagas Pratama,https://play-lh.googleusercontent.com/a-/ALV-UjXxKAmeF05l22aHjQnGwPWOjyK4-unwdk2GojfaIp1vQDKPmpg,sangat membantu,5,0,2.1.10,2026-03-31 06:12:30,,,2.1.10
76b0b175-18d5-43e5-9c9d-9556b5bbe9af,Indah Afrizal,https://play-lh.googleusercontent.com/a/ACg8ocL5ax4c1sFap8_evq5yleIOfjh_M5Z8HYArHeuo6EC_-E9_AA=mo,saya udah bayar tapi staus tetap menungu pembayaran d tungu sampe expayt udah datang lansungbke polres dan tetp ga bisa buang buang uang,1,0,2.1.10,2026-03-31 06:07:40,,,2.1.10
36ed8771-861e-4780-9a64-da48d699f4d2,Maulus Bungsu,https://play-lh.googleusercontent.com/a/ACg8ocLDWgqd4AHZl7KOgF6vLdQYqvKDPU4CUEuoskCp6oI_qdtj8A=mo,bagus,5,0,2.1.10,2026-03-31 05:56:34,,,2.1.10
46dee2dc-ec30-4841-8c6f-f1d9cf31c640,4 RADEN27,https://play-lh.googleusercontent.com/a-/ALV-UjXgtgvZRZg2u3qavb-m5NL0oyD1gC6hMkFKwjO_rVRzsbdIbope,""" APK BODONG "" Nunggu lama lama Otp ga di kirim2",1,0,2.1.10,2026-03-31 05:47:21,,,2.1.10
0bb5913d-45ea-43f2-9983-775275715afc,Saya Faisal,https://play-lh.googleusercontent.com/a-/ALV-UjW4Rvl4cpX-DI18zW1VwVNHyPu5gmxqLD0E_h_05R0U1C0Z-T0,bagus,5,0,2.1.10,2026-03-31 05:43:30,,,2.1.10
5658dfa6-ede1-4ace-902b-00fa21f14ffd,Ali Sofyan,https://play-lh.googleusercontent.com/a-/ALV-UjUqINKyVUNbcOtJHG8eclzy3LTafJ7a6i9yv_F9Yop5t8j9nYE,apk sangat membatu.. tetapi ada kendala pbuatan SKCK sampai sekarang blom bisa di selesaikan info nya ada kendala external,5,0,2.1.10,2026-03-31 05:42:01,,,2.1.10
44b2c90c-c105-4837-bf71-c97f9acc9f3b,Singgi Mulyo,https://play-lh.googleusercontent.com/a-/ALV-UjW1lgYgJ0_z2PYOJr1P5mq84sNo1_capxxLfYa_ZcwnHkqGFs5Sgg,"tidak ada bedanyaa saya buat online,ngambil skck nya harus siapin persyaratan berkas2 yg ofline. #tambahribet.",1,0,2.1.10,2026-03-31 05:40:47,,,2.1.10
927f18d3-c7e5-4b66-b01b-7d4872c63f4f,Aldi Doang,https://play-lh.googleusercontent.com/a/ACg8ocLDPpzyI-rdRCbho7sjznR_5V9H_cA55CKveZqvtFcNXRtaDA=mo,"Aplikasi ini sangat buruk, responnya telat. Menunggu verifikasi sangat lama. Waktu saya habis terbuang menunggu respon aplikasi ini. Buruk sekali. Mohon untuk diperbaiki🙏",1,0,2.1.10,2026-03-31 05:39:21,,,2.1.10
982eb0d1-87d6-4ae0-abfa-aa972ab1c27d,astia,https://play-lh.googleusercontent.com/a-/ALV-UjWtY2SVTaTFmokp-Mj5_aXq7d0yERt1IEMFvDm8YBvApdcj9TFq,aplikasi nya bagus cuman tolong untuk lokasi pecetakan dan pengambilan terlalu jauh apalagi harus ke Polresta semoga bisa ke Polsek terdekat,5,0,2.1.10,2026-03-31 05:27:40,,,2.1.10
4cf797dd-a12c-44f1-ba5a-16ad27940c53,M.Kurniawan Dani,https://play-lh.googleusercontent.com/a/ACg8ocKj5CNisrmY5qFOgsHeTybTFzHEB9E2VYfg-ws01utBulHMUg=mo,"aplikasinya buruk banget laman bener nunggu verifikasi doang, pas kita salah ketik naman terus mau koreksi aja pakek lapor segala di bantuan pusat padahal tinggal ganti aja ribet banget",1,0,2.1.10,2026-03-31 05:25:56,,,2.1.10
aa3fa4d7-9eeb-4633-991f-5c819694d703,Indra Wijaya,https://play-lh.googleusercontent.com/a-/ALV-UjWZSQzpQ_LIWgF_2jPbyZiOS_7wKppzcROulMD3wiCWG2w2BISX,"aplikasi nya mantap dan selalu di permudah ,maju terus Polri....👍",5,0,2.1.10,2026-03-31 05:25:18,,,2.1.10
9fc52c69-10ab-4870-a497-5ce608eb6d68,Anggit Eko Prayitno,https://play-lh.googleusercontent.com/a-/ALV-UjXUuZOg89IfhUEqtCo8OO1tuntbmXm-4YgDRWidfbgbimxH8PsI,pengurusan SKCK di Polsek terdekat lebih cepat dan efisien.,1,0,2.1.10,2026-03-31 05:19:28,,,2.1.10
80afccea-b0fe-41d5-abb8-50c047fbafc1,Arya Madhani,https://play-lh.googleusercontent.com/a/ACg8ocJhLvd5MFoA3cGCDtoQdO8mAnjdQhYzZlPzs_8yznkFUelSjg=mo,"kok punya saya ngga bisa verifikasi ya, alasanya salah milih kewarganegaraan, padahal jelas² saya pencet wni",2,0,2.1.10,2026-03-31 05:09:10,,,2.1.10
c30a3c85-7800-4b49-9cda-9500cdd69ed7,Muhammad Elyarsa,https://play-lh.googleusercontent.com/a-/ALV-UjVJIXN15Ktkp4rGNt3X0GE6JdNZQBuBDINgsy100QWh5LF1-lDs,tolong untuk pengambilan sesuaikan dengan polsek yang terdekat,4,0,2.1.10,2026-03-31 05:08:43,,,2.1.10
3db57148-671c-4d1a-ae67-58eb8863a3fd,Kamal Ar-rayyan,https://play-lh.googleusercontent.com/a-/ALV-UjV146lV-cizb0DDkz9Dhf2mg4PbF1Sa1UHhOlVMWgQKxqKNVOpVEw,"app polri lhoo, punya cyber segala macem... tapi cara kerja aplikasinya masih lemot... nunggu verifikasi data aja lama.. belum kalo data ga diterima trus nunggu verifikasi lagi.. apalah polri",2,0,2.1.10,2026-03-31 05:00:18,,,2.1.10
f415e85a-2870-4831-ac50-42c6a3a182a3,Jasa Website Online,https://play-lh.googleusercontent.com/a-/ALV-UjU8_xYsdP4_fjMI0xaHjRu2FWQ0rvQsj8vspDCkUYOU9tVPAZ03,jos,5,0,2.1.10,2026-03-31 04:54:43,,,2.1.10
5d08796a-a151-4072-9af3-356252fb662b,Amid arifin,https://play-lh.googleusercontent.com/a-/ALV-UjVjnsYv8wJv2OJ7C7cuWq-lmkNAcfv00TAd57XCFJFQ-l3P64YY,bagus,5,0,2.1.10,2026-03-31 04:49:49,,,2.1.10
5553624d-4ab6-4c6d-918e-29e5189d6afd,leandroaldias,https://play-lh.googleusercontent.com/a-/ALV-UjWlXHy-lTk3IO-6Q9mkIf127L67Brk0-zSoaJh5dVJkej-g8Bg,"Tidak bisa membuat laporan kehilangan, padahal opsi menunya ada, tapi tidak di direct ke form laporan. Kemungkina sengaja sih ini, biar gak mau ribet.",1,0,2.1.10,2026-03-31 04:46:19,,,2.1.10
0fa3c1bb-1559-41b1-a496-4b564e416b39,SUKEMI,https://play-lh.googleusercontent.com/a/ACg8ocII5nQeRAWix5CPh2-NxkmASSO3H6RHLnasY95HYu82j9fxYQ=mo,sangat bagus,4,0,2.1.10,2026-03-31 04:45:22,,,2.1.10
7efc3853-320b-4d1c-a93b-33c951ba29d7,Irfan Faoji,https://play-lh.googleusercontent.com/a/ACg8ocKJfcDKsLoAMhC21Jag5war80v6uSZCzshr55QArhHc-9OtCw=mo,sangat membantu memudahkan masyarakat untuk mengurus SKCK dll,5,0,2.1.10,2026-03-31 04:36:49,,,2.1.10
6780d853-b649-42d8-b6e5-fe57788678bf,Wildan Qorry,https://play-lh.googleusercontent.com/a/ACg8ocIVrIBYMYaHUTqbUg0t9nWZIROLljjaJ6hS_08tEvDmulz7Fg=mo,ko gak bisa daftar,1,0,2.1.10,2026-03-31 04:33:38,,,2.1.10
982e9e97-348e-4280-846e-502ee74074de,rangga tanjung,https://play-lh.googleusercontent.com/a-/ALV-UjW-U9LkjJo-RmwcGy-D7SkPpsGWDgb_0piQoIv2nRTUcGlaMvKo,Aplikasi jelek. Bukan memudahkan malah mempersulit. Korup Korup,1,0,2.1.10,2026-03-31 04:31:41,,,2.1.10
d9c8e69a-4122-496b-9dfe-b75de850a513,Agus Arifin,https://play-lh.googleusercontent.com/a/ACg8ocKJR9wTtvPEEKMhNTXiD3PDyR2PvobCUFqhMNhmZUI75RkboA=mo,bagus,5,0,2.1.10,2026-03-31 04:20:22,,,2.1.10
18779829-2671-4272-94c8-1f8246c6762c,Riqi Rizkyyana,https://play-lh.googleusercontent.com/a/ACg8ocKu70P-U4cqxg9ZWRjqcdFhvLRZ0hKY_1o1E1fUBcWwDRvKrw=mo,sangat bagus,5,0,2.1.10,2026-03-31 04:08:29,,,2.1.10
1eaa9302-d115-465a-a8fa-69cfa710a052,murodi odink,https://play-lh.googleusercontent.com/a-/ALV-UjWZuhm7U9NowTykh-9rgwpEigpuCcPhCVsM6HeXBI3KF1fWJNA,bagus aplikasi di update,5,0,2.1.10,2026-03-31 04:06:43,,,2.1.10
3793eedb-8443-4736-b804-6ca0922e7795,indra permana,https://play-lh.googleusercontent.com/a-/ALV-UjUXEY3wAOI91q4i-Qjzn-LttyRs0a7J1TOwLl2HLz2gdSimAiV8,bukannya bikin mudah malah bikin bikin ribet,2,0,2.1.10,2026-03-31 04:00:31,,,2.1.10
9b4ed789-1128-4699-b2ff-f94aa092302c,asep kobong,https://play-lh.googleusercontent.com/a/ACg8ocIoWDBF6b_do3HZ8j7ioqvQseYb5ZM5UEwTrFAbtiCizVuzzQ=mo,"apk bobrok ,udah bayar ga di proses,kurangi korupsi kalian buat bayar progamer yang bagus",2,0,2.1.10,2026-03-31 03:57:39,,,2.1.10
51fa36dd-0054-4159-a022-12a2acd8685e,Beri Okta,https://play-lh.googleusercontent.com/a/ACg8ocLosejuwdG6_m-3513p8e930YXgJpP8sxV0pluy-Z4DhMwrFQ=mo,SANGAT BAIK,5,0,2.1.10,2026-03-31 03:54:09,,,2.1.10
aef59aee-df13-4c75-ad15-d8f81ae61389,kentozz SKM,https://play-lh.googleusercontent.com/a-/ALV-UjVVEhf0nH3H5T2kIZEqL03XCBavtMzVxqWF5dMjTFyr0Qz7httd,SANGAT BAIK,5,0,2.1.10,2026-03-31 03:49:15,,,2.1.10
d7c8826a-c4b5-4d5d-8e30-62ea6d1e4634,Hengky Dadi Sairseta,https://play-lh.googleusercontent.com/a-/ALV-UjWTaNJBWed6a-a_kymfY3i2Bi6ItZyNdCLMsP1aibBJE__5lz685A,Tidak bisa mengoreksi data,1,0,2.1.10,2026-03-31 03:44:25,,,2.1.10
160eeb9d-ea47-4eba-acfa-09957abbc54b,Morich Kristoper,https://play-lh.googleusercontent.com/a-/ALV-UjUayACd33GP2_EYXSyocQX7aUTHTLOvARf7C2rE5qvSZgsjck1h,"aplikasi gk jelas, otp kirim berulang2 gk ada 1 pun yg masuk",1,0,2.1.10,2026-03-31 03:38:23,,,2.1.10
2837727d-ff23-4e7f-977d-afc85f59d937,Fahmi Al Ghazalii,https://play-lh.googleusercontent.com/a-/ALV-UjU_de39Jrty_b-yKPfv1SEVxc8ZCnDF0oa1I0V09lG4QvTeugA,mudah,5,0,2.1.10,2026-03-31 03:33:09,,,2.1.10
30e29660-d3dd-4d16-a0d4-02cd57d8fba8,Ririn Anggraini,https://play-lh.googleusercontent.com/a-/ALV-UjVT7kRSgQFOeI3bgk8jxqm5lT9aGvEbyZJjJ5zBEIpKcie34GRh,apk nya ribet saat melakukan pembayaran perpanjang SIM sangat sulit sudah 1 minggu mau melakukan pembayaran gagal terus. tolong di perbaikin sistem nya dong 🙏,1,0,2.1.10,2026-03-31 03:31:40,,,2.1.10
88c95501-e070-4926-986e-0a920b62ffff,andit mahasna,https://play-lh.googleusercontent.com/a/ACg8ocIw-8d5vgkiTdKZ7Xjh2Vqx3kkOzCjhI5vRRC_2rggWbVFZido=mo,gw daftar gak bisa2 otp nya gak masuk2 gmna ini,5,0,2.1.10,2026-03-31 03:30:34,,,2.1.10
edb10b7a-74e8-4d6c-bc0e-3a604e38a788,Ghalda Salsabila,https://play-lh.googleusercontent.com/a/ACg8ocLCnsMjWDL8YmDcUU4zh4IU4RkCcgsu9mcXNUm_NjLj-EfEKg=mo,gabisa scan,3,0,2.1.10,2026-03-31 03:26:57,,,2.1.10
12e1e4ee-ad29-4aa6-8214-daf42436b28f,Siti Nur hasanah,https://play-lh.googleusercontent.com/a/ACg8ocIFguwCuPyq7YgUzFpAPRu9mhHlQY3t_gDS5oWa8nvQ4CFLbg=mo,sangat mudah di gunakan,4,0,2.1.10,2026-03-31 03:22:15,,,2.1.10
0441bf3f-fca2-4df5-b4f6-35d6b42399cf,Firman Syah,https://play-lh.googleusercontent.com/a-/ALV-UjX6EkewUBItBMXbOT9PCs7JvNiO-O4sE_iHhv8C7IhlTyNJ4e4,puas sekali aplikasi lancar,5,0,2.1.10,2026-03-31 03:18:17,,,2.1.10
91104b92-c95c-41c6-a7a8-4ba784a3e93a,Andreas Togap Halomoan,https://play-lh.googleusercontent.com/a-/ALV-UjVRvx3CRNy3qM9bIiiZ4fbg5Up5_tHOwRWhw6ReTDqOn3uUWfjW,aplikasinya bgs bngt saking bgsnya dpt bintang.,1,0,2.1.10,2026-03-31 03:18:13,,,2.1.10
ab0a5d7c-f879-4061-bed6-b8b65cbf4f11,Fajar Febrianto,https://play-lh.googleusercontent.com/a-/ALV-UjVANzCnaumNpUvqwklymp70ElWaj2AGOEX_UvKINUTx8SxUd0zl,sangat baik,5,0,2.1.10,2026-03-31 03:16:30,,,2.1.10
2f6297ac-f308-4f25-9022-9e8c10ad7eaa,Pulpen Gosong,https://play-lh.googleusercontent.com/a/ACg8ocISv77ddthDS6Im724I4IdWiVraGCDtGypbIiLHjEmBPcnBtw=mo,"apk Lola banget. daftar akun aja delay 2 jam. buset dah, bisa bisanya apk negri begini. ini apknya dikerjain anak magang kah? sampe separah itu",1,0,2.1.10,2026-03-31 03:15:55,,,2.1.10
12fac2f3-7a2a-419c-9dad-faab42638b93,Aniefatul Hidayah,https://play-lh.googleusercontent.com/a/ACg8ocL6FG8tCy5zJwiQEiSGyswZ05KaIGRvxuf0KW94Kx-uFEG-jQ=mo,"opsi pembayaran jgn cuma rek bri,tidak semuanya punya rek bri,termasuk saya salah satunya",5,0,2.1.10,2026-03-31 03:15:40,,,2.1.10
f011c857-f5fc-4298-b529-21a5543c344d,Mangga Madu,https://play-lh.googleusercontent.com/a/ACg8ocJL_pH48qd2r_leVpSC-OIabGCQIxLdsssLtSzESEdjJqapaA=mo,niat gasi buat aplikasi tolol. buat skck udah tf tapi status masih pending tidak ada update nyusahin banget tolol.,1,0,2.1.10,2026-03-31 03:13:34,,,2.1.10
355a359f-b934-41ee-a727-ccd09bc10a01,Fauzia Monoarfa,https://play-lh.googleusercontent.com/a-/ALV-UjVQc6p0qJMP1B0vyPnl8WhzGEvDK3LBWLtZqItr4BnZTWP0OPAJ4g,bagus,5,0,2.1.10,2026-03-31 03:03:59,,,2.1.10
ba0c8802-5cfc-4bb1-b28b-5e5d74512e27,M Wahyu,https://play-lh.googleusercontent.com/a/ACg8ocKZuTgDAZcmF2W7zWADZbsq4MGm8TgYdbUym6TSfnGjzYXcsQ=mo,simpel,3,0,2.1.10,2026-03-31 03:02:59,,,2.1.10
1e226f6f-7b75-42bd-8bff-8dab08ed2df1,Cuku Rukuk,https://play-lh.googleusercontent.com/a/ACg8ocKP2iu1dEPtaftr9Ek9fQFJc3TwRoIHne4ouSbPMEjU0g4inQ=mo,buruk,1,0,2.1.10,2026-03-31 02:56:50,,,2.1.10
02e9f66a-096a-4b9f-a36f-82d22985031d,Bobo Boy,https://play-lh.googleusercontent.com/a/ACg8ocIJcxad0g3eYE0t4j8IfiXZgm3ehx-1vZ9Ny_4q181nDPlXfg=mo,sangat bagus,5,0,2.1.10,2026-03-31 02:52:53,,,2.1.10
73a87df0-6862-4cca-85b0-9316e21987bb,Halim Abdul Lhokseumawe,https://play-lh.googleusercontent.com/a-/ALV-UjVZ6VhkHMAcAx_rVv_2rca-fuxqD-HRudTZPlbIBKzae2DIxMA,mantap proses cepat🤲🤲,5,0,2.1.10,2026-03-31 02:52:22,,,2.1.10
12bf6918-ef64-449c-884e-eb2aa08d58a6,Nur Hadi,https://play-lh.googleusercontent.com/a/ACg8ocKEC1WwZ9SZ8rpMkAIK2Ks_oA5T_FdaQJ1cThE0xeVBM8JruQ=mo,keren,5,0,2.1.10,2026-03-31 02:46:13,,,2.1.10
e088dd0b-0615-4876-a659-a13f25f0b9c2,Gia Cloudy,https://play-lh.googleusercontent.com/a-/ALV-UjVs8L_BBjLTpMKo30fxIahWGM_UgfNu9U6VKhaEKCsGS_1gM5y5,"Yang tidak lancar pada saat pendaftaran kode OTP tidak masuk-masuk, mau daftar akhirnya pakai login google baru bisa, isi formulir lancar, pembayaran lancar langsung diproses",4,0,2.1.10,2026-03-31 02:44:34,,,2.1.10
3282b6f7-e50c-4919-b7eb-f865b46c1b57,Muh. Khusnul Marom (Kupras),https://play-lh.googleusercontent.com/a-/ALV-UjUIXjhag50fK99Dc-vqFvrF65V9pMYIH1hO7nhbc7wFdNhvuoLX,Sistem sering eror,1,0,2.1.10,2026-03-31 02:40:38,,,2.1.10
8e3cc6b0-3ca5-437a-a275-857462c7df5a,Zian Ardan,https://play-lh.googleusercontent.com/a-/ALV-UjXazbsjVn8cit_MbbjXrrxYvimQKPZFFdtrr1vXyls8AmzO7_9A,"kalo ga siap online gausa online deh, scan foto buat verifikasi aja ribetnya minta ampun harus kameranya hd dll, dikira semua orang pake iphone. giliran udah ke polres minta tolong buat bantu buatin malah disuruh wa helpdesc skck dan juga ga gaada balesan samsek",1,0,2.1.10,2026-03-31 02:39:35,,,2.1.10
d5c29bfe-f28d-4a17-bd02-15765619e51c,Burhan Haq,https://play-lh.googleusercontent.com/a/ACg8ocI9GdVAsHVi-C409z768etNgbSoADA68Na_JyhyJpAzMKvgPQ=mo,aman lebih membantu,5,0,2.1.10,2026-03-31 02:37:29,,,2.1.10
14217047-2031-4deb-af8c-8c2228daed74,Rosyat puninar,https://play-lh.googleusercontent.com/a-/ALV-UjVllURAi9XyMZJh-NJs9egBUxGteGmN0CfuYm_LR1-8XW4V3sw,aplikasi klw blm siap diluncurkan buat masyarakat tolong jangan dilounching sementara saya kasih 1 dulu,1,0,2.1.10,2026-03-31 02:34:02,,,2.1.10
cbc46dda-9f4d-4f3c-b905-0ef9032392fa,Ilham,https://play-lh.googleusercontent.com/a/ACg8ocLf9nspS4vMjTCNgAlLJDoVUjpmyYWiED6ltDh4rJiB629okw=mo,"Saya sudah payment pembuatan skck tapi status pembayaran tidak terupdate, sudah 3 hari. sudah mencoba hubungi helpdesk tapi tidak ada balasan sama sekali",1,0,2.1.10,2026-03-31 02:31:39,,,2.1.10
17e9b148-9a39-4c73-adc7-75bd4471b3b9,R Gaming,https://play-lh.googleusercontent.com/a-/ALV-UjXLu01_mCY-9zXbmSDY0lmEE6w5t2k1cRQSpevsanyOL71YaB84,perbaiki fitur koreksi SKCK,2,0,2.1.10,2026-03-31 02:19:01,,,2.1.10
3c35a083-b545-4782-a442-6774e571f1fe,Deddz Zelvyan,https://play-lh.googleusercontent.com/a-/ALV-UjXh2yQNb_5wUXnSNlJoOfDhBj_FIIqGxI3HWPBLN2KU1hO4RrU,opsi pembayaran hanya BRI😄. fitur-fitur yang lain sudah baik.,5,0,2.1.10,2026-03-31 02:12:09,,,2.1.10
00d4e885-41ec-4480-966a-c47f26221b07,Jaga Jarak70,https://play-lh.googleusercontent.com/a/ACg8ocI5xkp1W8TzqY9IHS2Yoq2q9Vb6WZnFNzBOr7LKaenZUbMlYQ=mo,sistemnya harus diperbaiki lagi saya uda isi data diri nya uda benar pas di klik selesai malah berubah,3,0,2.1.10,2026-03-31 02:04:52,,,2.1.10
a3c397f3-a0b5-4a0a-903e-3f15118978b8,Yulianti fadil19,https://play-lh.googleusercontent.com/a/ACg8ocJaSYPwDgavxcNUg0AB9ZdeaHfTjFg2Df9jQyME0d266-WOAA=mo,bagus,5,0,2.1.10,2026-03-31 02:01:23,,,2.1.10
54be5c40-b85a-46d7-b782-57c986f57ff5,Hendri Prastya Wibawa,https://play-lh.googleusercontent.com/a/ACg8ocL9OrysnJqSKFHa7SqbgHpyULvBMKnBqlDR-qAVXc6qqCpOaw=mo,ini ga bisa kirim otp gimana cara nya ya,3,0,2.1.10,2026-03-31 01:54:49,,,2.1.10
ae3cf303-7322-493b-8722-dcb14e3ddf4a,Muhammad Dyan,https://play-lh.googleusercontent.com/a-/ALV-UjX9xacc8zy_EA_LeKOEcvutivN18BtM792rtUgp2H4HW9V8KkE,"mohon bantuannya min saya udah bayar buat perpanjang skck tapi malah expired, sudah dm ig polri tapi belum di bales sedangkan dm ig super app polri harus mengikuti dulu, mohon bantuannya🙏",3,0,2.1.10,2026-03-31 01:53:45,,,2.1.10
906b25a3-396e-406e-8443-55f875e6371c,Maung Lugay,https://play-lh.googleusercontent.com/a/ACg8ocKkUny39GrkS-TyeN3-DvxmQI4iYS17HTrwMHgs1oHy6e0jJQ=mo,tolong ya ini aplikasi kenapa? sudah saya bayar tapi di app malah expired gimana ini? kalo gini terus ga bisa bikin skck saya. malah mempersulit bangett,1,0,2.1.10,2026-03-31 01:46:19,,,2.1.10
54476997-c19e-4496-adea-b68a62c121dd,Reza Pasaribu,https://play-lh.googleusercontent.com/a-/ALV-UjXyeaDdWdSRFQpRYXikPIbRmndZ27I7wEMH6ROrYM8Ldv2vdHx7,"Aplikasi gak jelas. udh bayar tapi gk terdata, udh chat helpdesk pun gak prnah di balas. najis",1,0,2.1.10,2026-03-31 01:44:25,,,2.1.10
49d23936-c0c0-4490-bb6a-fb14dc9a7519,Abdus Shabir Salman Bahy,https://play-lh.googleusercontent.com/a/ACg8ocKm1JS-7ni5AAInxmNr9hF0aaPi5qa6HSENOB_6lBEzbK8g_Q=mo,"tidak membantu sama sekali, masa wilayah pengambilan cuma di jabodetabek saja",1,0,2.1.10,2026-03-31 01:42:38,,,2.1.10
bd732863-5f70-4b61-9a84-6346d31c5386,nova fitrianti,https://play-lh.googleusercontent.com/a-/ALV-UjU8Tz5ppqSlpRsODEzKU1P787LbmU8aBVDLeeunq3RMKFVSXLI,digital link di permudah,1,0,2.1.10,2026-03-31 01:41:39,,,2.1.10
204b47a6-8b15-4997-8048-80da8478e06e,Herni Apriyani,https://play-lh.googleusercontent.com/a/ACg8ocLiz7-iDaLruRdCtvVjB2lYvS1J4inigIx1-5Sh01UIcdtPdg=mo,sangat baik',5,0,2.1.10,2026-03-31 01:40:12,,,2.1.10
1da0a6a8-2566-4f94-8b84-9cc0c95594a6,M. Rizqi Aenun Karin,https://play-lh.googleusercontent.com/a/ACg8ocKDBuVIujdMrOkbLoX9bGuZ9ETjKIxPvL_3eURwPHbCWKp-CTM=mo,"tolong dong diperbaiki. masa udah login pake nik, tetep suruh daftar. trus anehnya minta otp lama bgt otp nya ga dikirim""",1,0,2.1.10,2026-03-31 01:36:54,,,2.1.10
87294c0b-9b27-42d5-885b-b8df23ab630f,Zhongwen,https://play-lh.googleusercontent.com/a-/ALV-UjWJdShtjABPOCCmFcaJKkEAqHbv0DknEPlNtU2rakweal3I2M0,alpikasi aneh. bolak balik verifikasi. alpikasi ladang korupsi anggaran. polri ga pernah bener kalo kerja.,1,0,2.1.10,2026-03-31 01:35:42,,,2.1.10
c142536f-cf74-40ec-b661-117b8fa7a006,Sulistiyono,https://play-lh.googleusercontent.com/a-/ALV-UjUTbxzUK1wNhRCm83OrZCLprMPvAj3VlJwtcZIyNrDJA4bJVbBk,saya melakukan pembayaran layanan STNK pada minggu yang lalu. apakah STNK saya sudah dikirim ke alamat yang dituju. kenapa tidak ada penjelasan dari presisi dan sampai kapan saya harus menunggu STNK saya...,1,0,2.1.10,2026-03-31 01:14:46,,,2.1.10
9446c3a9-0fb1-412f-9364-c23350cbfb2c,Mirza Akmal,https://play-lh.googleusercontent.com/a-/ALV-UjWtnHXQAv_sk0V8P_Bl7LKyNdskcZFbDE1ENkJb5XWEPWgVJ_o,proses verifikasi lama,1,0,2.1.10,2026-03-31 00:55:18,,,2.1.10
37467516-e2e0-423e-9ad6-739217bd0cdd,Romi Eko p,https://play-lh.googleusercontent.com/a/ACg8ocKP0rIPkrIF_dd8hM4wGGYQVo8cMdu6Eal2z5J9hCAOh68x0g=mo,"bosok ,,Soyo ribet",1,0,2.1.10,2026-03-31 00:49:10,,,2.1.10
5ce1c3d3-2f77-44bc-b7ef-e645302d3d75,Laras Ayu,https://play-lh.googleusercontent.com/a-/ALV-UjWztDdCNG-HMlQbEHb2dpXrpIBtzXP1dS7MFBzsvIHNGr0Svd49,"biodata saya masuk mode verivikasi terus, padahal sudah 1 hari",3,0,2.1.10,2026-03-31 00:46:57,,,2.1.10
0bcec936-5bd8-44ca-b7f4-d4ab12be0e24,Putra Raffarm,https://play-lh.googleusercontent.com/a-/ALV-UjXOhEUho396EgQ0_oCGhdx2Wt9sBZcdZwFV5m9AAHUu2XxYADCt,aplikasi bug terus pak polisiiiiiiii verifikasi 4 hari masih load terussssss,1,0,2.1.10,2026-03-31 00:45:10,,,2.1.10
ca00a8f2-0109-402b-b0f8-73fc99f8920e,Lorensius Jul Aldo,https://play-lh.googleusercontent.com/a-/ALV-UjXhxr7g7BvDFkPY-S_h20nhsGEw7HgQhYYBWyz6sqzelBdS3Nil,bagus,5,0,2.1.10,2026-03-31 00:42:12,,,2.1.10
714cf5ba-f93d-4444-8242-b92dc03caa4b,Ahmad Muhajir,https://play-lh.googleusercontent.com/a/ACg8ocJdOer4bJRWKTAO_4xP9F_6AtVyEugaJQbleM4x876yUrChaQ=mo,"sudah melakukan pembayaran tapi malah expired lumayan tuh uang melayang cuma cuma mending sodakoh ke pakir miskin ,niat mau bikin skck malah kaya kena tipu 🤣🤣",1,0,2.1.10,2026-03-31 00:29:44,,,2.1.10
43adc738-1f2a-4c59-8788-adda20e8eca7,Aryyy official,https://play-lh.googleusercontent.com/a-/ALV-UjWAxX5F9AFalKl_ZcE50bqKpMVQY5icb6V3K6-SHUcB_ZzOO1k,aplikasi gak jelas banyak eror nya,1,0,2.1.10,2026-03-30 16:27:18,,,2.1.10
48dded51-87e5-4b0b-82e8-e509bc2dd41b,Micky Marshelano,https://play-lh.googleusercontent.com/a-/ALV-UjXC4ugUIT0Y1_GhP3a1h6vim5ZHiBfWS__6fgrXOzeJSFpVorzV,Kenapa ga bisa verifikasi scan wajah yak ?,5,0,2.1.10,2026-03-30 16:00:32,,,2.1.10
0953fcf3-68e7-4048-8ca1-30cf74844757,Rasma Lina,https://play-lh.googleusercontent.com/a/ACg8ocKuZML2HkutwLJ-D1YD80w3s9dZgwqWgZWTPOB28z612bTmjg=mo,cepat tanggap,5,0,2.1.10,2026-03-30 15:53:43,,,2.1.10
e5532924-b5f4-4388-9925-342452bf47b3,eric hartawan,https://play-lh.googleusercontent.com/a-/ALV-UjV5wjPFDxVSJV0P37Zsi7Bm_r-hz440eigQH_pLGZnY3_5TSg0,"wkwk kyak aplikasi E-KTP sama sama banyak bug, kode ootp Ndak kekirim, anggarane habis berapa buat ginian? situs pemerintah aj Masi gini",1,0,2.1.10,2026-03-30 15:46:37,,,2.1.10
1b1281ba-1cdf-4936-8602-d0e66dd387df,Tth Cantik,https://play-lh.googleusercontent.com/a-/ALV-UjWtTYPTBlcGKEg0B4OzqvMiE--pioNV7Dh6lijCunfjaPye1A,"pak tolong di perbaiki lagi apknya polisi tu bnr"" ga bisa di andalkan bngt ga di dunia nyata ga disini Hadeh suruh verifikasi tapi ga bisa masuk katanya email sudah terdaftar trs tiba"" eror lah tolong lah yang bnr buat apk tu pak pak cape Ama polisi ga bisa di andelin bngt",1,0,2.1.10,2026-03-30 15:18:22,,,2.1.10
3cdbd91c-29f0-4abf-a4f6-c2fc1221130d,Indra Widayanto,https://play-lh.googleusercontent.com/a/ACg8ocK2ZwnLV5NjE0o4ae7NZeUrhbCR0nZwMWKJGzuKlLOmtZr4dw=mo,bagus dan cepat layanan sudah terintegrasi...mantapp salut,5,0,2.1.10,2026-03-30 14:57:09,,,2.1.10
3e46cf62-29aa-42a1-b54b-bdc011ae5d46,Aning Surya Febriana,https://play-lh.googleusercontent.com/a-/ALV-UjXvfVkg8bFkXb6fRADbnT0jpDjwCX1xqkJahzfg5-HbIxDbBImb,"Tadi saya ke rumah pak rt minta surat pengantar, soalnya aplikasi ini gak berguna. Verifikasi yang katanya maksimal 1x24 jam tapi belum selesai juga. Terus saya dibilangin sama anak pak rt saya katanya sekarang gak bisa ngurus offline. Terus saya disuruh ke sana buat laporan kalo aplikasinya gak bisa. Terus ngapain saya kesana buat ngebetulin aplikasinya. Sama aja kaya offline kesannya, saya tetep buat surat pengantar. Semoga apkikasi yang katanya mempermudah ini tidak menyulitkan rakyat lagi",2,0,2.1.10,2026-03-30 14:51:47,,,2.1.10
fe38ad7c-16be-40b5-b372-8a72824ed2fe,Maida Rosita,https://play-lh.googleusercontent.com/a-/ALV-UjVVJtdDH6OdG3KtbObABiZLhvTK_2QZCAeGE331NVHJkUk3VU8,"saya ingin memperpanjang skck TPI knpa di app nya tidak ada ya,yg ada buat baru SKCK?",5,0,2.1.10,2026-03-30 14:02:47,,,2.1.10
2025b4fb-c2e0-4434-a0e9-477f47dc3ca5,Jayan Widiarsa,https://play-lh.googleusercontent.com/a/ACg8ocK6DyyaAM1J7zkCdyccG1VNoq2FRYphiQ2EBL9w54c-9wVOEg=mo,sangat bermanfaat,5,0,2.1.10,2026-03-30 13:55:26,,,2.1.10
d6753795-62f3-4d59-bdf2-f670d6cfa689,Firdaus Andillau,https://play-lh.googleusercontent.com/a/ACg8ocL4PTRUYkWZnjB2e2BPDV_Urc0bBivjfDvyixUTGz00orP7Hg=mo,sangat mudah membuat skck dan cepat juga aplikasi nya mudah pula di pahami nya,5,0,2.1.10,2026-03-30 13:19:06,,,2.1.10
f6d31384-bdb0-47ae-b96c-66aa83a99277,Ferdi Setiawan,https://play-lh.googleusercontent.com/a-/ALV-UjVd6n9cDbGqIiyVqJFI-QCu5D3V_2OSBOWRirijC8w79wTloTFj,bagus,5,0,2.1.10,2026-03-30 12:57:36,,,2.1.10
e07bfa47-8e9a-41a9-84d4-98d1705d3a10,Cemek crazy,https://play-lh.googleusercontent.com/a/ACg8ocID4pon_L0c-mG6kgwGZSGiFMI3S5M6tvF5YPBFD-blRzX-cg=mo,bagus,5,0,2.1.10,2026-03-30 12:55:36,,,2.1.10
108efca3-ddc3-4ea0-9fc1-75dd70c7e667,Boss Besar,https://play-lh.googleusercontent.com/a/ACg8ocKhI_Y_kpaOH2T6VfWnbqqDgHLPQFPdGb0e1jNm2yHFccuRlA=mo,bagus,5,0,2.1.10,2026-03-30 12:46:48,,,2.1.10
7c76cae7-3cd9-482a-a963-c205a2547fa5,Riyandi Erlangga,https://play-lh.googleusercontent.com/a/ACg8ocLvF6eK-PcMDQiciYhW5AKwTFb94JXc6I2jaSnKKazwZysVzQ=mo,sangat membantu,5,0,2.1.10,2026-03-30 12:31:32,,,2.1.10
1e6edfdf-2c2f-4ade-b1c5-afc40c0b059e,IBRAHIM BAIM,https://play-lh.googleusercontent.com/a-/ALV-UjWW36FU7CSlbXIHYgO0CKiUMCmrbjsj6hF3LrwSX9h9TGx32HE,"Ini gimana Ya udah masuk beranda suruh verivikasi, di suruh masukin NIK tapi malah gabisa ada tulisan ""silahkan gunakan NIK lain atau pakai akun yang sudah ada"" sedangkan pake Akun Email lain tetep gabisa padahal dlu pake email akun ini 🗿",5,0,2.1.10,2026-03-30 12:31:18,,,2.1.10
f2bca151-c971-456a-9e63-b64a2d635ae5,20-007 Isnain Fauziah,https://play-lh.googleusercontent.com/a-/ALV-UjXQvgHvC0ZAJhf3KKsh2npuQZLL6EhRSnYR3rFU9TOV9tOYAiy0,enak banget aplikasi nya sangat dinamis responsif simple dan desain nya modern enak dilihat,5,0,2.1.10,2026-03-30 12:27:21,,,2.1.10
10cf8033-0648-4d1d-b57a-1d5f29949a0d,Dede Surya,https://play-lh.googleusercontent.com/a/ACg8ocJcB6r2_FuX6UqC5CirypdoIgwjsImRHrcmmEwa_7rNoQIEXg=mo,sangat baik,5,0,2.1.10,2026-03-30 12:26:13,,,2.1.10
b8aa3aa2-04a8-482c-adad-f9e8b8f945f1,Fahmi Purnama R,https://play-lh.googleusercontent.com/a-/ALV-UjUHnfEhlwXj74AJwfnZI2-c_qCzFnMSh2AUCQQ0ddGFol163DI,sangat membantu,5,0,2.1.10,2026-03-30 12:17:15,,,2.1.10
beab1f56-ca1a-4adc-aecb-b6626b1c55d5,Yuz ajadech,https://play-lh.googleusercontent.com/a-/ALV-UjV8oeI0nAMaCY7Ltnf3U9wOHlhGauubPhfxw6HdxmvwTzhFKuY,"dari tadi daftar ga bisa bisa padahal sudah di isi semua, nunggu kode otp sampe Berjam jam ttp ga ke kirim, tlg di perbaiki ni sangat merugikan orang yg mau bikin SKCK online",1,0,2.1.10,2026-03-30 12:16:17,,,2.1.10
fc0390af-b2a4-4816-a0d0-b591e36c7eb8,zidan ahmad,https://play-lh.googleusercontent.com/a/ACg8ocImffzuKOlE8kgk3GApzmwS4XzZHOAFqCOd_FbbP0LHv4GF0rtG=mo,"bukannya mempermudah malah mempersulit. 1x24 jam masih menunggu verivikasi, alhasil belum bisa cetak SKCK. sebelum ada aplikasi ini cetak SKCK cukup di polsek . sekarang malah di persulit",1,0,2.1.10,2026-03-30 12:06:17,,,2.1.10
3a0a471e-a38e-46ca-a7b5-76d8687c9bf1,budi setiawan,https://play-lh.googleusercontent.com/a-/ALV-UjX5zfe-ZpbR33nW9S0LBtmCSzJEdvSp9UbBkIbY5N4DlSiylI4,simpel dan cepat keren,5,0,2.1.10,2026-03-30 11:55:54,,,2.1.10
f25ccd2d-3668-49fc-9e59-d4fc6de549c9,Risno Landang,https://play-lh.googleusercontent.com/a/ACg8ocIDrhUQY_BBYcLlgPDAZ1YedZErO8CrCZKsrV6m1pEPI9CXppU=mo,Aplikasinya sangat membantu dan mudah digunakan,5,0,2.1.10,2026-03-30 11:53:12,,,2.1.10
1ca3bada-fd66-4cba-a1ce-c23f69e0730b,Sinta,https://play-lh.googleusercontent.com/a/ACg8ocJaq4FdRHj_9WaGnexTRK9M3wkm_xf4YCksivk1TXseg1W-vA=mo,ok,5,0,2.1.10,2026-03-30 11:35:19,,,2.1.10
837cc122-8cbe-43c2-a96d-223592248445,Safana Bilqis,https://play-lh.googleusercontent.com/a/ACg8ocI--EHJiv-1KvDu7xpWRymPbhqJV-XeB1mJNor4WAH2zw25Rw=mo,aplikasi jelek banget prosesnya malah lama,1,0,2.1.10,2026-03-30 11:31:54,,,2.1.10
fe59e7a5-9039-4911-a0d6-68f6a2ce341e,Endang Rasiman,https://play-lh.googleusercontent.com/a-/ALV-UjU8BMz_W0dbZEn5Xsbhzr9FCZ9AOUEFl-7h52p7Vt0r24nf2u56TA,"terbantu bgt dengan adanya aplikasi ini. saya perantauan mau urus SKCK hanya lewat HP bikin jam 15:00 hari senin jam 17:50 udh jadi dan ga perlu ke Kantor polisi. sudah bisa lewat digital. terimakasih persisi polri,,",5,0,2.1.10,2026-03-30 11:26:35,,,2.1.10
77bcf110-f70c-451d-8826-55ef15e20e66,Asrinali 177,https://play-lh.googleusercontent.com/a/ACg8ocKZf_0Px2WIjeJGlH0gzhu6UWGugDCa5On4KbGdpcUskQvYmQ=mo,sangat baik,5,0,2.1.10,2026-03-30 11:23:22,,,2.1.10
77f45465-211c-4c96-830a-a7129415519a,Muhamad samli Hadi,https://play-lh.googleusercontent.com/a/ACg8ocJnUbR4mRzdYwXE5pfe0Ha1sRKvWNAu5H6qSTawKmaLzadZYw=mo,sangat bagus,1,0,2.1.10,2026-03-30 11:21:46,,,2.1.10
43e124dc-d18a-49da-98dd-ba3a71926b05,Cecep Ridwanto,https://play-lh.googleusercontent.com/a-/ALV-UjXPsYbw7cDL0cQCw5XJ1nUHMv-B1HRzo9lHt-LqweJ8y13ApeD4,lebih praktis dan cepat,5,0,2.1.10,2026-03-30 10:35:30,,,2.1.10
9c9ca4ae-0b95-4297-b13f-0638c9453878,Udin Saepudin Saepudin,https://play-lh.googleusercontent.com/a/ACg8ocIzMZYJ9Zq9Pa1IqtIFLqHBz6Y02pKMP6I8b-lWBxSUNQTGgA=mo,"apasih di tolak trs verivikasi nya, scan wajah gak bisa"" bikin langsung ke polsek malah d tolak suruh pulang lagi mau bikin skck, ribet amat perasaan, ini mh bukan memper mudah tapi mempersulit, udah mh cari kerja susah bikin skck susah juga..😒",1,0,2.1.10,2026-03-30 10:04:23,,,2.1.10
1c5b34e8-29d6-4c29-8101-00f13c6caa7b,lattifah ningrum,https://play-lh.googleusercontent.com/a-/ALV-UjUMtsGDFse1us3adGo28X8FvT9qwDhn0TdlUt1pceC9J94GcXM,"gak bisa di verifikasi, selalu di tolak, padahal ktp bener 🥲",5,0,2.1.10,2026-03-30 09:40:33,,,2.1.10
0efc99e6-c148-47eb-b485-6c529966c6bc,Sery Kus,https://play-lh.googleusercontent.com/a/ACg8ocJkrd06zX5I8tQ9HA3Upq9r3934BKVCEVDdrdNk6vRkxBmQTQ=mo,"eror terus, tujuan nya mempermudah tapi kenyataannya memepersulit",1,0,2.1.10,2026-03-30 09:09:33,,,2.1.10
2b73da0f-e751-48c9-a18a-20aefbccb3ba,Bro hunter,https://play-lh.googleusercontent.com/a-/ALV-UjUqQ9v263VWxvc9LE3szJcOv0HcnTcSVzJ1XNoiTB5c0ERtYSIy,"sangat bagus dan bermanfaat serta memudahkan dalam pembuatan SKCK,SIM,dll. polri untuk masyarakat",5,0,2.1.10,2026-03-30 09:02:32,,,2.1.10
550f93f0-e3fd-44a1-9e54-20f5bfdd2e8c,Setya Anang romadhon,https://play-lh.googleusercontent.com/a/ACg8ocJwtZVjGto2rQLxmRMbhqVQ-joaclxy3j5l6zzWiN-zMYtAVg=mo,sangat baik,5,0,2.1.10,2026-03-30 08:36:47,,,2.1.10
8dad38b3-c49a-4cdf-8c0c-3782af4a671a,Prastyo,https://play-lh.googleusercontent.com/a-/ALV-UjWZRUcSzLPZorZiRnYBGasPYf5RmnFejjLF6V0HsGlnNNzFNjBO,"app apa ini gak jelas,, udah bayar tp bilangnya expired trs bayar lagi dalam proses trs,. udah wa katanya WA only tp gak ada balasan di tungguan. yang bner lahhh",2,0,2.1.10,2026-03-30 08:22:46,,,2.1.10
dcd65222-c7ed-4e80-8ade-9f818fe16967,Rizky Nugraha,https://play-lh.googleusercontent.com/a/ACg8ocJ95zAyMzKmmznMVMe8ZkoYg06Pkc9AIUfT5LoYctkpWm4l0A=mo,"Tolong perbaiki lagi untuk pengambilan skck itu tidak harus di polres kalo ngambil nya di polres semua antrian numpuk penuh Terus fungsi nya Polsek itu apa harusnya di Polsek juga bisa tapi di sistem belum tersedia Perbaiki kecuali kerja nya mau di luar negeri ya harus di polres, sungguh buruk sistemnya",1,0,2.1.10,2026-03-30 08:09:43,,,2.1.10
217de7bb-931f-4f25-9844-ddaf71038173,Muhammad ihsan Official,https://play-lh.googleusercontent.com/a-/ALV-UjUQfSbwCCDQFLYlgtOENZ9E-Z8Mp3kjOJpr51ejaDh15G-RsSnH,"saya sudah punya akun di tahun 2025 sudah bikin lalu saya ini mau menggunakan lagi karna mau bikin skck baru, tapi kenapa kok setelah disuruh verifikasi tidak ter Acc status nya? dan ini terjadi bukan di saya aja , tolong di kondisikan apabila tidak bisa online jadikan offline",1,0,2.1.10,2026-03-30 07:39:43,,,2.1.10
dca0bf35-1401-490b-8ebe-f4bd001f0479,Rus Tam,https://play-lh.googleusercontent.com/a-/ALV-UjXpwZ34G8HcxxwWZH4L32Yjwz9PxCpU1zphxv63myRMqX-fcSyc5g,bagus pelayanan nya dan cepat 👍,5,0,2.1.10,2026-03-30 07:35:57,,,2.1.10
46d35ee4-79b2-4286-a980-e78248e3ed62,Tommy Setiadi,https://play-lh.googleusercontent.com/a/ACg8ocLcziaz-yWMdTnSNI1-CXw7FrBsdshGGpA3wwnynq3l6i844Q=mo,nyusahin orang,1,0,2.1.10,2026-03-30 07:33:19,,,2.1.10
3ed02806-e3fe-4510-861b-5a239e0f2a53,Nuke Maharani,https://play-lh.googleusercontent.com/a-/ALV-UjVTEatgKyQIMdYxsyCnfTB0rxAW4WaWLJDryE7LhOLauf0JCEw,mau verifikasi wajah susah banget udah 2hr ini coba tetap ga bisa,2,0,2.1.10,2026-03-30 07:32:10,,,2.1.10
46c526e3-1386-4dbb-ab97-143ff433c691,Rejal 07,https://play-lh.googleusercontent.com/a-/ALV-UjXaclP5PSDPb0MvW0PyAmb3Nvpys0vNFKr0nL6m1wdwe0iVPf34,rued tenan,1,0,2.1.10,2026-03-30 07:31:53,,,2.1.10
90db2467-bcd7-4bfd-b92b-2e7a59cccbc9,Febby Irlandi,https://play-lh.googleusercontent.com/a/ACg8ocIcwTKcWUZNv2-J5iNzxiVGWKKhEv9xrb2ep8iMbw0jj83oXA=mo,sangat membantu tidak perlu antri di kantor,5,0,2.1.10,2026-03-30 07:23:45,,,2.1.10
d26a36cf-f9cb-47da-a979-3a6bed4887bd,Gilberd Bingku,https://play-lh.googleusercontent.com/a-/ALV-UjW3jgepoStAMqxWo0WCvRhF6sTfpwFJqa7f1pLXB1-ajzPspH_K,Lulusan2 SMA disuruh bikin aplikasi ya gini. Cacat🤣,1,0,2.1.10,2026-03-30 07:19:22,,,2.1.10
f2250e6a-ddd9-41cc-9d9d-02c68cf5b6df,Nimrod Sipahutar,https://play-lh.googleusercontent.com/a/ACg8ocLbTmNnHvnMtt3qeSfXVHYnyrluk8iUs7HgmaRDK6i_t1tSGw=mo,"saya susah untuk masuknya admin, tolong dibantu dan dimudahkan dong aplikasinya saat di buka",5,0,2.1.10,2026-03-30 07:10:34,,,2.1.10
313108bc-18d8-4035-8587-d24e2283fb9d,Laura Listia,https://play-lh.googleusercontent.com/a/ACg8ocI1GcD8uBXixokWxd7PV2eItlM9s0MuRhwS49hr5_Id9Pn6LQ=mo,baik,5,0,2.1.10,2026-03-30 07:06:12,,,2.1.10
98e93007-059f-4095-b7b8-0f18becc3fd2,Atika Sari,https://play-lh.googleusercontent.com/a-/ALV-UjWIyyzoqE6oj22-hFiNiPUwcWtiLXZNl11XR4ZN2HsDikaC3Mc,foto wajah ngga masuk² verifikasi lama banget²,1,0,2.1.10,2026-03-30 06:55:28,,,2.1.10
eada2d35-0a3f-4c7d-8a05-4292b28f05a5,Antoni Bae,https://play-lh.googleusercontent.com/a-/ALV-UjUwoIyxucivkbJJ8gQQuBKOWlHA_Y5aRmJthE9Tts8MPxJoziQ,bagus,5,0,2.1.10,2026-03-30 06:50:08,,,2.1.10
31d2f920-d52c-4240-a45f-10ffb217758b,Hafidz Muslim,https://play-lh.googleusercontent.com/a-/ALV-UjXutz4rCJmqOtvsWbvDZFM6cIkUVcGYwonNjOBK-5Br9EqxqFib,ok mantap,5,0,2.1.10,2026-03-30 06:45:14,,,2.1.10
3a60213c-5832-4154-9c32-0db91280f138,M BUDI ARDIANSYA,https://play-lh.googleusercontent.com/a/ACg8ocJcPu-bWhYZcNYYrv5dynLXanImfGlW4uFIzU8qwhqLyRfrSqE=mo,aplikasi sangat-sangat buruk kode OTP saat pendaftaran g pernah diterima,1,0,2.1.10,2026-03-30 06:21:58,,,2.1.10
de0a8f25-fa0c-449e-8a64-6213f827b996,Tomi Tommi,https://play-lh.googleusercontent.com/a/ACg8ocKiS_vtPmU01yHOi92lQ3Lk0zRHNunS8azUvprw7HR8H36sdQ=mo,sangat 👍,5,0,2.1.10,2026-03-30 06:11:53,,,2.1.10
c48f70e1-bc94-495b-a0a6-87202e7f93be,AZI FAUZI,https://play-lh.googleusercontent.com/a-/ALV-UjUt8sSBhV_1cQiOdZJKk1D8-WnKvOJo3EanbNnjOeNPh0mUTHVk,mantap,4,0,2.1.10,2026-03-30 06:10:08,,,2.1.10
665fffd0-69c9-4171-9532-acff75921c7a,Punya Saya,https://play-lh.googleusercontent.com/a-/ALV-UjXEc_htZkOl5HpB8E8_6ozY-QjOPHIkPFY-FfNDFb0rFcTTloE,"jujur kecewa karena pas saya bikin SKCK , ternyata ada kesalahan yang tidak saya lakukan, mengisi formulir sudah benar tetapi waktu SKCK nya jadi ternyata ada yg salah",1,0,2.1.10,2026-03-30 06:08:37,,,2.1.10
0394f433-20e0-48cf-8103-c207a841305e,Irno Velany,https://play-lh.googleusercontent.com/a/ACg8ocLPxuAYxF62CUaZ5PvjZ4n6ej-PYLgUgtj5Tj1lulw8tWcwDw=mo,aplikasi error urus SKCK aja ribet amat lama nunggu kirim kode otp nya aja lama pengurus SKCK di alihkan ke ini itu pokok nya sibet mending urus SKCK dikembalikan kayak dlu ngak ribet admin nya respon lama bisa berhari-hari pokoknya aplikasi ngak recommended,1,0,2.1.10,2026-03-30 06:05:18,,,2.1.10
bc78f3f9-75a5-4d3c-ba89-995f03e765fc,Ahmad nurcholis Nurcholis,https://play-lh.googleusercontent.com/a/ACg8ocLQPFPU8gdcB08lyqlgkB6HLKNrbQP2C7pRc3WT_02QgR13Pg=mo,sangat bagus,5,0,2.1.10,2026-03-30 05:58:01,,,2.1.10
d51d7e55-3ae3-4c46-bfce-f3a8b7220f2b,Rihan Dhika,https://play-lh.googleusercontent.com/a-/ALV-UjXi5OE_LIui1Im-sn5qR3Dz1f4JbCRYgnTm3Zf0p7zcegQHpgVA,"ulasan nya pada bagus bintang nya cuman komentar nya masalah aplikasi, ayolah aplikasi ini buat mempermudah bukan mempersulit tolong di perhatikan aplikasi nya ini tiap"" aplikasi kepemerintahan malah kacau",1,0,2.1.10,2026-03-30 05:54:02,,,2.1.10
b09e61f9-7879-4796-9364-953c9c6bff31,Rangga Saputra Hidayat RSH,https://play-lh.googleusercontent.com/a/ACg8ocKP3GjW08Pq7l-pKFmRljo4a_HnwcbSibnTS_P269N1ciOY1Q=mo,user friendly,5,0,2.1.10,2026-03-30 05:50:31,,,2.1.10
bdbf1a01-8a3e-4d39-a7c7-9a2cc3af418b,I Putu Rama Setiawan,https://play-lh.googleusercontent.com/a/ACg8ocK28EaoDSF4YBV5V2qlVGwravhjdREl-36vlI2cVs3Blb0k0LY=mo,proses verifikasi wajah sangat rumit,1,0,2.1.10,2026-03-30 05:49:53,,,2.1.10
221cf9ac-0b8a-4028-973d-42715df0b05b,Mario mahendra.s Mahendra,https://play-lh.googleusercontent.com/a/ACg8ocJcjSxOOB7arSe8r4B7UEroIQpR9i7D0fUiy9ruOE9Hl6xzjg=mo,bagus,5,0,2.1.10,2026-03-30 05:45:15,,,2.1.10
a7f846a6-aba9-4348-87f5-15f7e70bbb80,Maelatul Muarifah,https://play-lh.googleusercontent.com/a/ACg8ocLD-kRdo38laaaD6h2N3glzuy2RtI06rNrW4-yp-eVAAxMmHw=mo,"pembayaran sudah berhasil tapi status masih menunggu saja sampe 2hari, lapor layanan juga tidak ada respon gada jawaban tidak ada solusi aplikasi sampah.",1,0,2.1.10,2026-03-30 05:40:36,,,2.1.10
ef00c369-aba7-4a75-81b3-b5f364584a44,BAIM GAMING PROS BENZ,https://play-lh.googleusercontent.com/a-/ALV-UjVwOWmX46n_2uA9Mmd3TBoDUm-SxPZznoRurs5dgssPec_swA-b,mantaaaaap komandan,5,0,2.1.10,2026-03-30 05:39:50,,,2.1.10
0e9e5e2f-d965-4a1c-81d6-21b4ecf5a200,RioJing,https://play-lh.googleusercontent.com/a-/ALV-UjWmdneFUxVWm9CNMPiO1tlcRCyfcY_bdYVIkb4XrFCrm0PRhkw,"apknya buruk, saat ingin memperbaiki data di bagian koreksi saat membuat skck selalu mengalami gangguan dalam layanan external Dan saat ingin melapor di layanan pusat responnya sangat lambat, sangat tidak professional",1,1,2.1.10,2026-03-30 05:38:57,,,2.1.10
8d36d0c0-126b-4197-8a6c-6ad0d4b60a2f,Luth Arthur,https://play-lh.googleusercontent.com/a-/ALV-UjUW7E8IBrggTtxzHnkfNa4IrYqTjoBRb-srf0hU5_Jldq4sogjT,ok,5,0,2.1.10,2026-03-30 05:33:08,,,2.1.10
3cfde46b-c346-433e-8abe-5d4be1b95d8f,Joni Anwar,https://play-lh.googleusercontent.com/a-/ALV-UjXDNQTTW1DlUvFFNQtdvPSapDMEsf8PgFRB3LiKgCcLjiUsZerdPQ,Tolong server nya di cek lg sy mau upload foto untuk skck tidak bisa trs,5,0,2.1.10,2026-03-30 05:32:32,,,2.1.10
484fb339-3306-4d9f-923e-7d0ef0c5a02b,Nenden Hanifah,https://play-lh.googleusercontent.com/a-/ALV-UjWuCJb6t5PCqwg7E07wAj1X5o6z1cdVi-LLv60rrlxVsuVcipU9,mantap respon cepat,5,0,2.1.10,2026-03-30 05:30:32,,,2.1.10
d6839b23-b78d-4f12-86ea-e61ef49652ff,Arbi Jaganglor,https://play-lh.googleusercontent.com/a/ACg8ocKNwgpr96O6Jfk2oGSX7_Bd8V-rHsTlAJyX39AeMPBTJl_p-Q=mo,pelayanan sangat baik,5,0,2.1.10,2026-03-30 05:26:21,,,2.1.10
7cede607-a382-4cb3-a4f8-abca490c9726,Kirata_888,https://play-lh.googleusercontent.com/a-/ALV-UjWIQ5k6u2br_vk7gA6QLA2arUHYRI9C2ebGenL-vzXzQIiYC21A7g,ok,5,0,2.1.10,2026-03-30 05:21:54,,,2.1.10
52cdde07-6e02-49ec-9341-87af45b55e36,Rama Aiueo,https://play-lh.googleusercontent.com/a-/ALV-UjUB2ike8JIIgaB2GTzIZaNnJuilZ-SzM-8S_tit3nSsi7DT8axVtg,kok mau bikin skck gak bisa di ketik manual nama kota nya gak ada mohon di perbaiki polri karan APK ini sangat membantu masyarakat . dan tentu nya medekatkan hubungan atara polisi dan masyarakat. agar tidak ada fikiran negatif lagi 🙏🙏,1,0,2.1.10,2026-03-30 05:16:31,,,2.1.10
3cccd3ba-e9d4-417f-9b7c-b491d6cc1133,ade irvan,https://play-lh.googleusercontent.com/a-/ALV-UjW4a0_KbZfgUyzzdcv4XJZryFOhAggyQKZNCxe_covOZBRlOMESkA,parah mau dftar aja susah dapat otpnya mohon lebih ditingkatkan lagi kualitas apknya,1,0,2.1.10,2026-03-30 05:14:57,,,2.1.10
36fdbe20-e7db-4233-91c8-67d2e1a663a7,Firman heri Kusaeri,https://play-lh.googleusercontent.com/a-/ALV-UjWv5e0uPcGkFHd_JSCVVtmh4G5HB5OJvXMDuRkDz5c_ESWngPI,sangat membantu,5,0,2.1.10,2026-03-30 05:04:44,,,2.1.10
0a5d1d5d-3edd-4d17-b1ed-9d276f567b6f,Yana Herdiana,https://play-lh.googleusercontent.com/a-/ALV-UjVOhzKc2FeuWjfIBl7quXwRAAbN0L0n6GYvpzweZhh9l-zcH1od,"KALO ADA MINES 5, MENYUSAHKAN! MEMPERSULIT! DAFTAR DOANG ACC LAMA! BELUM PROSES YANG LAINNYA, HARUS NGAMBIL KE POLRES LUMAYAN JAUH DLU OFFLINE SEJAM JADI DI POLSEK TERDEKAT!",1,0,2.1.10,2026-03-30 05:04:09,,,2.1.10
191ce51b-792a-40ed-8969-f281f9916240,Paris Sinaga,https://play-lh.googleusercontent.com/a-/ALV-UjXqOMWR24JguZgfV0M-cOtBKdDSmEF3fHpUIbEjJumURgHY9LnN,awalnya payah mendaftar tapi semoga kedepannya lebih baik,5,0,2.1.10,2026-03-30 05:00:10,,,2.1.10
c25e1af3-d429-45af-bd3b-403c7676e150,Saipul Haliyas J.,https://play-lh.googleusercontent.com/a-/ALV-UjU6Nh1Fu45J6PNFvFwL4q3BMhb75Vwt2N9U8lparTDfYoeapdun,"kode verifikasi dari email GK masuk masuk, padahal kuota dan jaringan lancar",1,0,2.1.10,2026-03-30 04:58:47,,,2.1.10
c9df318c-0de0-44ee-8818-2ad2e30ba85e,said muhammad,https://play-lh.googleusercontent.com/a/ACg8ocJQbD_GacerRF8NU5e9h8Rz4i3VQPAL2c7MLZcDJY4aoYw20A=mo,"baru daftar akun, verifikasi nik tidak bisa dengan keterangan nik telah di gunakan. konsultasi di pusat bantuan. memulai percakapan, dari aplikasi belum memberikan jawaban, Tiba-tiba tiket laporan ditutup. disuruh bikin percakapan ulang lagi. tolong aplikasi nya di perbaiki dulu. bagaimana masyarakat ingin mengurus perijinan. bukan nya mempermudah malah mempersulit jadi nya. lebih baik dikembalikan seperti dulu pengurusan offline. aplikasi hanya membuang anggaran saja",1,0,2.1.10,2026-03-30 04:55:12,,,2.1.10
ebd95c49-7108-47e9-a5f5-25beaf0fa8e1,Rian Nofriana,https://play-lh.googleusercontent.com/a/ACg8ocIKGriK35pp3hoL7x-CPJQON8Y8-AAXualnwPMkYGSv6rLFPA=mo,tidak bisa menerima kode otp ribet skrng mah lah mending kaya dulu lngsng dtng ketmptnya,1,0,2.1.10,2026-03-30 04:54:25,,,2.1.10
2c5e50c4-e65b-4c63-ab6e-ed4d1d36b7bd,Faisal Haerudin,https://play-lh.googleusercontent.com/a-/ALV-UjWSVer3J0rqFczgSjGgkZavvYdILcUA7rLj-QfR1U80h8t8wqXB,"nunggu verifikasinya lama banget, sekalinya dapet notif gagal, katanya salah kewarganegaraan, hadeuhhh.",1,0,2.1.10,2026-03-30 04:50:21,,,2.1.10
ae9a1ab8-32d3-4b34-ba7b-9ef40b8990f5,zalenkawaii,https://play-lh.googleusercontent.com/a-/ALV-UjVwIXmbclS3smpfcQcICpdXFn3XzDR5m54HIg2uuxhQiIADMYCR,minimal kasih tau kalo ada perubahan sistem,1,0,2.1.10,2026-03-30 04:48:25,,,2.1.10
16d7d1c4-a435-4385-84a6-41a93c0dd294,Tegar Anjar abadi,https://play-lh.googleusercontent.com/a/ACg8ocL8NB1WoD6nauSffVSc-gBLX4HRkYcO5x7QNJATSk72Aa-NJw=mo,"Kirain buat SKCK online dan udah bayar bisa langsung ambil di Polres, tetep aja antri. klo bisa nanti dibetuk softfile",2,0,2.1.10,2026-03-30 04:47:29,,,2.1.10
c666f53f-5915-4bd8-8d12-3ff116e42648,Khafid Fudin,https://play-lh.googleusercontent.com/a/ACg8ocIflC4h0lPu8okrELeHA-DTnpZHMkBUnH4iTP-RhKTAthO3EA=mo,"aplikasi lemot poll, kurang efektif",1,0,2.1.10,2026-03-30 04:46:16,,,2.1.10
cf2119bf-f649-4fa4-898e-f933412be8ee,Retno Trisatyo,https://play-lh.googleusercontent.com/a/ACg8ocJ9zC9TdqUMcPv8yrMiXetpYPIvcRxnJGwUYXpJ30Q8AgKDYA=mo,memuaskan,5,0,2.1.10,2026-03-30 04:44:22,,,2.1.10
c3498518-d458-43eb-90b3-5e76ef600fcb,Grofi Lishi Daeli,https://play-lh.googleusercontent.com/a/ACg8ocISEbK_kwktA6UL21MWFZS-eUg7jHk5RVPQX_BxR1t29WMUaw=mo,ini jelek amat aplikasi,1,0,2.1.10,2026-03-30 04:43:22,,,2.1.10
fb632640-89ca-4536-b0f6-98012c1c2bf5,Qomarudin Azhari,https://play-lh.googleusercontent.com/a-/ALV-UjWDvSs_rGMnVTUJqZRjGzHMQw8kgT4qumz7Dt7MTaNy5reK31A,aplikasi yang memudahkan,5,0,2.1.10,2026-03-30 04:42:25,,,2.1.10
2835b07b-87d0-4de6-a5c7-ddbe965a77ba,sahrul romadhon,https://play-lh.googleusercontent.com/a/ACg8ocK_JvvTQdiZMGlDZAh09CHButwASIahdnizT7DZ0XdI_NGAZA=mo,aplikasi banyak bugg tolong di perbaiki,1,0,2.1.10,2026-03-30 04:29:43,,,2.1.10
f0ee390d-ddc2-4696-8215-4c4ff5f59ec2,Agil Kurniawan,https://play-lh.googleusercontent.com/a/ACg8ocKwQ9KPc5CAuJ3IjFmYl871Gt8m2dNDGVcatdN-hYZrb_hchw=mo,"bikin SKCK status pembayaran ga berubah padahal saldo udah kepotong, seandainya ada 10 orang yg gagal jadi kaya tuh",1,0,2.1.10,2026-03-30 04:26:15,,,2.1.10
67cb3289-c612-4b07-a6c0-7fb7aa612f86,Rano Rawinona,https://play-lh.googleusercontent.com/a/ACg8ocILxhecX8CilSl8jJJ_pGiICXNgOX52nKlUWClegEwnstTvVw=mo,terus terang terimakasih,5,0,2.1.10,2026-03-30 04:25:20,,,2.1.10
0923cf98-65e9-4d53-973f-a8ba8a40f409,Azi SuryaDinata,https://play-lh.googleusercontent.com/a/ACg8ocIt4GPaBrHpzS1FCvxH5qLE5Rk--CM7gSEn_j_1W5rKOAECzw=mo,aplikasi nya di korup,1,0,2.1.10,2026-03-30 04:12:39,,,2.1.10
b3e62677-4f29-4702-9431-aaca0f396261,regy fitraa,https://play-lh.googleusercontent.com/a/ACg8ocJoAWRPoXFBAKsg0e31fT0iw_kqGaztyZB3NWPZ4ENU8tzdKcUW=mo,sangat cepat,4,0,2.1.10,2026-03-30 04:10:44,,,2.1.10
95add41e-7888-4853-a2f1-6542d9a84222,Angga 1101,https://play-lh.googleusercontent.com/a/ACg8ocJSOtWEbna1FOlb4G65RuB3O1TjlMhR-eYC6wm_PAhhhX8WzA=mo,gak bisa verifikasi data selalu gagal,2,0,2.1.10,2026-03-30 04:09:24,,,2.1.10
15d29c7e-3abe-4043-9f05-2110c6a9d86c,Kartika Cakra,https://play-lh.googleusercontent.com/a/ACg8ocIP7lhVA3CuNdwVbJHHm93s5cMuSLRwDfN1Z8K4_x1qdpxPFg=mo,oke bos,5,0,2.1.10,2026-03-30 04:03:27,,,2.1.10
6e1303a2-8574-4ccc-8f8b-1f685e62b789,Sultan Yadhi,https://play-lh.googleusercontent.com/a-/ALV-UjXmlomjotNcJv7nWBpmmxNBqHMMuWAvX1ZWnbE_oDSvJrMsFy0,simpel cepat tepat,5,0,2.1.10,2026-03-30 04:01:39,,,2.1.10
d757b4fe-33e3-45dc-8c4a-6b8ada65d08c,Aris Munandar,https://play-lh.googleusercontent.com/a/ACg8ocJkIdQChvV_Iget1YYFCd7cI4WsayTKmd-oA8mDL4vLXwfPHA=mo,aplikasi rusak gk dibenerin!!!,1,0,2.1.10,2026-03-30 03:56:13,,,2.1.10
fe623aa5-b7a6-4de0-ae12-389aa99a16ce,andy zulputra,https://play-lh.googleusercontent.com/a-/ALV-UjVQdj9fayTspsLaLuDJeWqWRVLggrXhFTeBsAD0hJeDuSzlf1k,sangat baik,5,0,2.1.10,2026-03-30 03:50:27,,,2.1.10
f649ac24-640d-4597-ac0b-e113468484ff,brian jayadi,https://play-lh.googleusercontent.com/a/ACg8ocLkCG67rspKRlF-oWRyJA9CeLCXNLx_nFbSJAj_Nr1iWj2vdQ=mo,"lemot,,,otp aja susah kluarnya",1,0,2.1.10,2026-03-30 03:46:18,,,2.1.10
c2b1da1e-15e6-4170-add3-41b621d616cb,Cindy ButarButar,https://play-lh.googleusercontent.com/a/ACg8ocID7HcdlxfNSi-VUgYamlsgroYQqoRKYQd97IeQxeQGuDfC5A=mo,"mantap, sangat simple dan cepat. terimakasih banyak",5,0,2.1.10,2026-03-30 03:38:01,,,2.1.10
3859ffe8-c6f5-4c59-a8f6-4107d66e55ba,RIZKI AL,https://play-lh.googleusercontent.com/a-/ALV-UjWWrYpWSGB9AWFylflRb7-PrKL5IN9xHokh3FvPZs72ldjRwl0iyA,mohon kepada pusat developer app nya untuk di perbaiki pada permasalahan jaringan yang lemot & pengiriman Gmail yang tidak terkirim kirim meskipun telah melakukan beberapa kali percobaan namun hasil nya nihil. Mohon perbaikan pada sistem yang mungkin perlu di perbaiki. Terimakasih🙏🏽,1,1,2.1.10,2026-03-30 03:35:24,,,2.1.10
1d86f3b8-2954-449b-baf8-b0c7eb9b9110,Dam Mino,https://play-lh.googleusercontent.com/a-/ALV-UjVM-W25Jn_RWKnTDqj3OmNJ5CKrcVvQg5KFUkqQpQVJtvoOOKke,"aplikasi busuk kebanyakan di korupsi dananya sudah berkali kali otp gak ada yang masuk,aplikasi ini malah mempersulit masyarakat",1,0,2.1.10,2026-03-30 03:35:01,,,2.1.10
6e8bf4db-d3cc-45f0-9bb2-0aa8f38f4b99,Alvin Saputra,https://play-lh.googleusercontent.com/a/ACg8ocL4bnzZmggkn75MQqXx2uFXD8-NCtT_g3zx6k073u3hmGZnBQ=mo,terimakasih,4,0,2.1.10,2026-03-30 03:31:29,,,2.1.10
40cf5039-9593-4d3c-89b0-765ca8c77fd1,Rose Dyn,https://play-lh.googleusercontent.com/a-/ALV-UjWceGw_VWeoydhgV3NjZK8fijLy8JQvmutQly4gzdiokrCtI2xG1w,terimakasih layanan nya,5,0,2.1.10,2026-03-30 03:29:58,,,2.1.10
0fa08069-dd4f-4825-aef8-c78e6e6846a5,Ramdan rjwp,https://play-lh.googleusercontent.com/a-/ALV-UjXRi6FMiXiiCOcqNovCEkZNGwvr1EtDojToox4nK-BHDpcyAQOW,"sangat cepat , proses jari simple lebih efisiensi",4,0,2.1.10,2026-03-30 03:26:08,,,2.1.10
eadc7eed-7ba7-4588-b509-549c53bb75ae,Rifaldi Manaheside,https://play-lh.googleusercontent.com/a/ACg8ocJUDeOfWKnLoo2RKVAibCXPsAwiMOocOnrzIUiu37D1tGmttg=mo,sangat baik,5,0,2.1.10,2026-03-30 03:18:17,,,2.1.10
5c4c9017-72cd-435b-af5d-e3962f2d1798,Edi Susanto,https://play-lh.googleusercontent.com/a-/ALV-UjV3JzaFqW97M-EQLYgx_6BMfSo2w7_IvKTV3s-CQRm3bVpM4xk,mempermudah sekali layanan ini.,5,0,2.1.10,2026-03-30 03:14:50,,,2.1.10
ba0b87f6-1779-4670-a703-1d5b65ed45a3,I Komang Haris Setiawan,https://play-lh.googleusercontent.com/a-/ALV-UjWAabOfmYj7PpHdycnH5LlKUq1ATyIF9Rr49Qstv5ZFyq3G1NCV,Tujuan adanya aplikasi ini sangat bagus tapi kenapa kita perlu menyediakan berkas fisik sedangkan kita sudah mengupload semua persyaratan sesuai dokumen yang ingin kita buat. Mohon untuk dipertimbangkan kembali,3,0,2.1.10,2026-03-30 03:05:04,,,2.1.10
9d977e77-a15c-4d48-8bb6-b913933991fb,Mazz Saputra,https://play-lh.googleusercontent.com/a/ACg8ocKlNy4ns9bKL2MwVSt1xtLRnffGcccX1Jww-6M7chLbVFx_bw=mo,sangat terbaik,5,0,2.1.10,2026-03-30 02:57:58,,,2.1.10
31824dfe-44be-4771-a40c-753ea1608c32,Alvaro 1,https://play-lh.googleusercontent.com/a/ACg8ocLXfyqynjLlZwX7eK1nbdYzKAhUAXDeOihRjcobKrVYxZw9bg=mo,Cukup bagus,5,0,2.1.10,2026-03-30 02:56:36,,,2.1.10
c57e3302-232d-4725-948c-b92254e27a0d,Nurul Fadilla Diba Hasibuan,https://play-lh.googleusercontent.com/a-/ALV-UjX7Pq5ODplWqpmBUJgNaqFCQnab_VBhcn75AdNkV-EWBidAFKeP,"sudah ok, terus di update biar makin ok",5,0,2.1.10,2026-03-30 02:55:43,,,2.1.10
17a4cc4e-b91b-40fe-898b-b08b32feb560,W PS,https://play-lh.googleusercontent.com/a-/ALV-UjUVLehwC9wbv2bAAhGdAQgkVs7oJ_sxD7WN6L2OcDHBMZz1C6AV,sangat membantu dan mempermudah dgn program Aplikasi ini..terima atas kemajuan ini,5,0,2.1.10,2026-03-30 02:44:04,,,2.1.10
f7b3b1f0-10b9-4600-97ad-08f2d425580c,Yuliana Nnda,https://play-lh.googleusercontent.com/a-/ALV-UjUipX8qwHaFAu_yTxBOkTv2wfLItJBZuDzWaGjbUSHAyxMFobWZ,oke,5,0,2.1.10,2026-03-30 02:41:46,,,2.1.10
10d8a48e-586e-45e9-9899-9553f2ca25c5,buken 17,https://play-lh.googleusercontent.com/a-/ALV-UjXKG8lv7o5Fds3BBqYAfIBCErxC0KI5EtUNE4CpuG5-M7uROKI,sangat membantu dn cepat,4,0,2.1.10,2026-03-30 02:32:53,,,2.1.10
3b0fbac3-e9c0-489b-9658-e4f1fccfad60,HER,https://play-lh.googleusercontent.com/a-/ALV-UjVSurCuPvSg2e2mKWEuGwtQrMut7nAZ8iJr3T7iea5XlZdCFs7y,sangat memuaskan,5,0,2.1.10,2026-03-30 02:31:52,,,2.1.10
e6125f97-c6e5-407d-aabf-c801e62c7d22,Mupti Mz,https://play-lh.googleusercontent.com/a-/ALV-UjXd9yEaRpmWPpSLo_IPXTrub8CiCqOdRPApqjMnEji08l9TyKvo,minta OTP udah berkali kali ga masuk masuk ke email,1,0,2.1.10,2026-03-30 02:31:13,,,2.1.10
b9719ad0-bb7e-4aeb-8e5b-5d21943dd9fa,Andika Kurniawan H,https://play-lh.googleusercontent.com/a-/ALV-UjUv14sAiOr0qu3ccX-h5f_xpyiN_zD9vhFSbbStJewBCBInBkMe,"aplikasi gak jelas, mau verif data aja nunggu lama, kek pinjol aja, sedangkan butuh nya hari ini, nggak mempermudah malah mempersulit, otp aja nggak muncul2",1,1,2.1.10,2026-03-30 02:18:54,,,2.1.10
90c26925-0215-48af-9aa8-7861d9386bd3,A5IHZA,https://play-lh.googleusercontent.com/a-/ALV-UjVT0ljIKvgli_brcM6SSPxl3U-byx4Llk-yguasnX-KeRO8G0xd,Bagus,5,0,2.1.10,2026-03-30 02:08:05,,,2.1.10
2341e1c8-393c-428d-be11-7a05526411ae,Ririn Vima Diana,https://play-lh.googleusercontent.com/a/ACg8ocLQUYiQQ9NZ3eN2JmLzJx8KQIAjQAN9k6o9a4ByGZ7p6YGt8Q=mo,"Aplikasi murahan, prosesnya lama",1,0,2.1.10,2026-03-30 02:06:02,,,2.1.10
cfe95f4f-cc1b-4483-8351-7d420fb7cd69,Clief Ngala,https://play-lh.googleusercontent.com/a-/ALV-UjXxQbPOB8hh_2PvPCspdKOkYSupvEqCAsrogWCMmf9PyU-sK4j1,"aplikasi ini sudah membantu sya dlm pembuatan SKCK online, dan sudah selesai... terimakasih dan mantap ... nahh izin bertanya komandan, saya juga sudah coba pengajuan perpanjangan SIM sejak tgl 15 feb... tapi sampai hari ini, masih tertulis menunggu review... mau bertanya di aplikasi ttg progresnya tapi tidak ada fiturnya... mohon arahannya min🙏🏼🙏🏼",5,0,2.1.10,2026-03-30 01:53:33,,,2.1.10
a6927fdb-0a39-4389-a4a8-7ccc03865abd,Wahyu Arif rahman,https://play-lh.googleusercontent.com/a/ACg8ocLB5Uw-Iv-dNb1s9SgXA2_sAyrY8TL4UzQ7nbn9pcqr_3E-JdE=mo,digital link dipermudah,1,0,2.1.10,2026-03-30 01:52:10,,,2.1.10
2a93a3cd-c439-4730-92e7-0ea1b687b145,Usep firmansyah,https://play-lh.googleusercontent.com/a/ACg8ocLYsgg9u0zOUoCr_NlKHUO3hDhDckBVywekdyF_8Va52Qq6Zw=mo,belum bisa kyc verifikasi sudah 3x24jam,1,0,2.1.10,2026-03-30 01:46:45,,,2.1.10
7c744069-29ad-429e-8054-21a2714401c6,Sovia Widya putri,https://play-lh.googleusercontent.com/a/ACg8ocIJtpaGeHThLWav3bTjccMg97Sdm9-VFXpC5e9BRxUaJn20Yw=mo,smart,5,0,2.1.10,2026-03-30 01:31:51,,,2.1.10
431d748e-11a8-464e-992b-029145e805b6,Nychelle McDonald,https://play-lh.googleusercontent.com/a/ACg8ocJHRGUS01YMR5jCFrDlKMjKXG6YBM8n1oXH0Cxgh6XK4C_E-g=mo,yg digital link tolong di bantu,1,0,2.1.10,2026-03-30 01:31:18,,,2.1.10
f1f89121-5ebf-4417-af10-a61fe74dfc9a,Indra Kekey,https://play-lh.googleusercontent.com/a-/ALV-UjWDhmkK0GSIUb6XrgQ1-aK-t11SypTJFMS9qT-_MJerDJtS0M0,sangat membantu dan puas,5,0,2.1.10,2026-03-30 01:25:21,,,2.1.10
d0a190cb-71fb-4ed8-a98d-93565f25e003,Martinus Setitit,https://play-lh.googleusercontent.com/a-/ALV-UjVmuQGVweVuCBHcBbmah_-73pEX6yZbNMSrXR2J06q2_3XOHwQ,"verifikasi data KYCnya kelamaan banget, min",3,0,2.1.10,2026-03-30 01:22:51,,,2.1.10
20e53eef-9ca1-49bc-8d00-0968d63e85a1,Rusnani,https://play-lh.googleusercontent.com/a/ACg8ocJNRIWDREYt06BhoHBHS7ldcoQDxJfqqmnrYp8grq07vJfknQ=mo,udh ribet di bikin ribet udah bayar tapi masih di suru nyelesai pembayaran,2,0,2.1.10,2026-03-30 01:17:21,,,2.1.10
bae9c451-5daf-4343-ba56-39eab967bd03,Sport Black007,https://play-lh.googleusercontent.com/a-/ALV-UjVx4oI9qbR7958V-snKiVR__9bbbXiwUcJMxBUbKvxXaztGUIjO,"skck sudah bayar tapi masih menunggu pembayaran terus sampai expired,minta bantuan tidak ada respon.",2,0,2.1.10,2026-03-30 01:09:34,,,2.1.10
ee64254b-362f-425a-8114-ce722acc5608,Amah,https://play-lh.googleusercontent.com/a/ACg8ocI2jQLyuVpVgsNdOLpzybpTtkUgMpRkme2RCIGtEUXEUPVtcw=mo,"Tolong lebih pinter buat apknya,saya mau bikin SKCK banyak bugnya nih di aplikasi astagfirullah!! Banyak bug pas bagian verifikasi wajah sama KTP!!!",1,1,2.1.10,2026-03-30 01:03:23,,,2.1.10
ee580bc6-fa2e-4330-9fcf-1340d6522cf5,Rahmalia Ramadhan,https://play-lh.googleusercontent.com/a-/ALV-UjW9CEjuY7xtJ952bn3v9GAM9_nD42uPHwezJMwt1Y-ZPrPZQQU,lama bgt loading nya pdhl aku udh bayar cuman mau pastiin aja berkas nya,2,0,2.1.10,2026-03-30 00:26:18,,,2.1.10
2ad4f5a5-7681-4d0d-803e-f6b79dbbc17b,Kang Andi,https://play-lh.googleusercontent.com/a/ACg8ocLPNyOp_vpBX4nFGwSyJxF_Z1wl3kh6oORWz4cSREZOM3u0Eg=mo,bagus,5,0,2.1.10,2026-03-29 23:28:03,,,2.1.10
4e1d1794-5efc-4419-b4bf-315ebb60514c,Yayan Andriansah,https://play-lh.googleusercontent.com/a-/ALV-UjWuagXB2LZMYNkm5V9aDsZwIZ57lR1opzAyfMVgi0llcj3C-Uzk,"Pembayaran tersedia cuman lewat bri, gak bisa pake qris, gak bisa lewat bank lain, gak bisa lewat alfa, bahkan gak ada opsi bayar di tempat. Jadi mau lanjut proses juga bingung.",1,1,2.1.10,2026-03-29 23:27:34,,,2.1.10
202cfc64-48e9-4317-9329-873eda99dad3,Paijo Paijojunior,https://play-lh.googleusercontent.com/a/ACg8ocJth5EUHGGoUNFdcS7U-WJ8gzt4PeyeDYc0R2TmuSDxv6MCYw=mo,bagus,5,0,2.1.10,2026-03-29 23:23:52,,,2.1.10
b77ccd79-5572-45b5-af45-efe437362248,Hakim,https://play-lh.googleusercontent.com/a-/ALV-UjUjBlEXl_kNzGidPfFBr-uiEbC6jriWOd_4wnkSyfWEFfFX0Zp1,"udah verifikasi, nunggu lama"" eh malah ditolak, hadehhh""",1,0,2.1.10,2026-03-29 23:20:44,,,2.1.10
e4dc5e5a-0a11-4671-bc2c-53f37b87b819,Rarendra Gusta,https://play-lh.googleusercontent.com/a/ACg8ocKUzo6JtXITjJoiwL0Iix3VQEHf2ve3mUscl_icMe47i-_77Q=mo,sudah melakukan proses transaksi dari tadi malem untuk pembayaran SKCK padahal sudah berhasil melakukan transaksi tetapi pembayaran belum di verifikasi berhasil,2,0,2.1.10,2026-03-29 23:18:21,,,2.1.10
3d244307-a74e-4ee8-ab18-8523343b8b30,Yakobus Nauw,https://play-lh.googleusercontent.com/a-/ALV-UjVM9OTu78NEbShGNoCDf_Q2Y-qBN9nugvd0RYgWIr4ObZEpFLjb,baik,4,0,2.1.10,2026-03-29 23:17:17,,,2.1.10
acd80168-000c-445a-bb61-d6ea8dee0dfe,Majefatjje Jeje,https://play-lh.googleusercontent.com/a/ACg8ocK9IxHZcXuqNgf7Bt27CbaupzRBvW0fHmnzDj5w02RQVRDK=mo,mantap,5,0,2.1.10,2026-03-29 22:36:30,,,2.1.10
f116e076-2986-4c8d-a3a2-5a91bb558c0c,Ipan Lana,https://play-lh.googleusercontent.com/a/ACg8ocIt8r5pcQyDCjWMjhMjyXNhYzbg0GcQvgj1Ybk_MhisFVC7gw=mo,"aplikasi nya eror masak verifikasi yang katanya 1×24 jam maksimal,ini malah punya saya blom terverifikasi udah 2harian maksimal kan lagi dong 🙏",1,0,2.1.10,2026-03-29 21:37:31,,,2.1.10
27ba5870-2832-4ca3-b9f6-4a3657ef365c,Sylvia Christover,https://play-lh.googleusercontent.com/a-/ALV-UjWo7TIDahUUEexVwvIyoHE4az7PdNU532xcwdPjUkvSY0tYcW5-,"Aplikasi nya sangat sangat sangat buruk, gagal system 🥹",1,0,2.1.10,2026-03-29 18:22:55,,,2.1.10
0434f939-3647-42f7-ad51-8ddac8b87f77,Rhasy R Aditya,https://play-lh.googleusercontent.com/a/ACg8ocJbnh0cfQXwSHe0nniv4zyDW8pBvmEPXbVH4dL9rR6oLfoyWCs=mo,SIMPLE DAN CEPAT,5,0,2.1.10,2026-03-29 17:16:28,,,2.1.10
d6e00b3c-35b6-4267-bc76-a1410276a1ce,EGA PADIPA,https://play-lh.googleusercontent.com/a/ACg8ocKTyGzVRBpmoyn6j2abH1WjeoQ_j6SMewB14oDbj0S4Za1U3A=mo,sangat membantu 95%,5,0,2.1.10,2026-03-29 15:47:16,,,2.1.10
eaf76ed4-240e-498d-a63f-243ff9d81172,sugeng darmanto,https://play-lh.googleusercontent.com/a/ACg8ocKuX48A8A9nZ1TSwJy0oeCj6ZozR-GhfR_lgd_y1kkXzuRrtA=mo,sangat membantu,5,0,2.1.10,2026-03-29 15:43:14,,,2.1.10
daee85a7-a69d-4a25-b789-ab5fa71fa4f7,Agung Herlambang,https://play-lh.googleusercontent.com/a/ACg8ocI7GbNoQHKdpG2hFwjS-GPjQys1m4UoAaNLQ-GbW22HHrtN_Q=mo,sangat jelek,1,0,2.1.10,2026-03-29 15:01:49,,,2.1.10
980cfa27-a0d8-4fd4-aba5-aab8620510a6,Siput Rasta,https://play-lh.googleusercontent.com/a-/ALV-UjVu5qzNfChcsAg_MC_7nmjc6AvLmq_Ene0q9WknlyYUMWitik8,terimakasih ngurus SKCK jadi mudah,5,0,2.1.10,2026-03-29 14:45:29,,,2.1.10
0c15b08c-6d94-43ea-a89d-f2342bd43c01,lia papoto9,https://play-lh.googleusercontent.com/a-/ALV-UjX6wbdlof06EYytO7JmfGhNkAQmH5uwZByKH2flqYNFXvbW0IQ,sangat baik,5,0,2.1.10,2026-03-29 13:25:12,,,2.1.10
cc537a36-e3e4-4394-b9ef-5a160da1b904,Agus sutrisno,https://play-lh.googleusercontent.com/a-/ALV-UjX-68IQRsAcXBIehuoFl-5qv2SK1kjptv3NY45UPFjeDsLG-fw,baik,5,0,2.1.10,2026-03-29 13:21:18,,,2.1.10
7bc94505-9e99-4075-b7a7-e5d9097226ed,Hadi Sandi,https://play-lh.googleusercontent.com/a/ACg8ocJBF7EUkSNIr3MnyRjwraUZOODBc0Q0YTIFq9zYnzxFjH927w=mo,sangat membantu dalam proses percepatan pembuatan skck,5,0,2.1.10,2026-03-29 13:20:13,,,2.1.10
de471125-a221-4d6c-9a32-8823866c7c89,Ndai Sama,https://play-lh.googleusercontent.com/a-/ALV-UjUbMIzFyjIx9hzp7WC3AtCNI9-ZCVdsZNV5vIzcG1NFJCEQTFb9,"apk masih kurang bagus, pelayanan pengaduan tentang pembuatan SKCK dan yang lain dengan waktu yang terbatas. pembayaran pembuatan SKCK sukses tapi keterangan di apk mapah expired. jauh dari kata bagus apa lagi super. apk ini hanya menyusahkan masyarakat saja.",1,1,2.1.10,2026-03-29 13:12:01,,,2.1.10
cff01f1f-d4ea-4354-881d-86df582ca131,Sihab Lita,https://play-lh.googleusercontent.com/a-/ALV-UjUZEWOCeU4fLdTLPynsJFotSDGumeQfB9U-J8h_lapLCfteiuY,lanjutkan,4,0,2.1.10,2026-03-29 12:44:54,,,2.1.10
90c7fc4b-d525-40ab-8d06-e36bd99718a0,Fakhrurrozi 1710,https://play-lh.googleusercontent.com/a/ACg8ocI36gKdlbCXF_antTv04i-N71UQKprbb_Bb-QWFHGEerIKpFQ=mo,baik,5,0,2.1.10,2026-03-29 12:36:32,,,2.1.10
a6bdc178-0112-4aa9-b799-19ed5fa8e7c6,Indra Jr,https://play-lh.googleusercontent.com/a/ACg8ocJttwnbpDTNVlR-2ZUPmKllflv3CkDDvQuC8dKG8TUwmzOD7Q=mo,mudah dan cepat,5,0,2.1.10,2026-03-29 10:13:18,,,2.1.10
189d58f4-29a9-485e-bf9c-1c158cef5b3e,Dela Yuniari,https://play-lh.googleusercontent.com/a-/ALV-UjVUfPVrTlmehDCDdi0iKG5dgHQUGfD0fqNF76ydTlBaGtSAWboa,Keren,1,0,2.1.10,2026-03-29 09:58:13,,,2.1.10
df4c9c98-046d-4357-b49e-7cc059576f76,Dicky Zaenudin,https://play-lh.googleusercontent.com/a/ACg8ocJVrKpm70PKGDaxAp7-AHykzy4q2dQhQarGs6vhagdllmTAZg=mo,Update pembayaran lama bangett chat CS lama balesnya.gini kinerjanya,2,0,2.1.10,2026-03-29 09:30:07,,,2.1.10
582c92bb-936f-4c4f-bcf0-b0c180c225d4,rochmad al-faridzie,https://play-lh.googleusercontent.com/a/ACg8ocKViprS5ruO8johoP4N0uQZf3KNG0uIcJkcTrZ_DlfKTd1A5g=mo,"maaf,,, ni app tujuannya buat mempermudah masyarakat atw sebaliknya,, udh 5x nunggu kode OTP (120 detik/ permintaan) tp sm skli tidak ad kode OTP yg masuk bgtu mw masuk ulang malah terdaftar emailnya,, klw kode OTP blm terverifikasi knp hrus ""terdaftar""? klw sudah terdaftar shrusnya sudah dpt OTP & terverifikasi 🤦‍♂️",1,1,2.1.10,2026-03-29 09:02:19,,,2.1.10
575c1acf-651a-4f7a-8025-884a1650c065,Ok in Aja,https://play-lh.googleusercontent.com/a/ACg8ocKQVxEaSMNsZ4MH_gPRrFZZhtbTyR0snVmpZ1Kcp6HIeCGt0w=mo,"niat g sih bikin apk, Pembayaran SKCK nunggu 3 Jam nggak masuk",1,0,2.1.10,2026-03-29 08:16:45,,,2.1.10
573e9874-3c01-4a3b-854d-330ebed58e45,nuril,https://play-lh.googleusercontent.com/a-/ALV-UjW4ALPzDFrxr54G5hNCg7Xd2iXvFToTOYS40aQGnGwNvCVMRgs,"aplikasinya lemot padahal udah coba pakai wifi dan data, sinyal juga udah bagus tapi tetep lemot, proses verifikasi akun juga LAMA BAHKAN SIPUT LEBIH CEPET DARIPADA APLIKASI INI!",2,1,2.1.10,2026-03-29 07:56:17,,,2.1.10
196eb211-ceb4-45b4-9329-21bd52414a3b,Abew Similikiyy,https://play-lh.googleusercontent.com/a/ACg8ocLdqIdDXcanLJMFsqAYaemtlBZAPNt_JJLUCC6eLPUvOH1Emw=mo,mau perpanjangan SKCK bkn nambah enak pke apk malah nambah ribet lelet susah verifikasi taii,1,0,2.1.10,2026-03-29 07:39:43,,,2.1.10
7c4ee43f-61ac-4ebf-bbe3-815722205622,Imam Restu Putra Wijaya,https://play-lh.googleusercontent.com/a-/ALV-UjVM3UUM3wrzpNjJvNK2hz8QtBZNYvyUNFj05gOejSVsKbEtV2KaSg,aplikasi ga jelas. saya sudah melakukan pembayaran pembuatan SKCK. tapi status pembayaran tidak update bahkan sampai expired. sisa2 uang hilang saja. di chat di helpdesk kayak bot pajangan saja. ga ada respon sama sekali,1,0,2.1.10,2026-03-29 07:32:47,,,2.1.10
5af65302-b2a1-4e24-9194-984955025f16,Komar Jaenudin,https://play-lh.googleusercontent.com/a/ACg8ocKl7iSCrkAPr2GQPEnCdYJAv2s-kvSzj7Ejp9kx9Cho47q-ow=mo,"tolong lebih di tinggatkan lagi aplikasinya, ini aplikasi penting loh bisa-bisanya udah bayar tapi selama 24jam belum terverifikasi",1,0,2.1.10,2026-03-29 07:17:22,,,2.1.10
ed4bf8ec-cc40-4b48-90d2-c9f6a09c6640,Adi Saleh,https://play-lh.googleusercontent.com/a/ACg8ocIaKLauuMKW7fk1BJ3beSx0Ci4VnciCpTsO9WYzaCJG2fpkIA=mo,sangat membantu,5,0,2.1.10,2026-03-29 07:02:01,,,2.1.10
1e7ef686-49e7-4381-882c-2bc1d569926f,Sultan Pratama,https://play-lh.googleusercontent.com/a/ACg8ocL_JefT1R7brJYq-kq_KbjAt2mFerJi9rR-oF2AUcwDsInyJQ=mo,Aplikasi sering bug dan slowrespon,1,0,2.1.10,2026-03-29 06:51:03,,,2.1.10
f9bb9c32-d626-4b80-964c-1fea040a8e58,Efrima Yanti,https://play-lh.googleusercontent.com/a-/ALV-UjWzG0_5peHpO4A7J8MopHGqzlRIO8pVo4uKkMpx869dcvR2oJ4,mantap,5,0,2.1.10,2026-03-29 06:33:02,,,2.1.10
11126cc8-868a-4b68-ae88-aeb6eae08f52,Hendrik,https://play-lh.googleusercontent.com/a/ACg8ocJ4isIZK8SUf_lCotoWDfL1hsZ4xPyXu7m9W5689g_BuWCDlA=mo,verifikasi lama,1,1,2.1.10,2026-03-29 05:36:31,,,2.1.10
987f00c4-d9d2-407d-9fbd-b684637063f0,Yulian Ardhika,https://play-lh.googleusercontent.com/a-/ALV-UjVbPsYnofooGZreIfCmtKK1veOFNZ5P6UPHSQrpzTB3EmwRwmGmdw,"bikin skck ga ada pilihan pembayaran tunai kaya dulu, udah bayar pake virtual account malah ga masuk masuk akhirnya jadi kode expired. ngaco",1,0,2.1.10,2026-03-29 05:02:40,,,2.1.10
34ccb9c3-37c6-4e28-b1cd-10590b3d3eb6,Diki Leamana,https://play-lh.googleusercontent.com/a-/ALV-UjXd8237DtWsElcbscyOutSzc7TQoAn3cT2aUYPrshSWfvZKtMvW,baik,5,0,2.1.10,2026-03-29 05:01:07,,,2.1.10
9f06d0db-c481-42f0-ac22-77a49266efc0,Delista Harianti,https://play-lh.googleusercontent.com/a/ACg8ocKpl54JCuMQenGo3dvR_1N--QwY3fskE8UOvmyvxbSNdTpXHg=mo,"aplikasi buruk, mau daftar akun aja bolak balik kode nya ga masuk masuk, pdhl sudah pakai no WA, EMAIL, NIK",1,0,2.1.10,2026-03-29 04:48:32,,,2.1.10
ca2102bb-bab7-4857-b53d-f0a82dedb3c7,Agus Kurniawan,https://play-lh.googleusercontent.com/a/ACg8ocISdaSTpvHkCVwE-02RU5GyqrBBgYteLa_1SJ0Rra3Zp4A0hw=mo,pelayanan sangat baik,5,0,2.1.10,2026-03-29 04:42:45,,,2.1.10
ce60957d-aec7-4523-ad6a-3dfd70d8e1c0,Riyan Wijaya,https://play-lh.googleusercontent.com/a/ACg8ocJ_uE0MywwL8QwvtqOSR29G67EjPXhfCYXZSVfXrCe4xUsG8w=mo,mantap,5,0,2.1.10,2026-03-29 03:53:40,,,2.1.10
27b3592e-c489-4b1e-b738-458e4c70d4cc,Gita Aulia Sabila,https://play-lh.googleusercontent.com/a-/ALV-UjVGnsXC7lntLIPu8dFNBZc_crrMPe7vahbamMdaokJyp51NUC3n,"ini maksudnya apaan coba udah bikin akun, disuruh bikin ulang? tolong ini gimana maksudnya",1,1,2.1.10,2026-03-29 03:49:09,,,2.1.10
c7cab035-c735-440b-8fc6-2d6f99ddf023,Ridwan Armianor89,https://play-lh.googleusercontent.com/a-/ALV-UjX7pmyRVLp3qKm-Sar6W4JjDUpH2ymhqCsHq5uCbUet7dVyhxc,aangat bagus,5,0,2.1.10,2026-03-29 02:57:20,,,2.1.10
b72c078f-56bb-4d5f-bf62-43103aedb2ea,therry tacazily,https://play-lh.googleusercontent.com/a/ACg8ocIWLJHFpFWN3KtRT2I9RJIFqtrFEFPhP0C90bjjjksSM23INQ=mo,"lu sebenernya bisa bikin aplikasi gk sih.. udah ngabisin uang rakyat terus pake embel embel super app, login aja gk bisa bisa arrgghhhhl!!!!!!!",1,1,2.1.10,2026-03-29 02:43:51,,,2.1.10
9fdd08b9-b6a4-4c4d-b905-c8bd289e9150,Fadiel Permadi,https://play-lh.googleusercontent.com/a-/ALV-UjXjWeVL3w-WRbc0Ga8reMtyoNHlZ3uhR9c0PVkWbLAhp2bmII4,"lama banget ini pembayaran melalui virtual BRI , saya transper dari bank BCA, gak acc terus sampe sekarang",1,0,2.1.10,2026-03-29 02:29:27,,,2.1.10
fefb8493-0160-40a8-bbc3-600c7226667b,Arwin,https://play-lh.googleusercontent.com/a/ACg8ocK2Rgrt0EbLiNZBRouuoyIMVEAfGk7lMaQ_hX7RVAV7UjlUhQ=mo,sangat bagus,5,0,2.1.10,2026-03-29 02:17:32,,,2.1.10
d440fe06-cf53-423f-a448-4f9fefeae496,Sukardi Jpr,https://play-lh.googleusercontent.com/a-/ALV-UjXC8R7zwp4yffAPfqasnedoK6wT2GlP6JrwwzQF5gBel1aUMCwG,bagus,5,0,2.1.10,2026-03-29 02:07:08,,,2.1.10
5f61abe2-1a7e-450c-bd6c-351596e43fda,Jo jon Bruxco,https://play-lh.googleusercontent.com/a/ACg8ocKNbi49lWS06pzWIiaq1--0sAlVh7eku0dVn7BdRz8y66Ahjg=mo,mau daftar aja susah bener dah,1,0,2.1.10,2026-03-29 02:02:57,,,2.1.10
4baa48a8-8feb-4d72-9187-14e6ea940bea,JENAL IRPAN,https://play-lh.googleusercontent.com/a/ACg8ocKxmSlPSdEagHUWuIqgPvOjjIT3sHgyV1OoqZNyCiFAQ4h5CQ=mo,masih sering gangguan,4,0,2.1.10,2026-03-29 01:45:59,,,2.1.10
7a14eeb7-bbb6-4c78-b0a3-7a74b1a44c6a,suci septiani,https://play-lh.googleusercontent.com/a-/ALV-UjXflBPW-roiOCHrAyStjx5PK8-siFym7EMV2O780Rpim1Js0QXpQw,"verifikasi gagal terus, mau buat skck mesti lewat aplikasi, tapi aplikasinya error terus",1,0,2.1.10,2026-03-29 01:34:05,,,2.1.10
89710c19-5124-456e-89a5-bb298b1ee1aa,Bima tri Widiatmoko,https://play-lh.googleusercontent.com/a/ACg8ocJ9eU97wCpNEhuQghTlWtnlEwvxGm2XL8ETC5cTrQzKyy-s4w=mo,bismilah tetap mengayomi masyarakat,5,0,2.1.10,2026-03-29 01:33:43,,,2.1.10
1f0c5a9c-d0a7-489e-8b61-1a77e99ff6ff,awit darmanto,https://play-lh.googleusercontent.com/a-/ALV-UjXtndNfABC6O1Lk_XQ3GMW3VfghlDWHSpzCxmjjHPMtpbx8FtSw,"Daftar ataupun lupa password sama2 kode otp tdk dikirim kirim,,,,,,gak seperti diawal app ada.",3,0,2.1.10,2026-03-29 01:32:49,,,2.1.10
9d4b83bc-7e9c-4341-96f1-c4f2334fb329,Mansur Tajudin,https://play-lh.googleusercontent.com/a/ACg8ocK-_DNTNHwSs0r1ogN0FbN1icqUcRMBsxDR-mCaA-2BH-6C-Q=mo,bagus,5,0,2.1.10,2026-03-28 22:40:09,,,2.1.10
b63efed1-b651-49c3-a58c-9b95f2effa72,Ade Sabihin,https://play-lh.googleusercontent.com/a/ACg8ocLXkXk9P4F-GrgTvXSE4tkBRCRjJGpFbEw0oafNOpLy20VFpQ=mo,"sangat praktis,bikin skck langsung jadi tinggal ambil sesuai jadwal",5,0,2.1.10,2026-03-28 22:24:14,,,2.1.10
dbd6a8ac-8968-4a6e-8f0b-c30362905d15,Achmad Solikul,https://play-lh.googleusercontent.com/a/ACg8ocLp0cmKuhXdfKD5oHFsBFXXbCDt1DH4uTxXzPVQxGp7xmYHMQ=mo,Oke oyee,5,0,2.1.10,2026-03-28 21:04:18,,,2.1.10
f8df3a55-eeb9-4df8-b433-bb157d8c14b7,Bambang Geaften,https://play-lh.googleusercontent.com/a-/ALV-UjX0ZinBb079OIr2punkXzyu-XYOW8_m-5HnaH4qtz95Qo1k7sfU,Sengat membantu untuk masyarakat 👍👍,5,0,2.1.10,2026-03-28 17:31:21,,,2.1.10
66556ba2-664e-49ae-bd80-a3821a9f25a7,Ananda Nurul Fadhilla,https://play-lh.googleusercontent.com/a/ACg8ocJYtPCzhOaoKoQATtOAkPrJtSkU9gofLpS1dsWDBj30cB10Smc=mo,"tolong dong diperbaiki lagi, masa saya mau perpanjang SKCK tulisannya gangguan layanan eksternal mulu, sulit mau perpanjang doang juga",2,0,2.1.10,2026-03-28 15:37:20,,,2.1.10
f4a224b4-b0bf-4550-9e6b-3e4b0ca3308d,Novembriani Telaumbanua,https://play-lh.googleusercontent.com/a-/ALV-UjW8dsTBNw28QVjR9VTtW6ew8QS_LGyFzlR7l5hE1uiMT1EJIshNAA,pembayarannya cuma lewat mobile bri doang minimal ada opsi lain kek gini banget dah aplikasi padahal punya pemerintah nihhh aplikasi ya elahh,1,0,2.1.10,2026-03-28 14:15:49,,,2.1.10
1b99ab3d-c6b9-4b61-9091-d35ca6aa826f,Bapak Sukidi,https://play-lh.googleusercontent.com/a/ACg8ocIU2UhZVq5b_91M6kJQ7Put3j0F0r6so_RAKxQnm03y6T0INQ=mo,"Saya mau bikin skck, udh transfer kok belum ada konfirmasi lanjutannya nih",4,0,2.1.10,2026-03-28 13:28:11,,,2.1.10
c0a0e283-1c68-4d4f-bbb4-e9e17b59b453,Muhammad Rizqi Fadillah,https://play-lh.googleusercontent.com/a-/ALV-UjVMPB8FBXzewjyk_gKNfTbqzqrRVhZRaiLTyOuo3_YEBiVvm60GyQ,"tolong saat verifikasi muka saat masuk GK ada tombol kameranya cuman ada tulisan arah muka netral,senyum,kiri, kanan",1,0,2.1.10,2026-03-28 13:01:13,"Hai kak kami mohon maaf atas kendala yang kamu alami. Terimakasih atas review yang diberikan, kami akan terus berusaha meningkatkan kelancaran koneksi pada aplikasi POLRI PRESISI.",2025-05-27 08:57:25,2.1.10
bc3f330f-8e42-49ef-9500-bdc27861a538,Eko Prasetyo,https://play-lh.googleusercontent.com/a/ACg8ocLsZDYS5QOaWeJRZlCGhRR0TioyX_qfH12VCul2ps9o9mcG6w=mo,pelayanan oke,5,0,2.1.10,2026-03-28 12:28:57,,,2.1.10
3f74857a-e58d-4ebf-87f0-158fba0b8e90,Roni Putra sungkai,https://play-lh.googleusercontent.com/a/ACg8ocIoLzKemcNoIk2GmzIvOejWXupc54UQxmFu23FjOj-cIIE27x0=mo,saya suka aplikasi ini sangat membantu,5,0,2.1.10,2026-03-28 12:02:44,,,2.1.10
ba2a36db-c8d7-4996-8dca-91b282e95655,Evan Taena,https://play-lh.googleusercontent.com/a/ACg8ocLQdaf93dMl-nKb7ZCsaJDamsqGF-9047aQXmvnD_1BodwvuA=mo,sangat baik dan memuaskan kita🙏,5,0,2.1.10,2026-03-28 11:52:23,,,2.1.10
fa72e58e-8f61-44f9-93bf-3468f63ccbb4,Raden Jamal,https://play-lh.googleusercontent.com/a/ACg8ocKiuz_2Sw6I-jBSbMR2tWmdPzKb0zmbXMFFa6u40qUhurrJtA=mo,bagus mantap dan mudah prosesnya,5,0,2.1.10,2026-03-28 11:06:47,,,2.1.10
dd14d4ab-641a-4bdb-b84a-39ade8c33060,Scorpion Boy,https://play-lh.googleusercontent.com/a-/ALV-UjWnOHDEgohUCgikQ586cRNxWcjLqxJt1jiA6WLHpQUJZ-__20VW,terima kasih,5,0,2.1.10,2026-03-28 08:56:27,,,2.1.10
0963d6b0-afd2-4b14-bd60-8cfdcbe364df,Sap Rudin,https://play-lh.googleusercontent.com/a/ACg8ocLSJ53huVGtPSaQ-0nDARovfN0F7M3RZ6G8D_-FJMTcxhdeQg=mo,"ini ko verifikasi nya lama banget, tolong do percepat 🙏",1,0,2.1.10,2026-03-28 08:29:52,,,2.1.10
6257bc6a-eb5a-46b1-885f-58b8d18d6684,Doni Miran,https://play-lh.googleusercontent.com/a/ACg8ocIsH86Q6xy81F3ViCJKMnQ9Bo_id7ngGFTc9-9GNKuHNsfOXg=mo,"terbaik, polisi sahabat masyarakat Indonesia",5,0,2.1.10,2026-03-28 07:52:00,,,2.1.10
11264f8f-8a79-4153-9e87-ff474f7ee945,gilang Perdana,https://play-lh.googleusercontent.com/a/ACg8ocLFKjvEpmF9dO-xZFmkDa30cdbHgnv8FOzTPppu_HMko-oFDQ=mo,bagus pelayanan,5,0,2.1.10,2026-03-28 07:18:54,,,2.1.10
26b1e826-912a-4633-97d5-c1fbc7c9c3e0,Ujang Hamdani,https://play-lh.googleusercontent.com/a/ACg8ocIyrGF7_5juSeR40gdeE3NThqWhqCQHKg0ATFWCgYNxZrqzLQ=mo,on line,5,0,2.1.10,2026-03-28 07:05:22,,,2.1.10
ec54f27d-c057-42c2-ae5a-e0025d44d6ee,Kadmira Mira,https://play-lh.googleusercontent.com/a/ACg8ocL2R3ArCO-0R9SaM5WTm0nlxp0qVbwwk6xXtzXfxxtf_o2UmQ=mo,tidak bisa bayar melalui dana/ BCA,1,0,2.1.10,2026-03-28 06:58:22,,,2.1.10
16e94268-94f1-49df-9bde-31bf1e6d46fb,Adam Paisal,https://play-lh.googleusercontent.com/a/ACg8ocLAqTSoq2rTAIer5Svybv5b5slePPB8WaX8QVf20ceVNR4HiQ=mo,sangat membantu,4,0,2.1.10,2026-03-28 06:55:30,,,2.1.10
448a252e-429c-4d63-92ba-3480c3eaf48d,Bescem official,https://play-lh.googleusercontent.com/a-/ALV-UjU3xKpxhPEW91VCQZG7xob1neGxcdsT8u9RPjQvhxi5Caue2hs,sangat membantu,5,0,2.1.10,2026-03-28 06:49:32,,,2.1.10
2a84ca7b-04c0-4e4a-8f4a-7610e57f5dce,Wiwin Husnul,https://play-lh.googleusercontent.com/a/ACg8ocLBZbTLQCfmLgGnv6y2Jh7qRYgQ3NmVKp0xhpIhBSb1pkYIjA=mo,makasih sangat baik,5,0,2.1.10,2026-03-28 05:55:18,,,2.1.10
aeef1a0b-6427-40f6-b1bb-c37d76d19d98,Firman,https://play-lh.googleusercontent.com/a/ACg8ocIpjlkPlHInOtY7upNmT82PVXDI9NaaGm5z1VEvc3LuavtASYk=mo,luar biasa,5,0,2.1.10,2026-03-28 05:45:09,,,2.1.10
ecacd1bc-6317-4cc4-b375-b41b543f4c99,Rahmi,https://play-lh.googleusercontent.com/a-/ALV-UjWFPlizV78DYQmW8_1aDMQ509BtOnL-WDjwhhbb9tax34gViiw,bermanfaat,5,0,2.1.10,2026-03-28 05:23:41,,,2.1.10
8057c84d-b63c-444d-a9a4-a0c46202698d,Ricky,https://play-lh.googleusercontent.com/a/ACg8ocI15oDhh42-BZMiEgpJ52D0Piy8CAxw3kJNXlIjWWzyZpgTHA=mo,baik,3,0,2.1.10,2026-03-28 05:08:52,,,2.1.10
8b765869-c6cf-4b1a-933a-2c9d00d10c03,Foy ajadong,https://play-lh.googleusercontent.com/a-/ALV-UjW_Jv3Zu3f844PukcbBBx766VmGwnjmrEg_giSaCjRyEZWUPJQ,aplikasi tolol. cacad. gajelas,1,0,2.1.10,2026-03-28 04:54:33,,,2.1.10
d47edd90-9263-4bdd-b6fb-195f8479f65c,Juliwandra Iskandar,https://play-lh.googleusercontent.com/a-/ALV-UjX3xrZJYhWKnlnANL6calPav-EgSGoYn8k1aMGWGoG291763RQ,tidak selengkap presisi polri yg lebih mudah dipahami,3,0,2.1.10,2026-03-28 04:27:42,,,2.1.10
edbec197-9f2c-481f-859c-5291b3e4b153,Shopee Express,https://play-lh.googleusercontent.com/a-/ALV-UjV__KA15uKO8PnjiyXF7pOvGUtSM_IlSAhVM9lNIneZROS9Yw,mudah digunakan dan praktis,5,0,2.1.10,2026-03-28 04:17:58,,,2.1.10
00cc5e69-030e-449d-84eb-0efddeb84da8,Devi Rudiana,https://play-lh.googleusercontent.com/a/ACg8ocKNaYclr_VTmJS4ef9DK-BTqs9fM9JvLNJdRQ2zxSxHcjXEkQ=mo,sangat bagus,5,0,2.1.10,2026-03-28 04:04:49,,,2.1.10
b591efef-b5a4-4130-ab99-23c70aaae68b,ratmo Sinaga,https://play-lh.googleusercontent.com/a-/ALV-UjXLtRMvAy9yCfu9L5GNOF3oNCRRvVHdchAcw3Y82DiiSCKBooE,pelayanan baik,5,0,2.1.10,2026-03-28 03:32:08,,,2.1.10
6fa2b6c7-930b-4290-b4a4-24cce22b49ca,Sasmin Halim,https://play-lh.googleusercontent.com/a/ACg8ocLfOOhqRK_KnvT9WAtnNpYwttY3d_cH3R1xUGyLaRO47O8tHg=mo,Mempermudah urusan berkas dengan digitalisasi secara online.,5,0,2.1.10,2026-03-28 03:14:06,,,2.1.10
6da20df9-8687-49ff-ad36-a1f246100cfd,Adit,https://play-lh.googleusercontent.com/a-/ALV-UjUJQNaE1b_YS7npr5OxDt29vKSRGs6birz9BNUDIRli0FZ0u4tb,"apk gajelas udah ribet"" isi data diri buat skck malah gada tempat terdekat yang mau buat ambil hadehh",1,0,2.1.10,2026-03-28 02:46:17,,,2.1.10
68f61625-43b6-44e7-87ca-9f21b85a91a4,Lisetiyana Nana,https://play-lh.googleusercontent.com/a/ACg8ocIe6kZeBmivk4kCrjE5mWJJ_rpA4tM0sfV_uQETHHKW70qhmA=mo,mantap,5,0,2.1.10,2026-03-28 02:44:03,,,2.1.10
26aa79fb-5123-42e0-867b-9abdcd1a7029,Hendrik Setiawan,https://play-lh.googleusercontent.com/a-/ALV-UjWhLaFBJAWqSzDqGMxga1-CF-QYK9J8R-HccVgbkMJaAP14Bom8nA,"apk apasih ini, banyak bug, pas lagi milih kota tiba2 ada tulisan ""tidak ada data"". gak rekomen sumpah nih apk, minimal kalo bikin apk yang niat napa, dana bukannya dibuat benerin server malah dikorupsi hadeeehhhh😡😡",1,1,2.1.10,2026-03-28 02:34:37,,,2.1.10
873c80e4-54e6-4512-9e58-8268d0ad5514,Dharsaputra,https://play-lh.googleusercontent.com/a/ACg8ocLM7vBPk2bscsWMLp5y3wzBKC38B8583m_SyyozYbVO8pkO_ck=mo,"nunggu verifikasi 1 x 24 jam sedangkan orang butuh cepat utk pengurusan berkas,yg ada malah menghambat,mending manual konvensional aja klo blm siap dgn sistem aplikasi yg ada malah menyusahkan masyarakat",1,2,2.1.10,2026-03-28 02:32:17,,,2.1.10
17d69d31-c34a-4f59-ae0a-629c41036b80,SILVA RANI,https://play-lh.googleusercontent.com/a/ACg8ocIoUXUDKpVahrmkklZ2WWYAZ7NrjeDjFZP-T1UwBtSG_JXtbvo=mo,Sangat membantu,5,0,2.1.10,2026-03-28 02:14:01,,,2.1.10
6f3d1815-82ff-42b7-a018-066f8ef93347,Agustinus Tunya05,https://play-lh.googleusercontent.com/a/ACg8ocLFB3Z6K-jJMWWmkKdfkBX3vxDJ6JUVT9Gvo7twnbirhj9scQ=mo,Mantap,5,0,2.1.10,2026-03-28 02:12:52,,,2.1.10
0c96c2e7-8254-401e-9744-1c2d81920abf,Alamsyah Ngalle,https://play-lh.googleusercontent.com/a/ACg8ocLBD5lo4YZMAgPhIUAfqo34798Ki7xlJMa68ROJfN5m86kObg=mo,sangat membantu,5,1,2.1.10,2026-03-28 02:09:57,,,2.1.10
70e3d757-3bd6-471b-abff-2ac5a16a3752,Witono,https://play-lh.googleusercontent.com/a-/ALV-UjWrujdsdOXfOVl0bWkrNMTgXh5rCKlGJ7v6cMTO6EDVR2wHHVw,"Sangat praktis,tidak membuang waktu",5,0,2.1.10,2026-03-28 01:37:04,,,2.1.10
3e3860bb-2d14-45ea-b851-0113984c98ca,Latifah wulandari,https://play-lh.googleusercontent.com/a-/ALV-UjVdU_eoi9Me8tcY7dHlNooqRol6_UfTywSDfy3K89q6UT_aVESV,aplikasi jelek. sering error Mulu. setiap mau perbaiki data yg gak sesuai error. tolong dong di tingkati/perbaikin lg biar ga error Mulu. payah,2,1,2.1.10,2026-03-28 01:35:51,,,2.1.10
f7483658-0cc2-44b1-977d-2f8ae067ad54,Yudi Sarianto (Jambak),https://play-lh.googleusercontent.com/a/ACg8ocJXoFsqwZid3XKkF8K5YVcSb0cMyxBOS8bTivYzWRUBqp4FQWM=mo,aol apa lah. sdh berapa kali di coba daftar. masa minta kode otp aaja gak keluar juga dari email. udh hampur 1 bln. mau daftar lansung juga gak boleh. sampah ribet amat cuma bikin skck doang,2,1,2.1.10,2026-03-28 01:34:16,,,2.1.10
6c99efdd-dca9-4550-b23e-524e0189d5e6,Zulkarnain,https://play-lh.googleusercontent.com/a/ACg8ocJXiGFG05htD_-u-sDcv2KqexgALnDBXpixnSZTTQ6OWjhJdA=mo,mantap,5,0,2.1.10,2026-03-28 01:12:18,,,2.1.10
3f4b5c64-28f3-49c4-b46b-a89e570edd63,ALEXIO CHRISTANTO,https://play-lh.googleusercontent.com/a-/ALV-UjVV7N94NRipvBRykhl0nJEHFJ1JPPhFUkVPtDxu3BjHX0Mx35zf,aplikasi kenapa bermasalah,1,0,2.1.10,2026-03-28 01:08:37,,,2.1.10
a5a30211-4fc3-4fef-99c7-137e50a71b21,Firman rivilino,https://play-lh.googleusercontent.com/a/ACg8ocKxPCpaGbs5nmB64c9xjnB2rgIRAlDhUFqkZ8Y4jSE4sjHrlw=mo,aplikasi sangat membantu,5,0,2.1.10,2026-03-28 00:39:49,,,2.1.10
d885b600-0667-42d8-8e62-ca10532f6988,Renaldo Alfandi,https://play-lh.googleusercontent.com/a-/ALV-UjVtL8qAlF5a0CbU5p3p0lmTB9eFaTBUVEKY7i37xIDtOsty9PU7,"mohon di percepat proses verifikasi nya dong, lama bngt ya proses verifikasi nya.",2,0,2.1.10,2026-03-28 00:36:50,,,2.1.10
94235376-de74-4ec9-855d-d82b1545e482,Wiranto Kw,https://play-lh.googleusercontent.com/a/ACg8ocK94DYFqat8fcZjiQggcCzwAy4QbMQk_J--tNQruq8BU3nKFw=mo,knpa ko polsek daerh indramayu nya nga ada jadi binggung masa ngambilnya jauh,3,0,2.1.10,2026-03-28 00:31:48,,,2.1.10
c3c0382a-61bb-41ac-928b-4c2ae4463d4a,M. riduansyah,https://play-lh.googleusercontent.com/a/ACg8ocLDKQOLRtv_XsFgEXJFCjXM_2yaeYJjeLNpXLXbjbaCgsDeMg=mo,nih apps jelekk bet jir,1,0,2.1.10,2026-03-28 00:30:03,,,2.1.10
b483d31f-f54d-4400-8d32-a2caa706cf17,Edy Prabowo,https://play-lh.googleusercontent.com/a-/ALV-UjVpPBylkjD4ZdIAAKVNBmIbAvpf-lA4Q_9FvBoyQDHLZ4dP_v0f,sangat membantu dan mudah sekali buat SKCK,5,0,2.1.10,2026-03-28 00:29:02,,,2.1.10
e571e024-9730-43eb-b6b0-825e286416ab,Hasan Maun,https://play-lh.googleusercontent.com/a/ACg8ocKFOadOpf-RwSfF5DOpUJWz6-yRivoyLHWAk2r0UMCDDqEu=mo,yaaa,4,0,2.1.10,2026-03-27 22:20:40,,,2.1.10
58f9c5c0-46c5-4839-8934-1a40c5948938,Habibi Habibi,https://play-lh.googleusercontent.com/a-/ALV-UjU5XOajeRy7fzpwHeTu94g-meOPNlJ5WgOeaN_1hhrt5a7G1mWO,"""Selamat kepada developer, aplikasi kalian sukses bikin rakyat kecil makin menderita. Uang 30 ribu sudah saya bayar lunas dari tanggal 15 Maret tapi status di aplikasi masih saja 'Menunggu Pembayaran'. Helpdesk pun mati suri tidak ada respon. Kalian tidak tahu rasanya kehilangan uang segitu sangat berarti buat kami yang sedang butuh surat buat cari kerja. Sistem elit, tapi empati dan pelayanannya nol besar. Malu sama lambang yang kalian bawa!""",1,1,2.1.10,2026-03-27 22:19:30,,,2.1.10
5c88f72a-45fb-4af8-bb33-721f32f80fe3,Rihad Arif,https://play-lh.googleusercontent.com/a-/ALV-UjVwV-NWjVXTyIH2Zh6xYasZN8060qbmlLdqLCVUC1mv_8nRwXM,ok,5,0,2.1.10,2026-03-27 20:46:53,,,2.1.10
132c9c24-9a74-4015-b583-e80c62d37f35,nathan,https://play-lh.googleusercontent.com/a/ACg8ocKIPQWL8h1TGa8GQ5xREUJT7huQHcF8HAVWFxMCeXSj27gDmQ=mo,"sangat buruk, perpanjangan sim tidak jelas sudah lebih dari 1 bulan belum selesai, memang tidak bisa di harapkan instansi ini, minta refund juga tidak ada balasan , jangan nyepelein, kesimpulannya aplikasi sangat mengecawakan sama seperti instansi dan orang orang didalam yang ngurus",1,1,2.1.10,2026-03-27 10:30:48,,,2.1.10
ba1b44bc-64ef-45c2-acbf-afc57f9ef634,abdul azis,https://play-lh.googleusercontent.com/a-/ALV-UjUjxQWMLd0eMxDRp61aWpKLWnnpHjPh0qAlNmYRISN95479Xop3,"lokasi cetak polres terdekat kaga ada dipilihan, masa harus cetak keluar kota ??",4,0,2.1.10,2026-03-27 04:31:46,,,2.1.10
9202bd7a-b77d-498a-8c08-d97c59926bff,Muhammad Darwis Djafar,https://play-lh.googleusercontent.com/a/ACg8ocJP36oLLR96261qc6BJ9VhEvkSslrafPc54EXYYmKZXRT7Y7w=mo,"mudah,cepat,membant u",4,0,2.1.10,2026-03-27 04:24:08,,,2.1.10
2166ccab-c91d-4a54-9b46-4b6f0442232d,Promo Oreo,https://play-lh.googleusercontent.com/a/ACg8ocLGRwk2tffZb7FmrZqsKrfN40JGIS_uefG-gu_0eO_RcVqOLw=mo,sangat membantu,5,0,2.1.10,2026-03-27 03:56:59,,,2.1.10
aae075a1-e83f-40d4-bb02-83cd46aa08ab,Hizbulloh Muzhaffar,https://play-lh.googleusercontent.com/a/ACg8ocJMktajSw9OOQSF-Jryed2Gec_8nWO5OjYCx8Jli7r4pYhF3A=mo,BagusMbatu,4,0,2.1.10,2026-03-27 03:51:39,,,2.1.10
5cd7da75-4f53-415b-9771-c378a94eb311,Rike Lestari,https://play-lh.googleusercontent.com/a/ACg8ocLkCg8N9Ml3OrQQEnCphsdO5F8RyeVqZpq2VQkmkzWCaKu656w=mo,"mau buat skck online tapi kenapa alamat ambilnya polseknya cuma di jabodetabek sedangkan saya di jawa desa, tida ada polsek alamat terdekat",4,0,2.1.10,2026-03-27 03:47:22,,,2.1.10
a0e7019c-5449-464d-b4af-e7d5df81935a,Santi Dewi,https://play-lh.googleusercontent.com/a/ACg8ocJmUwYNihxIiVRXGIkkfNBXnJdThNAdUGtceGpJFksKrhGilw=mo,sangat memuaskan..trimakasih polri,5,0,2.1.10,2026-03-27 03:18:47,,,2.1.10
8e30f7da-7d98-4c08-866b-799fbfac1af3,Hilman Hiro,https://play-lh.googleusercontent.com/a-/ALV-UjXiZ0J9EvfBp2RFeRMEuqVyStH-tTZj_NMhul2rgCh0Rh_yuSsM,setelah di upgrade. scan wajah malah tidak bisa,4,0,2.1.10,2026-03-27 03:11:55,,,2.1.10
1382ed3b-f809-435b-b514-a325d6d260b9,AQIB AMINNUZAL,https://play-lh.googleusercontent.com/a-/ALV-UjWpuxnMmRAd0lgtOWonF0nqXJDuGZufw1iy5E_QyGV0_Kdo7YE,good,5,0,2.1.10,2026-03-27 02:56:28,,,2.1.10
1c7b4bde-3eb0-4453-afa8-bebd112d631c,muhtadi ST,https://play-lh.googleusercontent.com/a/ACg8ocKCdcfamaVkrJdxEG1iT4P_ISXWedwVRovcmr0AMinb7VhdGw=mo,mohon di update lokasi cetak skck . karena untuk daerah jawa tengah sampai saat ini tidak tertera lokasi polres maupun polsek di aplikasinya . percuma jika ada pilihan online tapi untuk cetak kesulitan mencari lokasi terdekat .,2,1,2.1.10,2026-03-27 02:45:15,,,2.1.10
3f43869e-a585-44d5-b5c4-4fcf893f1739,abilio septiandra,https://play-lh.googleusercontent.com/a/ACg8ocIqp8jDV2zGcr8BBNTUoPH_1UYpUteT9JxYVoWBJs7FSAae1w=mo,kenapa pas mau koreksi data pas buat SKCK selalu tidak bisa,2,0,2.1.10,2026-03-27 02:25:13,,,2.1.10
c91d968f-a469-41ed-96b7-e38827c21379,Hamzah Alfatih,https://play-lh.googleusercontent.com/a/ACg8ocINELJBIKTlV10wA-DUiPbJ199zhxPr0cEbFn7-tAgSaMzFyg=mo,terbaik,5,0,2.1.10,2026-03-27 02:24:22,,,2.1.10
8e83c185-3ce1-4494-9631-e4cc957a34b4,Deni Ruhiat,https://play-lh.googleusercontent.com/a/ACg8ocKA5AO4qDoLEl8N8ujEEAL3jXZOf6DziYWLlktADSubJcSEOg=mo,sangat membantu,5,0,2.1.10,2026-03-27 02:12:25,,,2.1.10
3bd2d32d-ca97-4656-844d-128c4713158f,ALTA WAHYU SAPUTRO,https://play-lh.googleusercontent.com/a-/ALV-UjU6vBy6fGfgi8RnWLtAuifeLHbb6tFk7J9rRGWG-AAhcamILio,kurang efektif dan ribet,1,0,2.1.10,2026-03-27 01:52:11,,,2.1.10
85def513-ef83-4ab3-a12a-71cad4a09ad9,agusabdu somat,https://play-lh.googleusercontent.com/a-/ALV-UjX_rpQd8LHAfJ2DKVlSFm0GRbAbEv4PobAqwwQT_2V-TNWGf-vH,aplikasi ga jelas udah bayar untuk skck tpi statusnya masih menunggu pembayaran mana respon nya lambat bgt knp pak apa sistemnya rusak?ya benerin dong kalau gabisa gausah aja bikin aplikasi malah menyengsarakan masyarakat,1,1,2.1.10,2026-03-27 01:44:23,,,2.1.10
4b212c1c-659b-4cbe-ae19-043d0e8910ee,Revalina Amelia,https://play-lh.googleusercontent.com/a/ACg8ocLXbC5Kr0t8rMsNHYRVXqYVL1cpYZozOXhrysKz71UnhyB1lg=mo,tidak bisa memperbaiki kesalahan data,1,0,2.1.10,2026-03-27 01:32:30,,,2.1.10
b84195bd-bd00-45fe-92a0-d9cbbff7d60b,HERU WIDADI,https://play-lh.googleusercontent.com/a/ACg8ocIstcmOx2zCWHwnIBhsPNxy7mFzthi5FCYTbxLSFmS2mt6-ew=mo,sangat memudahkan dalam laganan,3,0,2.1.10,2026-03-27 01:20:49,,,2.1.10
fa776ae4-c269-4f37-847c-0e0545335e4c,Ulil Amri,https://play-lh.googleusercontent.com/a/ACg8ocJyaTF7RVbEnQhbfERIj9htc-phFjp6qEvzIWKSj_xuU1lJuw=mo,kenapa udah seharian gk diverifikasi ?,1,0,2.1.10,2026-03-27 01:16:57,,,2.1.10
64dbcce1-0715-46a2-b8f6-f066f8a9da27,Koleksi Mandiri,https://play-lh.googleusercontent.com/a-/ALV-UjUxlSrD1HCbO94uKOzNnPDJp8KYN9JdgElE8GS_6C_rzOhn-bzo,sangat baguss,5,0,2.1.10,2026-03-27 01:07:18,,,2.1.10
e5dc8efd-4183-4375-b7df-a56643f8369e,FitrahMbj,https://play-lh.googleusercontent.com/a/ACg8ocJbbz4lB4HkSMDcrXg5RwyvOCGJE26l2jIDGlgiL65fFc9RoQ=mo,apk mnyed,1,0,2.1.10,2026-03-27 01:04:21,,,2.1.10
39cde29e-e2e8-4363-b5d1-146150a84324,tree 5,https://play-lh.googleusercontent.com/a-/ALV-UjUK7KZMj--2Kin6Uds6Ra3pOxoE_P_GGgsvpux1WpBFEipyuDbp,sangat membantu,5,0,2.1.10,2026-03-27 01:02:03,,,2.1.10
0537ecc9-ae86-4eaa-94e1-dc18d8302b1e,Harry Fitriana,https://play-lh.googleusercontent.com/a-/ALV-UjXCIkqwelM_c-LUqU7vbmEMwXV5-PQCHt9hj5pd7dgsmuIVdSxP,mantap,5,0,2.1.10,2026-03-27 00:50:05,,,2.1.10
73d949e8-d51a-43da-bdde-06876f7e285f,Eko Frendi Widiyanto,https://play-lh.googleusercontent.com/a-/ALV-UjXdyxj7U56HWui4e0bpJjjNaUxwINEoBKRH0B2PixI_nyrZi0LZ,cepat dan mudah,5,0,2.1.10,2026-03-27 00:49:40,,,2.1.10
a395be5c-9b92-4476-934c-41f7c53f2399,Eray Irawan,https://play-lh.googleusercontent.com/a-/ALV-UjW1E4F6zbhfAjsKPY5C2jxopl8lQ-UCrgwHmCwBvQGm8N0KAaI,punya fitur koreksi tpi tidak bisa digunakan .. sangat merugikan,1,0,2.1.10,2026-03-27 00:45:37,,,2.1.10
98bb4a85-0f32-4e59-bfc7-180efabc99de,Ghofur Ali,https://play-lh.googleusercontent.com/a/ACg8ocJR4APiWpoEItwpkAjfAZt-EK-jZcYz8BNCrmzBbqKeGjU9Sw=mo,Cukup Membantu Untuk Keperluan Masa Aktiv SKCK,4,0,2.1.10,2026-03-27 00:27:17,,,2.1.10
419ba195-06d0-4021-a668-44c13a9eb598,Marvin Kh Marvin,https://play-lh.googleusercontent.com/a/ACg8ocLJgNHDOi6QVLIvVBvZoQfjq9NHnou42Cjvg5UOnXhsNiSITg=mo,terima kasih,5,0,2.1.10,2026-03-27 00:13:27,,,2.1.10
4a75bb9f-be02-49e2-a531-549dce602233,POLINUS HALAWA,https://play-lh.googleusercontent.com/a-/ALV-UjXLJPwKTBfzxwYGlh4PN2zM_3285C5yosKDE90pecK9xJMy8HQ,Pelayanan the best. Polri menjadi Garda terdepan,5,0,2.1.10,2026-03-26 23:56:29,,,2.1.10
f3b456f6-f757-4781-bbf5-6353994c548e,Miftakhul aziz,https://play-lh.googleusercontent.com/a-/ALV-UjUMotHxD2JAOKu3DnIJSHf_F_rY-SLoZVoqye1HQAvkkFhPcS0,untuk pembuatan laporan kehilangan masih blm ada,3,0,2.1.10,2026-03-26 23:42:57,,,2.1.10
8e24f43f-377b-40a8-9230-665ea891dfc2,RIZKY RAMADHAN,https://play-lh.googleusercontent.com/a-/ALV-UjXhTej7LBQyYerKsDCnY5KWXEJpMb5yMTLPcSVfKF18DMXi19RW,verif muka gada respon,1,0,2.1.10,2026-03-26 22:46:05,,,2.1.10
f8090ef6-2e9d-4743-bbcd-afe850d75058,Muhammad Ridho,https://play-lh.googleusercontent.com/a/ACg8ocIpo6KprrdFzy6Hunz2twYEjsTKkqIRYdy9nP9cKXem70EWPw=mo,"gangguan mulu, apk gak maju, pengajuan SKCK lama banget",2,0,2.1.10,2026-03-26 12:33:41,,,2.1.10
03bd4d55-b154-454f-816a-d435bb088bf2,Haldy Rau,https://play-lh.googleusercontent.com/a/ACg8ocLMaxFe0ZQo_P5cXgPkQchDHXND3dqK5dizZZSgdBLJ5zGyzg=mo,baik,5,0,2.1.10,2026-03-26 10:33:18,,,2.1.10
5b9482f8-7faa-4c36-a46b-9057a7fbba71,Amelia Tri Pebrianti,https://play-lh.googleusercontent.com/a/ACg8ocLbjqCOnLsJTL4RcfiG-5unq1a41YuQoCJ6RWdRDQu77kx_Fw=mo,cuman mau perpanjang SKCK aja susahnya kebangetan nih aplikasi mempersulit banget. baru buat akun lalu verifikasi data dengan scan wajah aja di tolak terus verifikasinya udah mau sebulan begitu terus heran. udah pake device yang lain sama jaringan kuat tetap saja di tolak. ayo dong di perbaiki lagi ini,1,1,2.1.10,2026-03-26 09:57:21,,,2.1.10
56e747de-91e0-42b3-aa67-d82a698ea771,hendra kurniawan,https://play-lh.googleusercontent.com/a/ACg8ocIzJvjY_ivai4MP1YJfgDKWCxWfQn5Aj61ONYsSM94riO3eIF8=mo,mantap,5,0,2.1.10,2026-03-26 09:23:18,,,2.1.10
f7790d0f-03a6-44ef-99c2-c3431e8c6c6f,Fathur Ramzy,https://play-lh.googleusercontent.com/a-/ALV-UjWX7ht0Rn3PK3M4_vzQQk7mEU4zJ5gsaw0tyryThSU64zh5RhQF,aplikasi mempermudah ❌ aplikasi mempersulit ✅ 🤭🤣,1,0,2.1.10,2026-03-26 05:52:27,,,2.1.10
51927a05-1229-4993-a8fe-2590e7f2188d,Kiyat JD,https://play-lh.googleusercontent.com/a-/ALV-UjU3botosGzTwiR9mFpE0KpXL0wxkPXCsKZitOlWhDiL7AAVbfjm,Pelayanan sangat baik dan memudahkan masyarakat biasa seperti kami,5,0,2.1.10,2026-03-26 04:54:15,"Hai kak terima kasih ya atas kepercayaannya menggunakan aplikasi POLRI PRESISI. Saran dan dukungan kakak sangat membantu kami untuk mengoptimalkan aplikasi POLRI PRESISI. Jika ada pertanyaan atau Kendala, kakak bisa gunakan fitur HELPDESK yang disediakan per LAYANAN. Terima Kasih, Salam PRESISI!",2025-07-17 07:50:13,2.1.10
1f67ce1f-2d22-4974-8149-b28ffad11fd9,Aldi Ahmad Kurniawan Aldi,https://play-lh.googleusercontent.com/a/ACg8ocI4wVfz9iPc23xD0_1RZCmxfD9W__zGky2262QKKUje_X7Zng=mo,baik,5,0,2.1.10,2026-03-26 04:39:07,,,2.1.10
0780c241-f634-4635-8dd5-9579dde75016,Mecin91,https://play-lh.googleusercontent.com/a/ACg8ocIq0dcohmaYrmEN-5hwU9-wBeSOBc6hxQskw1EDZomzSjzgg7M=mo,ga jelas mau buat laporan kehilangan malah masuk menu pencarian riwayat laporan. aplikasi ga berguna. aplikasi sampah,1,0,2.1.10,2026-03-26 04:19:41,,,2.1.10
caef75d4-d304-4548-9b90-2617d1dd9014,INotz C'nottnotzz,https://play-lh.googleusercontent.com/a-/ALV-UjV9vu7cM0xrEGqVKykpFIRRDVLp3i5OZYJZvBBR1yJFQJ-5BAOy,"Aplikasi sudah lumayan... kenapa ngambil SKCK harus ke Polres? Sekarang sudah jamannya online, tinggal cetak di Polsek kan bisa",4,0,2.1.10,2026-03-26 04:08:46,,,2.1.10
bbbc7cad-553d-40af-9484-2e603b4819b3,Saeful Hadi,https://play-lh.googleusercontent.com/a/ACg8ocI3vkAZl3teVyPhkVZdtCFisRE3rshI55iW5j19O0EUA8T9tw=mo,sangat baik,5,0,2.1.10,2026-03-26 03:41:19,,,2.1.10
c1542ae7-ce7c-4ee0-9d26-d03802e67cf0,Abdul Basir,https://play-lh.googleusercontent.com/a/ACg8ocKVborbCyujtdN4-vY0AsVhYk28vuTcabbUHZb-Myk2XIUtvQ=mo,trima kasih,3,0,2.1.10,2026-03-26 03:40:20,,,2.1.10
995d3395-99f4-4a2d-a1ed-0fa14ae145e3,Ilham Faiz,https://play-lh.googleusercontent.com/a-/ALV-UjUCHWRTRsO5tJXiNsCAUBNUpZQcyXjL-yutBfAH082DdaeCzVXT,sangat membantu sekali dan sangat praktis,4,0,2.1.10,2026-03-26 02:49:23,,,2.1.10
53aebb11-22d3-4096-a0a1-02a45f90eab9,Entah wijaya,https://play-lh.googleusercontent.com/a/ACg8ocIO6-D9_OvgPqwyqEeRhGeuLC2zJoa1O5Eyk3EbrGEhiNd46Q=mo,jadi lebih simple dan mudah,5,0,2.1.10,2026-03-26 02:15:33,,,2.1.10
ee2c7ccf-4dc6-475d-9729-70d2d6568346,mista_ nurian 737,https://play-lh.googleusercontent.com/a-/ALV-UjUXygkmAtba7QE1U3kyivnyscjgYOLONhS-JPHOAWgRR-x35pMD,baik,4,0,2.1.10,2026-03-26 01:54:30,,,2.1.10
cb7f671f-4926-4542-866e-5597015bbac2,Fandi Jokowi,https://play-lh.googleusercontent.com/a/ACg8ocIoj7jaiwELf9A73DykA6FEt_XYTc6zbwZegJFZjj2-CaC-vw=mo,baik,5,0,2.1.10,2026-03-26 01:50:10,,,2.1.10
5360e342-7784-4099-a7fe-3c0e200a92d1,Herman Manher,https://play-lh.googleusercontent.com/a/ACg8ocIGJuSwhtt0EEUT8ayvvy3AkbsiaJFiZwXYo-zmfqbceoMd-g=mo,makanya jangan sampai jam 2 nanti bisanya itu,5,0,2.1.10,2026-03-26 01:43:52,,,2.1.10
5662711b-6abb-4e28-b92e-dfea65e2c7d5,Risna Risna,https://play-lh.googleusercontent.com/a/ACg8ocIr5zDht_5syKuCBhSxhQ1CKyKtaMl5KRZhD19-sqz4zBa4cQ=mo,baik sekali,5,0,2.1.10,2026-03-26 01:29:41,,,2.1.10
fc58c6fb-a898-4270-9e76-1807e945674d,Deki Eki,https://play-lh.googleusercontent.com/a/ACg8ocKag9LPK0CxZpszjLf61eugg9EWwSqarbfQ54OhDJ2b9gTPrw=mo,godd,5,0,2.1.10,2026-03-26 01:19:47,,,2.1.10
d8b4e88f-c362-4daf-85b4-440327bc3ed3,Budiyanto Tri,https://play-lh.googleusercontent.com/a-/ALV-UjVS0JaI1TK6l7SJnwsPadHzGG5txNe5GKsQ4pWRp16l4Vh-h78,layanan aplikasi membantu Masyarakat lebih cepat dan tanpa antri.,5,0,2.1.10,2026-03-26 00:36:09,,,2.1.10
006d08c3-7c03-4bfd-b174-5e71a028c810,Firmansyah,https://play-lh.googleusercontent.com/a/ACg8ocLGvP1XDDgyXCjcAhi_BWSgaH4Ax71RnlkXg3RKiJuhvQFI_Q=mo,lebih praktis,5,0,2.1.10,2026-03-25 23:59:06,,,2.1.10
e27028cd-0232-4596-bd0f-a228f8110d83,lili somantri,https://play-lh.googleusercontent.com/a-/ALV-UjXOed99CAyhOgjv3Gre9SuwtngcB8Y3zEE4gwv56cNEsr_5bax1,sangat membantu,5,0,2.1.10,2026-03-25 23:50:29,,,2.1.10
eda5c866-91c2-4201-9d85-de38626af084,Kevin Zumtia2121,https://play-lh.googleusercontent.com/a/ACg8ocKbEiBUKsnWo-mP8or55UyOKBMLnNt67Mb1SjnvCXxERBcZ=mo,sangat membantu,5,0,2.1.10,2026-03-25 23:20:18,,,2.1.10
4ccc05ac-8523-42f2-903c-6d7b7811a081,iip kholipah09,https://play-lh.googleusercontent.com/a-/ALV-UjU91Ozzl4Mj-CY5TilboURxk0bl8oj06C6Ex0RFcohQ4jMrEXw,sangat mudah dan praktis,5,0,2.1.10,2026-03-25 22:40:45,,,2.1.10
3d9af4c1-95f0-4b69-974b-6a825a341525,Rasyad Al Rayyanza,https://play-lh.googleusercontent.com/a/ACg8ocJq1-lFfndcdkxsTQtJ_cK0V7cP6nq_bbue4ofyFE_mjmyB-w=mo,bagus efektif,5,0,2.1.10,2026-03-25 22:26:49,,,2.1.10
45cd9a50-c178-49a4-a436-97c2da5195e2,Adi Dharma,https://play-lh.googleusercontent.com/a-/ALV-UjVo1OQBiEMgaq-92gllFx9zUkryTCjXEBki5oUSAU7HTogXBHqGFQ,gampang dan cepat,5,0,2.1.10,2026-03-25 22:17:44,,,2.1.10
cced2dba-ecf6-4045-b2f8-161bd1c71d27,Ical Usfinit,https://play-lh.googleusercontent.com/a/ACg8ocJ7dcfWT5-uk01diW8gfGRGDwmuodAYFF0eGY2hxep9okrAyQ=mo,"Aplikasinya mantap, urus SKCK TDK perlu antri",5,0,2.1.10,2026-03-25 19:55:43,,,2.1.10
ea4924e4-cf01-4a5a-b555-5f7764d70fea,Dewikuanin Dewikuanin,https://play-lh.googleusercontent.com/a/ACg8ocILgvgL1jc5n1uCz4r06STjKozeoFgzh4MP61OvU0uQ2AamPQ=mo,terimakasih sangt bagus dan mudah,5,0,2.1.10,2026-03-25 16:35:27,,,2.1.10
3b7f0be0-253b-4d16-ab2f-0b9881100371,Jogo Jago,https://play-lh.googleusercontent.com/a/ACg8ocJMf5SGmTQBLVAgLlx6E4hr2EHmtrKWE7Hd6PacwfFoL6EQ3Q=mo,oke,4,0,2.1.10,2026-03-25 16:33:22,,,2.1.10
768af0a1-f847-4461-90f9-9109fa2512ec,Muhamad Fiqianto,https://play-lh.googleusercontent.com/a/ACg8ocKDSw0C9xvNxCguXM0c3detKxQitLrwPd0y7sRrwFN1LTv4UqI=mo,ok,5,0,2.1.10,2026-03-25 16:19:54,,,2.1.10
14e22d92-a46a-4d6b-b6a8-16e79c2bce21,Mbkprahastiwi Tiwi,https://play-lh.googleusercontent.com/a/ACg8ocKkskseMXLww4LjyG2yemI5OmnOmUqPsizbiZ7Z47yLtjSbkw=mo,sangat puas,5,0,2.1.10,2026-03-25 15:53:48,,,2.1.10
1a3ab178-11a0-460f-b783-0fead82a9d25,Agung Gunawan,https://play-lh.googleusercontent.com/a/ACg8ocKY3M8vf92bZ2_48W6KWKvMaNf532JnikmN5_eUDMXb2jAodA=mo,sangat baguss,5,0,2.1.10,2026-03-25 14:06:01,,,2.1.10
6d8dd3be-5bab-460e-a155-b68c7b71c6cc,Semri Nabuasa,https://play-lh.googleusercontent.com/a-/ALV-UjWSTiSg623peb1_p7NQHLBWqXXJXfGbVwXP6H0D5kQYFOgME2g,mantap,5,0,2.1.10,2026-03-25 13:26:37,,,2.1.10
092f7e75-c71d-4a20-8c05-6207654b2d14,Muhammad Ikhlas,https://play-lh.googleusercontent.com/a/ACg8ocIk8uvVmdKWvP-VeSXG7ymMNaOKPAvn_ySAfXB-TPdt5_apbj0=mo,Simpel dan membantu.,5,0,2.1.10,2026-03-25 13:25:15,,,2.1.10
a824d8af-e7f6-40d4-ab83-cbd7cee86205,Septhian Mahesa,https://play-lh.googleusercontent.com/a/ACg8ocLujT-2lFAl-86ohUIt7UvQqsC2rJaaWlAxyxkYm68HHMHbdw=mo,kok lama banget si padahal udah pake wifi,1,0,2.1.10,2026-03-25 13:09:03,,,2.1.10
4b9e0806-f243-43b1-aeb4-54507c8beed9,Sherly Lusiana,https://play-lh.googleusercontent.com/a/ACg8ocI0p6ZXbjwXeHK7s8V4TS8g1QMU04xZZJRu40E8d12dmQNfqw=mo,keren cepat,5,0,2.1.10,2026-03-25 13:06:02,,,2.1.10
f738f827-96e9-4a97-8491-13e48609a2dd,Irfan Bahtiar Ori,https://play-lh.googleusercontent.com/a-/ALV-UjUUe37JHXmjhHi8qV9U3QojS0t0xNyLgu1O0HQ_zzlcreohwGKk,Pgnnya gmna sih ini verivikasi udah di pasin muka ttp gak bisa,3,0,2.1.10,2026-03-25 12:52:39,,,2.1.10
495da232-39de-4a4f-b136-baae2ea9e4cc,Yeni Tri,https://play-lh.googleusercontent.com/a-/ALV-UjW-3HqGr6GsIdh0vgxMhnv6cZHp090EYb5UXu9ZZATSi8iA8Cns4Q,bagian verifikasi wajah tidak bisa dan sudah dicoba berulang kalipadahal sudah melakukan sesuai instruksi dan di tempat pencahayaan yang pas,2,0,2.1.10,2026-03-25 12:43:05,,,2.1.10
fe58e98f-c927-4b0e-8cdb-f90391a67ba6,Tom Giyu,https://play-lh.googleusercontent.com/a/ACg8ocKw70dZAf3mcsUpsBpCn-y-HNrpbQMoiwy8Wb9YHmplVa92ww=mo,"tolong yg jelas lah, masa lokasi pengambilan tidak ditemukan, saya dari Brebes, masa lokasi pengambilan di jakarta, tangerang, bekasi",1,0,2.1.10,2026-03-25 12:07:14,,,2.1.10
91a25381-fe65-4863-88ef-91a352435276,Dienz Alfattah,https://play-lh.googleusercontent.com/a-/ALV-UjVzFwp0-V_U3AxzCMpbPIFFuWUK3TtYeqf9kOoxJgg0ihutpQoB,sehari baru aktif aplikasi..baru dapet kode verifikasi.tingkatkam lagi..biar mantap,4,0,2.1.10,2026-03-25 12:06:45,,,2.1.10
f1782a46-2a9f-4d94-8131-4dd61c6a0140,Ah Mad,https://play-lh.googleusercontent.com/a-/ALV-UjUnFG8aqK_GoTxFE60LuAndj7nCHO0B1kDqNaQssxtBNWcmP6k,pelayan cepat,5,0,2.1.10,2026-03-25 12:05:47,,,2.1.10
9627fd06-2095-4e2e-a70d-3a58fef3b67e,Muhammad Rizky Arrasyid,https://play-lh.googleusercontent.com/a-/ALV-UjVmCIEt6yvwjRTTBcjYQx9rdScrJxIhrWuuh93D4K3q8iU9g4lu,dari tadi verifikasi wajah gagal mulu yang ngoding aplikasinya bocah PKL SMK ini mh,1,1,2.1.10,2026-03-25 11:56:06,,,2.1.10
42d31d52-d890-471d-a6e2-43218ad80af2,Nia Novianti,https://play-lh.googleusercontent.com/a-/ALV-UjXMDgSNHyw64DHMmVnbyoTGUOCYPW9jkmlduCHAbSCEFF7hGqEd,"Bapak/Ibu mohon maaf ,aplikasinya eror terus,loading terus pilihan polsek nya gk ada alamat polsek terdekat adanya polres aja,sementara untuk ke polres jauh banget 1 setengah jam perjalanan buat nyetak skck,tolong di perbaikin aplikasi ini untuk mempermudah bukan mempersulit ,sudah bayar tapi loading ""harap tunggu"" 1hari full loading wifi/kuota aman tapi dari aplikasinya eror terus,jujurly lebih mempermudah datang langsung ke polsek🙏 tapi sekrang harus online pake aplikasi yg eror trs🙏🙏",2,1,2.1.10,2026-03-25 11:53:24,,,2.1.10
f462f3a4-d1f6-4e26-a9be-926740788424,Ygi Benet,https://play-lh.googleusercontent.com/a/ACg8ocK1lHO2dak_WlnEuQkJ8D4TIUJM0mFrPw7NeL6cFNXHSvO6zQ=mo,mntap,5,0,2.1.10,2026-03-25 11:46:36,,,2.1.10
8cadcc31-2a07-41d6-a7a2-60c6c17eeb8c,N A U F A L,https://play-lh.googleusercontent.com/a-/ALV-UjUwEXpT3IFcvstKwHtrSVEiVtx_27FsbM5lxUhU6_KXbPhlOqN6,Data masyarakat yang sudah memiliki SKCK belom di input dalam database aplikasi,2,0,2.1.10,2026-03-25 11:44:36,,,2.1.10
3538b067-61e9-4f74-8eae-6d98216cb0fb,Intan Permata Sari,https://play-lh.googleusercontent.com/a-/ALV-UjVrERejr_bEilBZerWh847bA4vBwSUm5X3L43k-E98pHIkeT-S5,satset joos polri,4,0,2.1.10,2026-03-25 11:38:17,,,2.1.10
5cf8ce62-3086-4952-ba0d-8a9f1669f577,Gregorian Mantiri,https://play-lh.googleusercontent.com/a/ACg8ocLY-dyWBr05oksWyknve3blRiIhGDbPMsFnhgYz80xHETMKqA=mo,mantap,5,0,2.1.10,2026-03-25 11:17:26,,,2.1.10
9d5bcf49-e3c5-4395-af59-e8849fc04f19,Fandy Marley,https://play-lh.googleusercontent.com/a/ACg8ocI_Da78SIWo4mmkdz9_jvs7ZNd5-3lQB8x6YGGWh9OZmEZhLA=mo,"sistem sering eror, data saya sering berubah terus, mending hapus saja SKCK online ini, enakan offline, bikin ribet saja, saya bayar skck lewat aplikasi ini kena 2 kali. gara"" data diri berubah sendiri",1,0,2.1.10,2026-03-25 11:12:52,,,2.1.10
9b0c2858-1cd0-4038-9871-37fe15d83451,Muhamad Nasir,https://play-lh.googleusercontent.com/a-/ALV-UjWVgp08yI-EZi6Si0hrp8qXpSKuBGYmiFEMxmJY6KiX_HQPmjWa,baik,5,0,2.1.10,2026-03-25 11:10:19,,,2.1.10
5a6f893d-094f-41af-a70d-acbd8fc8eb19,Canos Nos,https://play-lh.googleusercontent.com/a/ACg8ocJVniwaSaNzh9BLk64260csafDfpyZj-j5dS9nzsKB9J4UPbg=mo,Oke,5,0,2.1.10,2026-03-25 11:07:19,,,2.1.10
9faccbdb-0732-434e-8178-49f3733fb4a6,Mep Lia,https://play-lh.googleusercontent.com/a-/ALV-UjXvXJs5D6tPcp8_11N1f8gDhfKjBCBCvfuzfnCAXH8dHtm3Namq,"skck ga bisa dibuat online, layanan rusak melulu edit: udah bayar, tapi proses nya dari 9 pagi ampe 9 malam ga ada perubahan. SKCK belum jadi tapi bayar minta cepat. Helpdesk 2 hari engga ada balasan.",1,0,2.1.10,2026-03-25 10:53:29,,,2.1.10
5d5ca3e4-1b43-49e2-a794-edb359b88415,Rizky Usman,https://play-lh.googleusercontent.com/a-/ALV-UjVeKRMURR15xxQtIks6gdeVl4DnvRR9w1Z0_20MqiCOIGj-uRDa,apknya lumayan simple tapi verifnya lama bjirr🤣,5,0,2.1.10,2026-03-25 10:49:54,,,2.1.10
d33fe9c3-4e30-4c61-9093-668007778847,Ikha Soli,https://play-lh.googleusercontent.com/a-/ALV-UjXxquBdKUmhbFEio5eYPoPDLA3hYDlLiYaqb9jjg012OFvNt8g,sangat puas,5,0,2.1.10,2026-03-25 10:19:20,,,2.1.10
c0235d34-e84b-42e1-8900-5ef916009752,Heru Prasetyo,https://play-lh.googleusercontent.com/a/ACg8ocIGeUAB7UHSX4DLp7zPAQZKfOL57CqdGeL0Ig0akP03BJxHpQ=mo,mantaaap,5,0,2.1.10,2026-03-25 10:17:56,,,2.1.10
171431d6-9552-491c-85fb-d21854ae1da9,Robi Sugara,https://play-lh.googleusercontent.com/a-/ALV-UjVoSf9wJ6MdB7Fem3BZ0OQNfOus672Mz-VpYybHU9NDxUBisUmO,bagus,4,0,2.1.10,2026-03-25 10:17:36,,,2.1.10
805030ac-90ae-4300-819e-ba4843322858,wasis diesel,https://play-lh.googleusercontent.com/a-/ALV-UjVEDOLGgaoMOPwWc4ezPHUCapAc4i_kh_61_J_8fXncg5-Xg-S2,mantab sangat membantu,5,0,2.1.10,2026-03-25 10:16:38,,,2.1.10
63f93d62-d140-40fa-bb0f-5d3a3c537b9a,Metusale Magay,https://play-lh.googleusercontent.com/a-/ALV-UjUEBx-QEfacqDOWnbytjxplWI3oIPdHvvio-S8hv69YR1vXC_A,ok,5,0,2.1.10,2026-03-25 10:15:35,,,2.1.10
b6d230eb-9c6c-4354-9f77-814e25e08d5b,Guntur Prasetyoo,https://play-lh.googleusercontent.com/a-/ALV-UjVaY9PFdqQ9fT5HD_GJnVVLG-s1bpHkBWBZxqMjMrhxkgr_lk-y,bagus cepat kilat,5,0,2.1.10,2026-03-25 10:12:49,,,2.1.10
62449a70-3d6a-4042-8042-52f8386d352b,Unlimited Music,https://play-lh.googleusercontent.com/a-/ALV-UjXk-w7y4eoQ5Q9Aqu13SK8gLaDcm0khbDFchmGk6xxHRDXn1Ko,eror mulu,2,0,2.1.10,2026-03-25 09:55:28,,,2.1.10
1b975669-5109-4a38-9a82-c9155d47fd69,Fahmi Af,https://play-lh.googleusercontent.com/a/ACg8ocLzvZR094sPyYrk4y4h9KDHmj3ArAKhCDBifIu2PpE7lp95oQ=mo,"aplikasi buruk, ribet, dan lelet, semoga kedapan nya ada perbaikan untuk aplikasi nya ,dan sangat mempersulit",1,0,2.1.10,2026-03-25 09:48:27,,,2.1.10
41204e07-111c-46a0-877a-75fdebec04e9,Muhammad Rifki Juliyanto,https://play-lh.googleusercontent.com/a-/ALV-UjV77T3wOZiCzHGu9JKkMn0ExpC3Fh4IxfC9BuCuSljuJBQtxuQ,"Kalo untuk statusnya ""Sudah di bayar & mohon tunggu"" itu selanjutnya statusnya apa ya atau hanya menunjukkan di aplikasi untuk pengambilan blanko fisiknya",3,1,2.1.10,2026-03-25 09:32:40,,,2.1.10
dca61055-e6cf-4249-a666-1b524485c3d1,Suci Ramadhani,https://play-lh.googleusercontent.com/a-/ALV-UjUJaF_PIubfsB8cMUrXG2cXUwH0E9ZRmckEofZaA5Ft6xPbGw10,sangat membantu,5,0,2.1.10,2026-03-25 09:31:07,,,2.1.10
8fd989f3-14a1-4ba6-a865-e3a9360b90cc,Ayu Faujia,https://play-lh.googleusercontent.com/a/ACg8ocICBDwVQL-tCm5Wr-sXU_2jMiGcfLxOQoSARIg1OCJMpxRM-Q=mo,Ribet!!!,4,0,2.1.10,2026-03-25 09:29:14,,,2.1.10
0f945700-98cd-4afb-9d60-1b054528ad84,Rindi Fatikasari,https://play-lh.googleusercontent.com/a/ACg8ocIVMobeKb2cfOxnuwC6tB_eiJGMktHNsE8YT2SQBph8VEyXHQ=mo,kalau buat SKCK online gk semua polsek bisa ya?,4,0,2.1.10,2026-03-25 09:27:11,,,2.1.10
1dc8abe4-f954-4a1e-89fd-0319952c68e3,Ilham Adli,https://play-lh.googleusercontent.com/a/ACg8ocICQ_M43mkCFkNqk7dbDY5AMoEdHu2qOnWb70RXUKPQA3UKIuQ=mo,"apk aneh, Loading lama, akses data lama ujung² data invalid, ngebug, sekelas apk pemerintah kaya gini?",1,0,2.1.10,2026-03-25 09:24:47,,,2.1.10
34dbb351-a93b-4de0-8830-5be82a6b0fdd,Fahrur Rozi,https://play-lh.googleusercontent.com/a/ACg8ocJKsXjDh5QCNGRBvqVvlgyErnglSRpdnFqMhsPU0SW4I4G3DoI=mo,mantap,5,0,2.1.10,2026-03-25 09:19:40,,,2.1.10
66cd56e9-c466-41a8-988e-313f7e7565b8,malforo army,https://play-lh.googleusercontent.com/a-/ALV-UjXO5q7FImRBngZj3lUdRHRljVFTNoJBcmNbVrizAHmSi2TwA3I,sangat membantu tapi saran untuk metode pembayaran ditambah lagi biar bisa lewat dana atau gopay biar gampang soalnya pasti ada yang belum punya kartu atm,5,1,2.1.10,2026-03-25 09:08:53,,,2.1.10
1308b068-6e08-46fa-86d4-4c1ef8e26f88,Ngatemi 04,https://play-lh.googleusercontent.com/a-/ALV-UjV6HLbWIGBgel0ouWOSaGd6jEQTgNL3m8dPNXu1bFIEWDWIAwQ,lebih efisien,5,0,2.1.10,2026-03-25 09:01:21,,,2.1.10
726ad265-6141-4ae4-a68e-e34658c5b63b,MATIN_ FARM,https://play-lh.googleusercontent.com/a-/ALV-UjWm-Pa3pcxlq7uVjqZ8wq3HTOqjKJTZqROJQKcxRZeGwmj2F_uX,Lebih Gampang lebih Cepat,4,0,2.1.10,2026-03-25 08:54:50,,,2.1.10
e3d56157-711a-40c4-bcb6-40fdbb27de39,Meysi Putri,https://play-lh.googleusercontent.com/a/ACg8ocKyxaNFqMumWupfFK2FgAMQ4Rk1dnEBynONEkkBTSWQI4CTBg=mo,"aplikasi burik pas bagian pasang foto malah kembali lagi, saya ulang terus sampe ganti pake hp lain tetap ga bisa Emang dasar nya aplikasi cacat huuuuu 👎👎👎🤮🤮",1,0,2.1.10,2026-03-25 08:41:03,,,2.1.10
3337360c-57ce-4db5-be14-d3ef812d4400,Abel Athailla Perdana,https://play-lh.googleusercontent.com/a-/ALV-UjXSIgkI5_1H0-QbgnJnHNUbFukVjxJw0cfVYZ-IPfAwbHfYwD8,Sistemnya sering error,3,0,2.1.10,2026-03-25 08:12:13,,,2.1.10
8a333791-4190-46e1-acbe-0a2710277368,Rindi Pcy,https://play-lh.googleusercontent.com/a/ACg8ocLoqQyWf1C5CQJytbhOtP5-IYCjGl7rIwAn330l4852ADOadA=mo,sangat membantu cepat dan praktis,5,0,2.1.10,2026-03-25 08:06:31,,,2.1.10
c67cb927-6157-4b45-8612-c45db14cf275,ikbal Abdulrauf,https://play-lh.googleusercontent.com/a/ACg8ocL01iCbFtRLAb8VMQIqqM8v0n45jj9s7Uku05_ZzwTh7sMIkQ=mo,lebih simple dan praktiss melalui online dan tidak terimksih,5,0,2.1.10,2026-03-25 08:00:49,,,2.1.10
bdf2b232-d153-46ea-bf77-b8d07286da49,aqila putri,https://play-lh.googleusercontent.com/a-/ALV-UjVwwZU51ME6rut1h82XQL3iLxNaFNjLPJJ0NijZp8XjKd7IttYdgw,verifikasi akun gagal terus,2,0,2.1.10,2026-03-25 07:48:42,,,2.1.10
e766e77e-467f-44df-aa10-23af8b441725,Jaenudin Ajay,https://play-lh.googleusercontent.com/a-/ALV-UjVcRVD-OYrjDt_niFpd8AtnF4T7e-AQnh4zXu3vw9AkSyjsR2Qw,poroses nya cepat..,5,0,2.1.10,2026-03-25 07:43:16,,,2.1.10
ecd1d0dc-52c8-4bb5-939a-b00f8d1f1c74,Muhammad Ripaldi,https://play-lh.googleusercontent.com/a-/ALV-UjUmijPqkfMt5FOMWb18QrUjF57Kk0jwkqvpqt3onbRT7pLsDyk,susah bangat dapet kode otpnya lama,5,0,2.1.10,2026-03-25 07:41:47,,,2.1.10
8438994f-514a-4356-9dd0-9847afc4ccfd,Muladi,https://play-lh.googleusercontent.com/a/ACg8ocIfs5BnOwfScW2GvDGMinoB2UpO9_DdKYrkeGhavx_FNtJx7Q=mo,bagus,5,0,2.1.10,2026-03-25 07:33:31,,,2.1.10
885b6dd3-4ce1-4458-85dd-4cacf35aeb68,Akbar Ardiansyah Sembiring,https://play-lh.googleusercontent.com/a-/ALV-UjXlkoSTd9TyFUkfobs2wcvv6Ublr3wT3YuW4ZDTKgqaHMzZNGqa,"cepat, tanggap, dan ramah",5,0,2.1.10,2026-03-25 07:19:09,,,2.1.10
a3d7483f-1c56-4576-aa60-f3d1e5b07bdb,Ogi Saputra,https://play-lh.googleusercontent.com/a-/ALV-UjUgX1HUZgECQuT7grzxQJD5Yrj4lRggTpHbTSHYOeofp3tjd0jHMA,bagus,5,0,2.1.10,2026-03-25 07:18:36,,,2.1.10
8496e27c-9441-4c6d-99ce-07a73a9b055f,Irman Muladi,https://play-lh.googleusercontent.com/a-/ALV-UjXqKsHdWAuu8atnlf7X7udYE2qM-OnztH3xldo-oT2IgJvXUdGf,"sekarang polisi jadi ngga ada kerja nya, walaupun bisa d isi d rumah tapi ribet proses Verifikasi lama, ribet pokoknya aplikasinya",1,0,2.1.10,2026-03-25 07:02:28,,,2.1.10
8343a0c9-634d-40ca-9bfb-b59d485be855,Hha_ officiall,https://play-lh.googleusercontent.com/a-/ALV-UjWroOOvhJBluVxNRd4G0MrMxckRRm4rt2o1QTSc2ccgXpCARYs,ribet,1,0,2.1.10,2026-03-25 07:00:37,,,2.1.10
759a2251-4b73-4e5e-bea6-ff0118e82746,Khoirul Huda,https://play-lh.googleusercontent.com/a-/ALV-UjVQRgK1BFvnpTuYuIe99Va9v8uuGlyK0AgWbpzdCPW7AvlmdmP2,kurang cepat,1,0,2.1.10,2026-03-25 06:58:34,,,2.1.10
56b8d64f-7fc6-42ac-a773-9ff589e364dd,Agung_Lestiono,https://play-lh.googleusercontent.com/a-/ALV-UjXFBjT0Ql0cwd45yjCTMl53vkq2tRhwKixbDrLX_8cR43ugLPk1,"app cacat,banyak bug. mau daftar aja susahnya minta ampun. app masih cacat aja udah disebar luaskan,bikin susah",1,0,2.1.10,2026-03-25 06:56:44,,,2.1.10
826c408d-1cb5-4238-92b3-a33b6fa95a61,Rulan Juliana,https://play-lh.googleusercontent.com/a-/ALV-UjVTkzRRu8-UWyp3UQK2TNRCDhqiR7sFfPaFUY18AyJjL0EuOWyt,maintenance over,4,0,2.1.10,2026-03-25 06:53:51,,,2.1.10
659404f6-d5f0-4fac-a536-7a07920d55ce,Yusuf Maulana,https://play-lh.googleusercontent.com/a/ACg8ocLuVEmmihiqz3b55mj_hrHuUPgHNLBu3J8Vmkw51n4d24RZjQ=mo,ruet ruet,1,0,2.1.10,2026-03-25 06:53:19,,,2.1.10
7fbe9b9f-a3a3-4e44-a601-50ee58a28c94,Dwi Youchima,https://play-lh.googleusercontent.com/a/ACg8ocJ-fmh4rLy7MkdCsjV0tn-mRg7VJqu5ycrg8elPLu3H9V1i1w=mo,tolong yah untuk pihak dari apk SUPER APP POLRI saya mengalami kendala di bagian kirim otp sangat sangat lama dalam prosesnya pengiriman otp tsb alhasil saya kesusahan untuk login karena otp yg dikirim sangat lama jadi tolong segera di perbaiki kalo seperti ini terus kedepannya bukannya mempermudah malah makin mempersulit hanya karna hal seperti ini!,1,1,2.1.10,2026-03-25 06:50:36,,,2.1.10
3d5ddd54-e4e9-4865-b5e0-9e9aeb478d96,FAJAR FAHRUROJI CHANEL,https://play-lh.googleusercontent.com/a-/ALV-UjUvsvrSgOKS9igTZClFEhyt0c3EjwUP8fbQRbLa2eAaP377mzjE,otp sudah di masukan tapi gagal terus. ngelag sekali aplikasi nya kurang bagus,1,0,2.1.10,2026-03-25 06:45:44,,,2.1.10
fe0e360b-8941-414d-a207-ff754e7b6fd0,Win Streak,https://play-lh.googleusercontent.com/a/ACg8ocIQbD_bpRgGsGDJrZI13QAbFxSXZerFfg86ePlVaoyHXDO6iA=mo,jelek bet,1,0,2.1.10,2026-03-25 06:41:27,,,2.1.10
ab0a4631-6760-4c09-a4f9-c5cbc4348bbe,Widia Wati,https://play-lh.googleusercontent.com/a/ACg8ocKF2lyp_YxN7Yx1JbbzH3ItXEsCR0Ni1K4E1r2e2UbD4TMvkQ=mo,kode otp nya lambat pas muncul kode kode nya kedaluarsa tolong di perbaiki lah min,2,0,2.1.10,2026-03-25 06:31:17,,,2.1.10
e40f781b-3fd1-4feb-a71e-1c5164ac7a42,Rian Saputra,https://play-lh.googleusercontent.com/a/ACg8ocLjy-CoR_F8odf05t1o_9dEcBZ18p0doN9yS4rzZqAvxX5CKQ=mo,sangat baik,5,0,2.1.10,2026-03-25 06:28:53,,,2.1.10
d3d68b93-43d3-4179-bc65-118c24be9a9a,ani sri hendrayani,https://play-lh.googleusercontent.com/a-/ALV-UjVZhjmv9qb5mNfMSJ-nqHB2FNQgEP31e5-Pb2tZLea6Jlvh0ABN,sangat bagus,5,0,2.1.10,2026-03-25 06:18:35,,,2.1.10
97021aa6-df24-43f7-b89c-b763e68d6fce,Nitaa _mn,https://play-lh.googleusercontent.com/a-/ALV-UjWGBBIdh1rKNw2pESJqfSNbzd3oHUlHMih3lRV7FB2AFIhQgwU,"Sangat membantu, dan proses pengisian Aplikasi sangat mudah. Thanks POLRI",5,0,2.1.10,2026-03-25 06:08:12,,,2.1.10
c8165f12-1d87-4abd-8015-2308f58e2709,Muhammad naufal,https://play-lh.googleusercontent.com/a-/ALV-UjUNf5XxWgv2ZiLciM8gMo8xN1a6xIHUi9MUeVAb9kTTVQDi52iT,"tolong perpanjang SKCK nya di perjelas , saya mau perpanjang SKCK Mala bikin baru",4,0,2.1.10,2026-03-25 06:08:03,,,2.1.10
a9b2925a-76d1-420a-9757-6eac79fb3e44,Della Yanti,https://play-lh.googleusercontent.com/a/ACg8ocLauTHUEzztFQPcQ4wLENb2rRoIxSZYHIf0swN1uAg1BfMpaw=mo,menyusah kan masyarakat,1,0,2.1.10,2026-03-25 05:58:45,,,2.1.10
1547a871-6adc-4583-8c9c-8d13dc698823,Yunus Adam,https://play-lh.googleusercontent.com/a-/ALV-UjWbCCAoGJ1bvh8FbK9TeHLK7ZDfecV83mZfoQEidAWZNJ0XuDM,terimakasih telah memudahkan saya dalam pengurusan berkas,5,0,2.1.10,2026-03-25 05:56:36,,,2.1.10
d1655177-3308-4247-9163-2461b2348424,Asep Suprianto,https://play-lh.googleusercontent.com/a-/ALV-UjXLdrkWg8joOT4MA70gP2DsIhp5xCWWVoE61CVLXb-DNbjmp253,Aplikasi belum siap...susah buat log in,1,0,2.1.10,2026-03-25 05:44:20,,,2.1.10
0e0d6de1-ef99-47e2-87f3-ebe383b5ac83,Shiva Wardana,https://play-lh.googleusercontent.com/a/ACg8ocJiygc9NDREquOQUOyoJbkrgFU3zPS5IAkj5jV2PyPZOrwIfA=mo,memuaskan,5,0,2.1.10,2026-03-25 05:41:07,,,2.1.10
d400841f-9294-45e1-995f-ca9bbbc1663c,Muhammad Dafa,https://play-lh.googleusercontent.com/a-/ALV-UjUM9joXrO0MuauvHlRSEQrty2qjoMEelvNE3FlGUAFUkEOFqk9g,"kalo apk belum jadi jangan di sebar dulu ,tiap hari bug mulu ,server gak jelas",2,0,2.1.10,2026-03-25 05:40:47,,,2.1.10
609a2e80-8cb0-42bc-a87d-5396ccb9f507,Libey Osca,https://play-lh.googleusercontent.com/a-/ALV-UjV_1kpSF7X2yDQjjtGGBVDEqCRqXBItIIY3aiO4nngjfWLkpIJ0,Good,5,0,2.1.10,2026-03-25 05:34:59,,,2.1.10
7b6ccdee-98a6-4301-ad6f-ccec7efe1c96,Fajar Sidik,https://play-lh.googleusercontent.com/a/ACg8ocINcx5t7wlhULEWCkJR88f1qnsf5KMULG0ePnvhOo3JoCUaDg=mo,kenapa belum bisa buat akun nya belum terverifikasi,2,0,2.1.10,2026-03-25 05:32:36,,,2.1.10
8e666886-8d57-4398-b0df-0b7d8290d488,thoriq abdullah,https://play-lh.googleusercontent.com/a/ACg8ocIm8Y9vtZIUWRy_DtLs1b3ICYLzCokglTb02QQEGQcq9eNCgw=mo,"mantappp, sangat mudah dipahami keren banget sangat membantu terimakasih pak/bu😁👍",5,0,2.1.10,2026-03-25 05:31:35,,,2.1.10
4f19c496-8141-43ae-88e9-d48a912a42c5,SWA SWA,https://play-lh.googleusercontent.com/a/ACg8ocL7u6bvnWdL_o81bYLK5et9zxfo0OpIXYsM3PSCUb3HEtJNCA=mo,Lebih elok lagi kalau semuanya Bahasa Indonesia gk ada Bahasa Inggris gk semua paham dan WNI kan pasti bahasa indonesia CINTAILAH PRODUK PRODUK INDONESIA,5,0,2.1.10,2026-03-25 05:30:34,,,2.1.10
b20dc76b-33e2-489c-9d53-e379fbc65426,Sucianto,https://play-lh.googleusercontent.com/a/ACg8ocInzBGwrRjIEmfM3tx8_qSWowz7FOKnhQUCludJyfp3blSR3WE=mo,"saya bingung, baru mau daftar udah ngeselin. kuota lama"" abis. kirim otp di email-nya telat melulu. g bisa verifikasi jadinya.",1,0,2.1.10,2026-03-25 05:25:20,,,2.1.10
fb87be0a-d7fd-455c-a960-3b18c520b4ac,Suparman Rt,https://play-lh.googleusercontent.com/a/ACg8ocJQnkjuvnoKpCvkFO4E_7UIuf2SVteBbNyx1BN7uUOj5fbfNg=mo,polri selalu membantu masyarakat dan mengayomi mayarakat yg membutuhkan,5,0,2.1.10,2026-03-25 05:09:17,,,2.1.10
dd216ae5-ad1f-426f-9ffa-38a0269d9c13,Joel Parulian Sihombing,https://play-lh.googleusercontent.com/a/ACg8ocLTIROHHA0M3WgRayq-GNZwi4C-Nc0Y1zT3FBgR6QsGxJkaaw=mo,salam presisi,5,0,2.1.10,2026-03-25 05:06:09,,,2.1.10
6ab0008e-904a-4ed8-811f-2ac15350dbd3,Mang Duhai,https://play-lh.googleusercontent.com/a/ACg8ocLuJjuKXDBfdOygkEJkrFzNXdofvs44i-jjKNilGe0zcIY3Zg=mo,kenapa pendaftaran terlalu sering error,1,0,2.1.10,2026-03-25 04:57:31,,,2.1.10
5f8b11b2-d5ea-4e2c-9f07-2de1a83de2f9,Fjrii,https://play-lh.googleusercontent.com/a-/ALV-UjUvw2Xkhv-pjBuPydCI1wiqBPfqa9rwEfrGmS9ZtHUhInQIE08N,"banyak bug, otp ga ke krim kirim",2,0,2.1.10,2026-03-25 04:52:02,,,2.1.10
1b1f39ac-21fa-4857-8f2b-9bf57ff24510,Yusuf D. Kei,https://play-lh.googleusercontent.com/a-/ALV-UjVyL4aswNoO4bn0iX98ajlIunlYFi_Z5-lHpKLh2ZJhtSuNuNc,"tadinya saya kecawa karena bikin skck error terus jadi saya melewatkan banyak lowongan karena kurangnya pertanyaan, tpi setelah apk benar saya senang karena saya nanya² ke bot nya dijawab terus jadi aku kasih bintang lima untuk botnya😀",5,1,2.1.10,2026-03-25 04:46:22,,,2.1.10
652c7f10-3165-4f8e-9d6e-4e32ea970f2d,Amoholi Laia,https://play-lh.googleusercontent.com/a-/ALV-UjU1SR9MXDVtcN2D-TiUc968bgpCYuF0839Odxo7fRP4L_S9S13n,"Kenapa Tidak Diproses Secara Otomatis Pembayaran Saya, Pada Hal saya sudah bayar dan sampai sekarang Masih Notif MENUNGGU PEMBAYARAN.. pada hal saya sudah bayar, Tolong di Kasih perhatian Khusus dulu untuk permasalahan Saat ini yg di alami Oleh Pengguna.",1,1,2.1.10,2026-03-25 04:36:55,,,2.1.10
fc65dea6-e632-4cb4-9610-0327d1edf334,Deri maulana adrian,https://play-lh.googleusercontent.com/a-/ALV-UjWLm0IqYsJCfbdJww3w6YqGkY9aA2yAWPhybSVeas902MGNYb6h,jelek,1,0,2.1.10,2026-03-25 04:31:01,,,2.1.10
1ccbccfe-4a28-43c0-be12-1d597c2195be,Sam Slow,https://play-lh.googleusercontent.com/a/ACg8ocIljwMFxotE18Waj2-2wDBf22JqMKzQRDS6xovhEACg_-MYWw=mo,"tambah ruet aja, ,kalo masih sama2 ke polres kan sama aja, ,veivikasinya aja aku lama di ulang2 juga, ,taiklah sampek aku telat natok lamaran kerja gara2 skck ini",1,0,2.1.10,2026-03-25 04:14:17,,,2.1.10
641a20d4-8b2a-4bc9-a4ef-678944277ae3,Adhitya Villa Sabara,https://play-lh.googleusercontent.com/a/ACg8ocLObqNI9LLoh4Wo0v5CRe3NHU2UcpkOATLnLaRb_WJZ3vc_rQ=mo,verivikasi akun terlalu lambat memakan banyak waktu,3,0,2.1.10,2026-03-25 04:06:22,,,2.1.10
0e6b81a6-8208-4347-8be7-6d50ffd2fa31,Herlan Karangampel,https://play-lh.googleusercontent.com/a/ACg8ocJmFBjulp_t_dNQA7yOXDZ1KuJPGp3qglahhptq8Hh4tI57lQ=mo,susah,1,0,2.1.10,2026-03-25 03:59:56,,,2.1.10
b1f37288-5d3b-49be-a327-44a06a39c7cc,Ardi Ansar,https://play-lh.googleusercontent.com/a-/ALV-UjVATmReMq6OTcYbtGFGGRsJUD0dnOrOuLTUXbHHMaflndnt4G1h,"mantap, memudahkan",5,0,2.1.10,2026-03-25 03:54:36,,,2.1.10
d8350009-d873-4538-912b-301c3c3fb586,Abid Abdurrahman,https://play-lh.googleusercontent.com/a-/ALV-UjUtTe3QwYsWvhaTgEvWdIdjuUy3Hxn0l0_HptJjB8fXIAVMyQPm,"kode OTP gak masuk terus aplikasi tidak memudahkan, mending manual aja",2,0,2.1.10,2026-03-25 03:52:44,,,2.1.10
2a04cd17-81ad-4fef-b743-d82215c35269,Abdurohman Wahid,https://play-lh.googleusercontent.com/a-/ALV-UjViGrAm4iopw6uruZFIvfEwlI56TDsx1TPCQOb91RMB10K4nWHT,bagus,5,0,2.1.10,2026-03-25 03:50:21,,,2.1.10
b6f01a00-610d-4127-b6d8-8b76712b43e2,dini,https://play-lh.googleusercontent.com/a/ACg8ocIouGqL1F2An32MEYJQltdivJ0m0mSAP5hkm05tehMVHTGK_g=mo,menyusah kan,1,0,2.1.10,2026-03-25 03:44:12,,,2.1.10
60e443c8-2a98-4982-a5ce-bc7076a6bef0,HL Celsi,https://play-lh.googleusercontent.com/a/ACg8ocLH5Lt8ZQCvPW4zo-asglgrOcSZ4VjRkRYwMbxJocrkitRzGQ=mo,nyusahin,1,0,2.1.10,2026-03-25 03:39:32,,,2.1.10
66b1a550-d5b5-444d-994a-34515f39b19d,indra purnomo,https://play-lh.googleusercontent.com/a/ACg8ocLprZ3UrrMsd34ODZ5HprEVGt7hpViNiwaV5XXTsvonlceEEA=mo,sangat membatu,5,0,2.1.10,2026-03-25 03:38:06,,,2.1.10
06217069-3391-487a-b82f-384f9e7e849b,Saefudin,https://play-lh.googleusercontent.com/a-/ALV-UjUHn2XFoH1urJXGVAQDJdohvXtIcxzuqrb3QfjOuQMa4cNnYHaB,Oke.,5,0,2.1.10,2026-03-25 03:37:08,,,2.1.10
fef0a6e2-d64d-41b1-bf45-41de1392f327,Fadil L nur,https://play-lh.googleusercontent.com/a-/ALV-UjXO-lKrmuD1hodbVwxbPWRYHa6NkNbhZwzMjgxNK89u6Ys5z3I,terburuk,1,0,2.1.10,2026-03-25 03:35:43,,,2.1.10
01d853ce-dff7-45d8-b451-48e5a6c9fab3,Reza Ardiansyah,https://play-lh.googleusercontent.com/a-/ALV-UjWwpy9EI89Ip112XLJUe7CBWp0vqBKAa--VGP5lgf3Y4Cri_mA,bad app,1,0,2.1.10,2026-03-25 03:31:28,,,2.1.10
b622be5d-ea6a-4c46-8a96-1616b66f1b15,Aziz balker66,https://play-lh.googleusercontent.com/a-/ALV-UjV83iS1g7jFlvtJ3mOeo4NQrbmb2wjOxRj42zRtKq91MiTYkFY,sangat bagus,5,0,2.1.10,2026-03-25 03:24:56,,,2.1.10
aee196e5-f90c-4818-9698-dfdbbb02dd35,dika Prtama,https://play-lh.googleusercontent.com/a/ACg8ocJKYCFZuMLwekLkrIAazBwlEVcsMy2cuczuSrJRU--lqWhm3A=mo,mantap,5,0,2.1.10,2026-03-25 03:20:44,,,2.1.10
b87f7a0b-e1a8-4903-8d97-00117bf213a4,Hatta Najih,https://play-lh.googleusercontent.com/a-/ALV-UjWh3NjsBEg9nDzsi__B141dwSVHUZswyOtLXfwVK5eiD3a-LD-3,"otp ga pernah muncul di email kecuali masuk melalui otp asal ketik baru dapat masuk dan dapat email otp tapi tidak bisa digunakan untuk apa apa karena otp salah, seharusnya otp salah tidak bisa masuk aplikasi",1,2,2.1.10,2026-03-25 03:12:34,,,2.1.10
3551e4eb-e0af-439f-89e4-bec59c825f07,Bella Royka,https://play-lh.googleusercontent.com/a-/ALV-UjVekE9eIT6cUao_uQqbhjj66a87005Hp4x9YEYo8ZdHDVTYg0k,"kok scan wajah gak bisa2, apa server nya lagi eror ya udah tiga hari di coba gak bisa",1,1,2.1.10,2026-03-25 03:10:09,,,2.1.10
91ca605d-a040-4cb4-a592-377d131d8c45,Mahaputra Aryanto,https://play-lh.googleusercontent.com/a-/ALV-UjU2UQ8K0rQF3kNLY4c4uxPHavvNL4pLVBi6ox0Wx7SpE4hgRXcu,verifikasi wajah ditolak terus,4,0,2.1.10,2026-03-25 03:09:44,,,2.1.10
98bca229-3ff9-416c-ab81-c067a781ead9,Dedii,https://play-lh.googleusercontent.com/a-/ALV-UjUAaTUeEryYPvWA2a-xNzttAK_NCyndEuNDYh--0p9d73qXuRq2,"aplikasi amatiran, sini biar tak ajarin kelolanya",3,0,2.1.10,2026-03-25 03:09:43,,,2.1.10
3ff0178c-3c39-4eb7-8742-7d07db21a62b,Edwin Aldrin,https://play-lh.googleusercontent.com/a/ACg8ocKVlXUPYs59QlQbk6DtF1_8Rh7qzKOz8IFuZB30DE5RqQiAOQ=mo,bagus,5,0,2.1.10,2026-03-25 03:08:26,,,2.1.10
e836547c-6a96-48aa-9157-8998fe8beb5c,M Rizqi Novianto,https://play-lh.googleusercontent.com/a-/ALV-UjWPoxr8PG1ECO3s1DnHi6Ta_0DR0TCs31J4IzMwPX8WqrdtpU09,simpel tapi karena ada kesalan mau diganti malah eror,1,0,2.1.10,2026-03-25 03:04:52,,,2.1.10
bf381943-bc57-49cb-a329-a687d4074875,Feby _kputri,https://play-lh.googleusercontent.com/a-/ALV-UjUNH1IRd9-4SBupMCeZFMzY2oPa0_R6WHcuy7QD8ulkY61TbMHV,ga bisa verifikasi wajah gmna ya terus,1,0,2.1.10,2026-03-25 02:53:23,,,2.1.10
f6ccc563-c98a-4d1d-9063-55c8225ad060,Suryadi Suryadi,https://play-lh.googleusercontent.com/a/ACg8ocISsrwW2zMEqn2BYmQrAZ0D5TclkPGqWvlazGzhWZ0z0FL7QQ=mo,rued menyusahkan,1,0,2.1.10,2026-03-25 02:44:48,,,2.1.10
1910cac2-6939-40be-b4fd-10702a9db8e5,Nang Kevin,https://play-lh.googleusercontent.com/a/ACg8ocKkqcsB-4K0VbACM3Uu0ljUIKJKkW-k6Ap1VMHZ02knG0TNEg=mo,menyusah kan,1,0,2.1.10,2026-03-25 02:42:38,,,2.1.10
377357ba-fadb-4d25-8c65-0a54a8176711,Surya Surya,https://play-lh.googleusercontent.com/a/ACg8ocLfOWqsppbaMOyCkSmnDCQoS6X-6PvYKS8wVil5TidWtXXkwA=mo,bagus,5,0,2.1.10,2026-03-25 02:38:21,,,2.1.10
f77e08c1-5538-46cf-802c-645e93b45907,Hal Yuper,https://play-lh.googleusercontent.com/a/ACg8ocKpigKshYFYoACRns4rE4qvc_3YldQaZLS51t-tHbLkQ-fdSw=mo,mantap,5,0,2.1.10,2026-03-25 02:16:52,,,2.1.10
cde6848d-8e35-4505-9c03-57d26c320e75,Abdur Rohim,https://play-lh.googleusercontent.com/a-/ALV-UjXpeqdgT_oaLOSx2WlFeeLCbv22zGEIKc5_Dp7gXFG9x7Vz9oY,hapus ajah ini aplikasi ga ada guna nya sama sekali udah 2 kali ini gangguan terua kaga becus pengurus nya,1,0,2.1.10,2026-03-25 02:10:26,,,2.1.10
b8d1ece0-0992-4844-8aa5-7279caae60d8,Laras Sanggra,https://play-lh.googleusercontent.com/a/ACg8ocKmIi76Wd-zCigj1MyFRd8Uef19XXvh6cLkdvIWnivprmYksA=mo,susah,1,0,2.1.10,2026-03-25 02:06:48,,,2.1.10
34af25dc-8aa0-42e8-8c04-f84d17e2e7f7,Ali Ahmad,https://play-lh.googleusercontent.com/a-/ALV-UjX4DgnK5qix3jmiRQigHCDFFhkxDGjxcVfL85X0caFv31h8BCA,bagus,5,0,2.1.10,2026-03-25 02:06:28,,,2.1.10
217904c2-aa79-428e-bd1e-a5af1a82e0b3,Salsa Putri,https://play-lh.googleusercontent.com/a/ACg8ocLO3uxG_NaznB1NYdLWf4PbLokgBOasgAgLpaOm6vozlDjTgg=mo,susah sekali bapak bapk,1,0,2.1.10,2026-03-25 01:55:39,,,2.1.10
ecd7ab33-df0c-4552-92fe-12e4aa267f5d,Hasan Beddu,https://play-lh.googleusercontent.com/a/ACg8ocIUmj2q2LEpqzJxw-HZnyVXDQ00oDywFDMzGRbT1e9tbVs_Ww=mo,polri terbaik,5,0,2.1.10,2026-03-25 01:54:05,,,2.1.10
cb2550f0-7bab-438b-9315-25d5e4738a60,Winda Safitri,https://play-lh.googleusercontent.com/a/ACg8ocLZtlKPLERsUOuaJVB-I-IpwrzON9g1QevvMUoRoeoJgLzQlQ=mo,susah bngt ribet,1,0,2.1.10,2026-03-25 01:52:16,,,2.1.10
0881a12f-5d06-4777-b068-0640051cf8cc,Irwan Gani,https://play-lh.googleusercontent.com/a/ACg8ocKv5pUQao_entf4wEvMdfHQYTHDDAZxebIOmOR4NZGZ1BRX8Q=mo,nise,5,0,2.1.10,2026-03-25 01:51:58,,,2.1.10
62206a3b-0707-48d6-9a8f-6da4103b6544,SAFERIUS RESI,https://play-lh.googleusercontent.com/a-/ALV-UjV7d6uqzrcb9Q_7hpvX6L4sGyeS1zEtTNaRCTQ5o6kiFiSOsDM,ok,2,0,2.1.10,2026-03-25 01:50:41,,,2.1.10
10b77866-ce27-4664-a330-01e04bfc690d,Arif Subagja,https://play-lh.googleusercontent.com/a-/ALV-UjUMTKpPFay1ihuIuFL5V3X-O25jAoGsS3dfhI4XAHAPw_q8l5Y,gacor,5,0,2.1.10,2026-03-25 01:43:55,,,2.1.10
78accd1a-daf4-4015-a44d-24b565347dd4,wahyu satoto,https://play-lh.googleusercontent.com/a-/ALV-UjUvbWq0tHpyINRMWJwGEF0FDN_N5Ovb_ffq4so8KSlBh1fhWN06,ok,5,0,2.1.10,2026-03-25 01:34:58,,,2.1.10
9d5ef673-ed8c-4f7b-8119-042317f5c827,Badri tamam Tamam,https://play-lh.googleusercontent.com/a-/ALV-UjVOfqPGzUvZfGymdBNpeYBl4A-vL-I-AkhrbLgQrPXoCnwK64g,mantap,5,0,2.1.10,2026-03-25 01:29:30,,,2.1.10
b1496c9b-1f16-4bf5-8cbc-dffffb6c9646,Nur Imam Ahmad,https://play-lh.googleusercontent.com/a-/ALV-UjURskKDaDvtMgft6fqqZsXNHXzCiyygnYr3HjJgS78NFKlOkoOSHw,sangat memudahkan masyarakat untuk pengurusan,5,0,2.1.10,2026-03-25 01:23:49,,,2.1.10
e64edf1c-7c80-44cf-9ba4-3905556b67cf,Mn Suhardini,https://play-lh.googleusercontent.com/a/ACg8ocIRatqSC0QqBQF1zI0XeERQ5JqwuSItnydjlrwfW0vb21b07A=mo,Terbaik 👍💯,5,0,2.1.10,2026-03-25 01:22:46,,,2.1.10
75be25ec-be73-424f-aa73-9c4ca1cbefbe,Mario Prasetyo,https://play-lh.googleusercontent.com/a/ACg8ocKiigjIKxJfPtb0yrhDrN9CgOXvzHIr5lCXNsdQcL1XmI3M0g=mo,mantap,5,0,2.1.10,2026-03-25 01:18:48,,,2.1.10
9fbff25d-3737-4b3d-a200-3d8ea1dd34b5,Ketut Wirata,https://play-lh.googleusercontent.com/a-/ALV-UjVWNbCHt6rNqZV4sZVS6Smqju4ySvNKbmthhiZY624fTIT5Wv8,sanagat bagus,5,0,2.1.10,2026-03-25 01:17:20,,,2.1.10
b10e672c-6c12-4123-933d-efba96b9d615,Abang Nain,https://play-lh.googleusercontent.com/a-/ALV-UjVxeTxfpbe3fcnqoLijP-SIuc4CMq-LIZBlGhyO7HZwatNdpwLD,dengan ada nya aplikasi ini sangat membantu masyarakat khususnya yg ada di pelosok desa untuk mengurus keperluan lukan di kepolisian 🙏,5,0,2.1.10,2026-03-25 01:07:15,,,2.1.10
2fb57c24-6c68-4738-b31d-6826eb76c3e1,Mario Maupula49,https://play-lh.googleusercontent.com/a/ACg8ocKrKu97K0f_E2svVEIwYimna2blUyzDX5KOWwqCaGdby1vLyQ=mo,terbaik,5,0,2.1.10,2026-03-25 01:03:24,,,2.1.10
74498307-db0a-4c8a-940e-a7d85887cc03,Wati Rahmawati,https://play-lh.googleusercontent.com/a/ACg8ocIkAWgdaEUXy9wMjM94gXuauEFh5yIiFRwQuV7Mvf4jomuCHA=mo,cepat dan simpel,5,0,2.1.10,2026-03-25 01:02:30,,,2.1.10
eee691e4-d5c5-4b9e-a4c4-82978b3b8209,Vina Arvinawati,https://play-lh.googleusercontent.com/a-/ALV-UjW0kYSzRuMOC88536u2vHXm1K4Q2si9OthWiPgBPtVD3IldHpsv,sangat mudah,5,0,2.1.10,2026-03-25 01:02:15,,,2.1.10
f63c8524-fb8c-4f37-9c76-38c9235c56aa,Puji Utomo,https://play-lh.googleusercontent.com/a/ACg8ocJx8Ed482PDf7io-8EJtbDDOByBMpH-CDPkkV7O1JP4STMSKg=mo,Sangat membantu.,5,0,2.1.10,2026-03-25 00:56:05,,,2.1.10
9c4b7f65-0ad1-40ea-881a-d6f3be06e31c,Irfan,https://play-lh.googleusercontent.com/a-/ALV-UjWnxetg_mgz8hKmQf4VRZc_4yrTXZVb873np9hCaol20l4afcxo,good,5,0,2.1.10,2026-03-25 00:55:26,,,2.1.10
c668afe2-d4e4-4cf3-979b-a0c0006e0d76,Darius Batarian,https://play-lh.googleusercontent.com/a-/ALV-UjXz6dEB2O_j3RaCxwwND0Fv9aOy25Jx25Bxf1iD18tK7NSk6g,Sangat baik,5,0,2.1.10,2026-03-25 00:46:56,,,2.1.10
a01703ea-32b3-4a72-9def-95c1863d25cf,Agus Sembiring,https://play-lh.googleusercontent.com/a-/ALV-UjW7cAgne0QTIwkYdvL51zYRhQKb6EKBocYhHhmT_kmaYemDYyA,minta tolong apk nya di perbaiki sdh 2 minggu saya coba daftar SKCK selalu dpat info kalo gangguan pada layanan external,2,0,2.1.10,2026-03-25 00:24:38,,,2.1.10
1d9e9db5-3989-4c97-a655-4f83aacefad6,anisah,https://play-lh.googleusercontent.com/a/ACg8ocIZLz9sD8cfZ2kT2KXdC7l_a-83rNd-xjW0FbtiZbqYp-W6Ww=mo,Kenapa sihhh gak bisa scan wajah terus udh dicoba beberapa kali😭😭😞😔,3,0,2.1.10,2026-03-24 23:56:47,,,2.1.10
1088681c-c20c-477c-8cc1-2e9d3644126c,Kristo Djou,https://play-lh.googleusercontent.com/a/ACg8ocKBSO3sPJGmlypopw-XeCNP_mL9z1e2PnForhd0Hf_UL2dThw=mo,app sampah,1,0,2.1.10,2026-03-24 23:51:14,,,2.1.10
645f0a7d-60fb-46f7-b9b5-f1e1d45421bd,Wiro Wahyu Saputra,https://play-lh.googleusercontent.com/a-/ALV-UjUsRruEtwfy1eaYtKXn8gIG7X1XoGIXWzqvbwSJ-caj4XAeINvT,"lumayan, cuman kalau bisa via pembayarannya all bank account",3,0,2.1.10,2026-03-24 23:49:45,,,2.1.10
7608b805-8459-4c81-aa51-eba703e2eb7e,Siti Mariyam,https://play-lh.googleusercontent.com/a-/ALV-UjV7AaTkUzakDbSW972BvtQ1CLwmnol9o3uaEfBn7TGylXK3J48,cara pembayaranny update lg ya jgn via bri jj dana ke masukin soalny sya blom punya tbungan bri,4,0,2.1.10,2026-03-24 23:25:43,,,2.1.10
424f0aa8-5277-4f2f-ad50-e6c6c43ad276,Juju Jumaroh,https://play-lh.googleusercontent.com/a/ACg8ocLhpz4IwFt6lFOvxdQ8LNfTPIe0JxJYejR0vgb-aImGQBV2uw=mo,bagus,5,0,2.1.10,2026-03-24 22:52:13,,,2.1.10
a6f8c66b-4872-4c0a-b0ab-c56eebd267b2,Abdul Rauf,https://play-lh.googleusercontent.com/a-/ALV-UjUGZiacmw7RMjR3TrQCYrFx7QQN-AwO5hZeZfZsex3-AOZspCQ7,very good,5,0,2.1.10,2026-03-24 20:38:12,,,2.1.10
dee7dfbd-7160-43c3-bf6e-ab01c4fb94cc,Yunianto Hendrawardhana,https://play-lh.googleusercontent.com/a-/ALV-UjWQtI_wJpGBZt6I0TnMnyBaxDNW7ySSB76tcGiZwlF7ANUdcEY,Bagus,5,0,2.1.10,2026-03-24 19:53:25,,,2.1.10
043ddece-7da6-4d26-963f-469d4ac78f30,renaldi ardiansyah,https://play-lh.googleusercontent.com/a/ACg8ocIZd9-g8A9BUuryocRFukrSMkU8H4qVzzrGVmOg6RfCWepnWw=mo,sangat mempermudah,5,0,2.1.10,2026-03-24 19:23:42,,,2.1.10
63053f86-c031-4786-9a40-f2ab634608b9,Sofyan Baharuddin Fian,https://play-lh.googleusercontent.com/a/ACg8ocLKwFRg4u-cFw27lhabPRE-6IzrEV3OVkQbqjQi3RHPxkRFoDQ=mo,mantap sekali,5,0,2.1.10,2026-03-24 19:20:54,,,2.1.10
b5130f47-5575-407a-9d95-d5d384093625,Usman Muhammad,https://play-lh.googleusercontent.com/a/ACg8ocIFG3j1b9Ee_HlRp-tBD1nMGA_G7zsskuQ1bkwwvphED9F9TQ=mo,sangat bagus,5,0,2.1.10,2026-03-24 17:52:44,,,2.1.10
6b93ecfd-8617-4df1-a95c-04d66a126a18,Dimas Tondo,https://play-lh.googleusercontent.com/a/ACg8ocJF4Rk8S2d29_JQ7VVEnk7sNzKSOtrVaJ2E2BUZL7gs-xF9WQ=mo,sangat membantu saya,5,0,2.1.10,2026-03-24 17:28:57,,,2.1.10
6c2ed2a4-c2b3-4284-93d3-b754ce212520,Juniardi Hifi,https://play-lh.googleusercontent.com/a/ACg8ocKL9zbe03T4eXgnj-O1Rp0ZgohRKO3QXvyOOoJL3CblFhUyog=mo,aplikasi gagal aja pengenalan wajah bikin kesel dan sangat ribet,1,1,2.1.10,2026-03-24 13:59:54,,,2.1.10
7b4c9ad0-07e3-44b0-9aee-63eb7405608d,Angkiriawan Arta Winata,https://play-lh.googleusercontent.com/a-/ALV-UjW-hCUelnYAgLWYhasAkkvPxd4ISAPFc_V9xOeN20o5aksIqDA,"susah bgt verifikasi pas bagian SENYUM.. giliran berhasil, malah verifikasi di tolak terus keterangannya.. hadeeeh ribet.",2,0,2.1.10,2026-03-24 12:33:10,,,2.1.10
901ba35e-cb3c-45fb-9efb-a0e6897a0931,Ulil Albab,https://play-lh.googleusercontent.com/a-/ALV-UjUVVWwDMmU4iJqbvEqTS0C91zUKH-HxIRIC7ONcSQ8_bWUrjcGO6Q,"selalu aplikasi dari pemerintah macam sampah, banyak bug dan sistem eror",1,0,2.1.10,2026-03-24 11:58:04,,,2.1.10
c1681b1a-9621-41b4-9ba6-767f8fc1ea86,Muhammad Rahul,https://play-lh.googleusercontent.com/a/ACg8ocL083-TcEXn_aIZv7WMsroo2vcgdORGer0VdoNZH2FWEOVclw=mo,apk nya di perbaiki yg niat dikit kalau mau mempermudah masyarakat,1,0,2.1.10,2026-03-24 10:05:29,,,2.1.10
9a3e5d1d-87ca-4903-aa97-903c792d1e66,nur yaman19,https://play-lh.googleusercontent.com/a/ACg8ocKm429q46jzQDuTyLzcecIHanVuxFMG6y32Rm_dMFzli8vq-w=mo,Tolong lah perbarui pak susah daftar'email udah bener gada kode otp''daftar pake no nik tetep aja harus bikin akun''sedangkan kode otp belum terkirim''dan no nik udah bener ehh malah datanya org lain gmna mau verifikasi''tolong lah pak polisi kita mau kerja jgn bikin susah.. PERBARUI APLIKASI biar rakyat yang mau bikin SKCK senang,2,0,2.1.10,2026-03-24 09:42:47,,,2.1.10
169cf3ae-180e-4ed5-83e2-f7edff7bbad5,Agis Mustofa,https://play-lh.googleusercontent.com/a/ACg8ocI0m4zFfzaVixMq6jp-9b4yRBevrZygb2-Nt-cTHAVF7gtEZg=mo,apk apaan error muku mau bikin skck dll di persulit,1,1,2.1.10,2026-03-24 08:41:10,,,2.1.10
2c1cb8db-d5d2-461f-8400-1d4b8ffbbebf,david aprilas,https://play-lh.googleusercontent.com/a-/ALV-UjU-U1wmf0ppUsCR4BNG2Qei4qFkwWWN6wUe7enO0yoDbHrwmQlJ,"Tolong aplikasinya diperbaiki, ketika akan membuat skck selalu ada tulisan ""sistem tidak dapat memproses permintaan anda, karena gangguan pada pelayanan external""",1,2,2.1.10,2026-03-24 08:02:56,,,2.1.10
ffcc9336-91c1-4378-97b9-aa86fb8b3ecb,Maryati Acin,https://play-lh.googleusercontent.com/a/ACg8ocJJYATB3du46dtLSjprcDqyaMSy5tZsQpTrFM0jhT93KXLwKg=mo,DUKUNGAN EXTERNAL APA ? MAU PERPANJANG SKCK RIBET BNGET ONLINE,1,0,2.1.10,2026-03-24 07:29:29,,,2.1.10
527a3292-a91b-448c-bec8-730dd0a12b0e,Muhammad Suderi,https://play-lh.googleusercontent.com/a/ACg8ocLA912oBnwqQX_O-uHio23Z1GrVr1G2VuGH_KRpkY3NXDOC=mo,buruk,1,0,2.1.10,2026-03-24 07:13:18,,,2.1.10
b01c2a8a-f9c4-4afb-a514-8c2a3309b28e,Putra Gunungkidul,https://play-lh.googleusercontent.com/a-/ALV-UjUXdYu_U9tcx3LtRaw8rKTGNbPaNiHdv3sVkoNbzKgNfSP0Orqj,nggak bisa ferivikasi muka,1,0,2.1.10,2026-03-24 06:39:58,,,2.1.10
f855ac7f-ddb5-4689-94fc-2e0fa63414ac,Sano Manjiro,https://play-lh.googleusercontent.com/a/ACg8ocKzGWkRACp0ZQxAWGCodn9AaUeL3f2P4N7UNjPhImGotBPXrQ=mo,"aplikasi pemerintah yang sangat sampah say mau mendaftar tidak bisa dan selalu saja gagal no hp selalu ada bacaan sudah terdaftar padahal pendaftaran nya gagal, aplikasi tidak berguna sangat"" tidak berguna",1,2,2.1.10,2026-03-24 05:45:18,,,2.1.10
5bca7d26-90a9-4780-84dd-2ddec937a50e,Andhika Wardana putra,https://play-lh.googleusercontent.com/a-/ALV-UjU3bQf-08s5uav2BNrDnHfFHvovol4T2LZc46rggfO7sZK_cHlp,"pas mau daftar gak bisa ,kesalahan external gt terus",1,0,2.1.10,2026-03-24 05:44:48,,,2.1.10
304c593f-1aa8-498b-9969-49dccb5be7d0,mas kuntul,https://play-lh.googleusercontent.com/a/ACg8ocKDlnoe_59g6z0JKAeUviSL9dsSNztWzdkARBAk2KoN5NbNUg=mo,tolong ya polisi .. untuk pengambilan skck harusnya ada di setiap polsek agar lebih memudahkan masyarakat . bukan mempersulit .. tolong lebih di updet lagi,5,0,2.1.10,2026-03-24 05:34:23,,,2.1.10
6a670e0b-cf17-4e9d-99ac-bdcea00b5ad4,Sura Gs,https://play-lh.googleusercontent.com/a/ACg8ocKJ0mxafIzr10ts_EsitwWtGffdS89AIQa2myG8NMg1Lx6N7w=mo,"ini gmn ya kok gagal, sistem TDK dpt memproses permintaan gangguan external",2,1,2.1.10,2026-03-24 04:16:13,,,2.1.10
ede9098a-680c-4e2c-ad8d-21343a08fc7d,echa Nira,https://play-lh.googleusercontent.com/a/ACg8ocJ7CCWRzn0p-mxtZg8OQYvBlGgJWWBQNGLPpW_oVTWz-0FZtQ=mo,sangat membantu dalam membuat skck,5,0,2.1.10,2026-03-24 04:02:03,,,2.1.10
9d86d9fb-803e-4e50-b046-35d84efb424f,Wawan Hermawan,https://play-lh.googleusercontent.com/a-/ALV-UjWFkk-gH7x3r6CWYCpiPjroLymA5OYWQQGZ-M0B0C8bLxyDeZI,saya ko buka sulit yaa gak bisa daftar SIM perpanjang,1,0,2.1.10,2026-03-24 03:25:37,,,2.1.10
594acd91-90cc-4135-90d2-8d4015586288,Lukman Wibowo,https://play-lh.googleusercontent.com/a-/ALV-UjWjp0tcMGzSbMomcnvRUEtIHoh9W4MypYPbX5x81BUYWwyMyds,"tidak bisa scaning wajah,,saya kasih bintang 2 saja",2,0,2.1.10,2026-03-24 02:55:13,,,2.1.10
514779e5-380f-4285-a484-2a4c2a67dae2,Ali Mindriyanto,https://play-lh.googleusercontent.com/a/ACg8ocJXbGOkNKhJLMYfWmvnKTszpAyxZYS6Mp4nJO6w3_wOmKJP6Q=mo,"ni aplikasi gak berguna dan gak membantu sama sekali, 5 hari berturut"" ganguan sistem external terus, gimana orang mau ngurus surat"" di persulit begini, intinya sangat tidak membantu masyarakat.",1,2,2.1.10,2026-03-24 02:31:20,,,2.1.10
a07c622a-0109-4a0d-a1f3-dd45e52454e4,Arya Purnawan,https://play-lh.googleusercontent.com/a/ACg8ocJ-g6xZmEipN9WEN2KnlIXEcE5UF90arPzW9SlCarQuTyUjag=mo,masalah external mulu,1,0,2.1.10,2026-03-24 01:52:33,,,2.1.10
959ea78b-92d0-4652-bdb9-16ca5fb88698,Fajar Sidik,https://play-lh.googleusercontent.com/a-/ALV-UjVc3Qm-bO2ISuKYDMWnC9K5FwvYs5mvLZXLSLK1iAQ7ByHDQQ4D,untuk pengambilan SKCK ke polres terdekat tidak ada,4,0,2.1.10,2026-03-24 01:41:10,,,2.1.10
fcdf1f7c-1268-45be-aca8-830850e68004,Roni Anto,https://play-lh.googleusercontent.com/a/ACg8ocLRB1Xp5b9gFjmDWjfUYwyEx5RP25g-BMc8yLRnB9_LmDhxgg=mo,gimana sih gak bisa daftar,4,0,2.1.10,2026-03-24 01:36:35,,,2.1.10
4e3c7230-2ad6-4259-bf8c-1630bdc3f3fd,Elsa Ramadan,https://play-lh.googleusercontent.com/a/ACg8ocK19Mo-QK1EX8unLXcTdHkUNFV0599N1Amdjv4JF2C5jNV17A=mo,sudah punya akun tapi susah untuk di gunakan,1,0,2.1.10,2026-03-24 01:21:55,,,2.1.10
1d09f9c9-fb5c-4c1b-93f4-63a47691c6a6,Ujang Kurniawan,https://play-lh.googleusercontent.com/a-/ALV-UjVeaUMWavmHdFCuDT9KchoBppfkqxWVylqGLkT7SNUdCyE8qb3-,"saya mau buat SKCK online dari tanggal 18 Maret sampai sekarang 24 Maret pas mau submit "" kenapa sistem tidak dapat memproses permintaan karena gangguan pada layanan external"" udah 1 mingguan kenapa yah,? ada yang tau solusinya untuk NIK sudah teregistrasi, mohon advice nya",4,1,2.1.10,2026-03-24 01:18:16,,,2.1.10
083de1bf-a80d-4724-8b10-0b02821204e3,Martinus Bili,https://play-lh.googleusercontent.com/a/ACg8ocL7GJJDhTX26mHuYRphbYr5PH5J7knMY1mf4WWLo9ktSw58Aw=mo,selamat siang kenapa saat saya daftar di aplikasi ini selalu bilang coba beberapa saat karena ada gangguan external tlong di perbaiki lagi aplikasi ini,5,0,2.1.10,2026-03-24 00:21:42,,,2.1.10
be63f17c-0ed5-4331-b8d1-f38955148227,Dede Wahyudin,https://play-lh.googleusercontent.com/a/ACg8ocK9EK-5W5gB1_YkeAMsP8ELuuba6Y9n2sb2Umt-9P-R9JpH0A=mo,"hadehh...nunggu otp kelamaan,tau tau udh masuk aja ,padahal blm ngiisi form nya,mau di lanjut tidak bisa ,email.sudah terdaftar,sudah ganti email no hp sudah terdaftar ,masa harus ganti semua",1,3,2.1.10,2026-03-23 15:55:30,,,2.1.10
78cd1c5c-c421-4fe5-9a12-7d50830fe87c,Edwin Saputra,https://play-lh.googleusercontent.com/a-/ALV-UjVzPd40q4PdoKkjgoT6P7gsMUdTh_yGYjtd-HG6YHfjiQeO6IjD,"pakk saya nii mau nyetor duit ke negara kok lu persulit sii, niat kerja ga ato emang ga bisa kerja?",1,0,2.1.10,2026-03-23 14:02:44,,,2.1.10
840b5d76-8c18-4a18-98b9-5c01f3150bfd,Ujep,https://play-lh.googleusercontent.com/a-/ALV-UjWA--llYApgCfjhkteISJ5_VSBn9vwfViPkfyj0J_29bBZnKOY,gangguan external mulu,1,0,2.1.10,2026-03-23 13:43:02,,,2.1.10
28c7b2b1-a076-4431-bfd4-df6489942567,Sebastianus Harvey Dwi Caesar,https://play-lh.googleusercontent.com/a-/ALV-UjVzqnNiActgCr0zTDiOQpuG7i82DReCPV9yCjK_Rw3ESuCBCMG_,aplikasi bodoh mau daftar SKCK gangguan eksternal,1,0,2.1.10,2026-03-23 12:25:41,,,2.1.10
9edce704-2532-4a58-84e1-c4e0bb8af80f,Arianto Widodo,https://play-lh.googleusercontent.com/a/ACg8ocI3JolaGCHOGOTeTprFYJ_8694EDhw_QR_ainDNCSIqycJUlg=mo,"merepotkan masyarakat, harus ke kota nempuh sejam, padahal biasanya cuma 5 menit di kecamatan... mending hapus aja programnya kecuali tiap kecamatan ada.. sumpah bikin males SKCK.. padahal masyarakat membayar tetapi harus ke kota",1,0,2.1.10,2026-03-23 11:46:40,,,2.1.10
ab812cb5-d2b9-40fd-9741-01b9508311da,Raden Reza Arikaputra,https://play-lh.googleusercontent.com/a-/ALV-UjWnq8TAFfD3ZeG9hvjOBntU-S6z_Ghukiw1WeWakD8f6mGMLsQN,bukannya mempermudah aplikasi eror terus,1,1,2.1.10,2026-03-23 11:09:47,,,2.1.10
c5f04441-80e3-45aa-9c2f-81f89f4cbbc0,bukhori alwn3,https://play-lh.googleusercontent.com/a/ACg8ocKozz9fZGnxI9sjaYmdN7Q0fIUlaHxFrSSW2UKldMEYk0F2pg=mo,"aplikasi nya bermasalah,waktu itu saya sudah melakukan pembayaran dan tidak ada proses pengiriman tanda sudah di bayar",1,2,2.1.10,2026-03-23 10:59:04,,,2.1.10
71f8eee0-674f-4283-89a9-bc142c9d81d1,Muhammad Hasbi Ash Shiddieqy,https://play-lh.googleusercontent.com/a-/ALV-UjUAy1QsU7WhyK8ov-2A-GUvuhtmQvazRVnrjcIXUA0PNsuCFdwnNw,"sebelum update 17 Maret sampe sekarang udah lebaran tetep ga bisa bikin SKCK, saya cek hampir setiap hari dan sehari saya cek berkali-kali di jam yang berbeda tetep sama dengan status ada gangguan EKSTERNAL yang ga selesai2... apakah ga mau di fix ini gangguan nya external ny???",1,2,2.1.10,2026-03-23 09:24:01,,,2.1.10
871cc8de-b8eb-4e5c-a7b0-454629bd39ab,Ilham Ade,https://play-lh.googleusercontent.com/a-/ALV-UjWp1JGrpkArYGxANTddtwOZw8Xa3nu1GUL6fLbc50pYy2pzsbkV,ini kenapa gangguan layanan external Mulu udh 2 hari,4,0,2.1.10,2026-03-23 09:20:10,,,2.1.10
f9ac02cd-cdd3-4ca7-b64e-68a6129ddfce,Putra Febby,https://play-lh.googleusercontent.com/a-/ALV-UjXoquGOKMiljLJPklfATLQoOGdUCnCUwo7wcfhN5XAXiiGE4xln,"tolong lengkapi lokasi pengambilannya ya, percuma saya download, isi data, kalo polsek yang dekat saya ga ada, saya kan udah isi alamat masa lokasi pengambilannya beda provinsi/kota, lawak",1,1,2.1.10,2026-03-23 08:22:03,,,2.1.10
36f09b02-c71d-4115-b080-caadfad396f7,Ardi Pramudia,https://play-lh.googleusercontent.com/a/ACg8ocI8S9nPDsVxNSmsYscvHvm-AYIaMFV0ZI8ZaJou406zs4QxkJ0=mo,kenapa setiap saya scan wajah gak bisa.. udah nunggu lama tapi gak bisa-bisa. tolonglah perbaiki biar mempermudah yang mau bikin skck,1,0,2.1.10,2026-03-23 07:43:01,,,2.1.10
5f624784-5c1a-491a-bad9-d75c01e210ea,Hams Gaming,https://play-lh.googleusercontent.com/a-/ALV-UjU5m_HCJvVlsFc1fx8h8ayuuLCqpyYxsZJ0elncgW-tjYgS0Vst,Bikin aplikasi kalo dananya dikorupsi ya busuk gini,1,0,2.1.10,2026-03-23 06:26:24,,,2.1.10
7cb22706-8e62-4700-bdd7-8042aa99b6ce,Y U S R I L,https://play-lh.googleusercontent.com/a-/ALV-UjU9uWff1kmKMSZIqfzsShixyGScTT4JikI0bl-6aiy39370oeHlCg,"BUG KAMERA DI ANDROID, Pas mau verif wajah ga bisa, udah nyoba di 2 hp android. kalo make iPhone bisa buat verif wajah. benerin lah developer. dikira indo mayoritas iphone.",1,0,2.1.10,2026-03-23 05:25:53,,,2.1.10
0aa80c05-c45c-4d05-986e-37394e44d72c,08. Dzaki Herwin Nur Fauzi,https://play-lh.googleusercontent.com/a-/ALV-UjXatJqOtbzcmApwkDW1FZFK9zPVSR9y1H-Vj-RGlBVzgxvOtbfY,mau bikin skck malah eror dari malem sampe besoknya ttep gabisa,1,0,2.1.10,2026-03-23 04:15:56,,,2.1.10
f30a8fbb-653f-48b3-b97c-e0d0dd9504f5,Ali Yud,https://play-lh.googleusercontent.com/a/ACg8ocJBGx5_LMzXgj1DpXHGxA3-eLCA5hDMkOIg-I8jKMK-R2zQYA=mo,"mau ngurus SKCK ngebug mulu, kalau sistem nya sudah baik, mungkin aku rating lagi",1,0,2.1.10,2026-03-23 03:42:32,,,2.1.10
a8ad7237-e4a9-4d6c-8ae9-14125137a72a,EDI,https://play-lh.googleusercontent.com/a-/ALV-UjWVCMUoyjqa-t_r9a_mdH3iNR857UpqLOyl3DjsCa4QJEiwTZFV,mentok di verifikasi akun padahal baru daftar kenapa pak mohon solusinya,1,0,2.1.10,2026-03-23 03:21:15,,,2.1.10
297388cf-7051-492c-91bd-49e2f94893d1,Qeisha sabrina,https://play-lh.googleusercontent.com/a-/ALV-UjVsWxYqdEdiab8k9vULI3IY_nuoXFQl5L_-vZ_sN-UZ2zwnLg,Weh cara ganti nomor tlp gimana?? ihh aplikasinya gak pernah diperbaiki,2,0,2.1.10,2026-03-23 03:18:04,,,2.1.10
f6b4384d-cf07-47bc-b45c-75167d258e3e,Ari Fadli,https://play-lh.googleusercontent.com/a/ACg8ocLlvLhUkvBtGWcW4rIAu4sd2NGqjQjb-9Gtar6XcM69y7w0OA=mo,pengambilan daerah Sulawesi (Polsek/polresnya) tidak tertera padahal GPS aktif,2,0,2.1.10,2026-03-23 01:13:10,,,2.1.10
b9a53df2-cbca-4ec7-8aad-617f0b02b5b4,nadila dila,https://play-lh.googleusercontent.com/a/ACg8ocJ9u8vQnBQ7G87UkWGTSsvWZaDM9rIO7JjDdgj-gDQdaXsLcg=mo,tolong dong diperbaiki masalah polsek/polres di Sulawesi itu tidak tersedia,2,0,2.1.10,2026-03-23 00:59:28,,,2.1.10
2f56c1b8-0f26-429e-914f-7d1d9385c395,Ali Mufti,https://play-lh.googleusercontent.com/a-/ALV-UjWDfLjUDkqEZDcIXPXD0RKI8mAfrGUiKPEsQ7AVcB1_77ePF-6X6w,GAGAL TERUSSS MALAH : sistem tidak dapat memproses permintaan karena ganguan pada layanan external... HADEUH,1,0,2.1.10,2026-03-22 20:50:35,,,2.1.10
91e2ed76-4872-405b-a7bb-d3abcdab6bd5,LEONARDO “THE LEONARDO” -_-,https://play-lh.googleusercontent.com/a-/ALV-UjUVMGtjbixb_wKVsYZDvNYZ660iKZMIgp_yQOWlS768AkQv-UwC,"Akhirnya tahun 2026 dengan kebijakan bisa urus skck di luar daerah, saran karena ini super app harusnya semua fitur pelayanan polri digabung cth: perpanjang sim, from pembayaran pajak 5th kendaraan,dll .",5,0,2.1.10,2026-03-22 18:50:22,,,2.1.10
3e973a0a-dddc-48cb-a95d-fcc6e60b54e4,AWN Channel,https://play-lh.googleusercontent.com/a-/ALV-UjVu2Ia4Jy7THkWqoaZdMdG_y0FZZ6JflbskHYh9Gk3lBncGDXl6,tolong fix aplikasinya min. mau bikin SKCK keterangan gangguan pada layanan external!,5,0,2.1.10,2026-03-22 12:53:04,,,2.1.10
80d92956-6722-4379-9910-690614c92314,Danang Febri,https://play-lh.googleusercontent.com/a-/ALV-UjVlW_7m_9JAKCvGFHZpwjR3mPV7cRV_eX2Y3LUkfXc14hUIV59y,team IT aplikasi ini bayaran berapa? bisa kerja beneran gak?,1,0,2.1.10,2026-03-22 10:29:16,,,2.1.10
4572e2b8-428b-4a94-9e4b-f2e5ca751207,Lima Oetara TV,https://play-lh.googleusercontent.com/a-/ALV-UjVJXjX-Z-CtraYuy1Y306CRPJUQzrH9T0zSYXN93InTo1MbhO8N,aplikasi jelek,1,0,2.1.10,2026-03-22 08:16:54,,,2.1.10
37f6ad6e-97e3-46b9-b774-bf881ff3db7e,Indra,https://play-lh.googleusercontent.com/a/ACg8ocJQ-m2VOXNknJUvNDtPS_dWJulrLsYq4ZBfzBnTMi9a8zOUNw=mo,"Gangguan pada layanan eksternal udah 3 hari mau bikin SKCK tapi tidak ada perbaikan dan informasi lanjutan,betul ga bisa di andalin",1,1,2.1.10,2026-03-22 06:21:50,,,2.1.10
66543087-cd73-496f-99e1-66d6b7044fe1,Muhammad Sukma Wijaya,https://play-lh.googleusercontent.com/a-/ALV-UjXK96NamyDcE53f12Wyds107rjA8OrNKm1XEIlCUD1pJISEGks,baikk,5,0,2.1.10,2026-03-21 11:38:32,,,2.1.10
3814311d-5e21-404f-9102-20bdf7ff86bc,Abil Wahyi,https://play-lh.googleusercontent.com/a/ACg8ocKjN2sbdlHjTfQ-ibP-4U2hjVsuxl9UNuAwYruBbWiRjTmpLg=mo,minta tolong buat update nya agar bisa koreksi data soal nya data nya salah pas bikin skck pas mau koreksi data nya malah gak bisa gangguan apk nya sampe sekarang gak bisa bikin skck karna ga bisa koreksi data nya,5,4,2.1.10,2026-03-21 11:17:48,,,2.1.10
5c7db9ca-84ce-474a-92a3-d8cbbaf4a31d,wahyu kecil,https://play-lh.googleusercontent.com/a-/ALV-UjWydWwmqef81pHx7HAc9IvvwnOVS4J-f14K_mA7B0S2jvtIW8U,"saya sudah punya akun masak iya suruh daftar akun terus ga bisa ke menu utama, login masuk lagi suruh daftar akun lagi",2,4,2.1.10,2026-03-21 03:29:28,,,2.1.10
8ef2f8b5-d25a-4546-b960-92a3daa96646,Mahesha Raharja,https://play-lh.googleusercontent.com/a/ACg8ocKxAidSgjdAlhi25jbFanQSFwnyrnwl41GTOab8X_suvvekxw=mo,masih dipersulit memasukan datanya,1,0,2.1.10,2026-03-20 14:45:15,,,2.1.10
2ce00b19-be45-4c47-af75-a690e5d0986e,Mifta Jhon,https://play-lh.googleusercontent.com/a/ACg8ocJ-nVTdN6ihRhDPDvNstce7W49TPJo5xw4q1SDmiTtcCkAOhw=mo,terbaik👍💯,5,0,2.1.10,2026-03-20 10:33:38,,,2.1.10
712cba2d-b7d6-4207-bf5c-36354c952f85,Syifa Aprilianti02,https://play-lh.googleusercontent.com/a-/ALV-UjWPr5wnEKCYCENuJpXMMUzGBgqGvEGjbSpJEJD9l9U0Pu-xMWQ,jelek bangettt,1,0,2.1.10,2026-03-20 06:33:17,,,2.1.10
2fd54090-fe46-47e5-bfeb-8dfd41b133e2,Lia Maya,https://play-lh.googleusercontent.com/a/ACg8ocIuDT7CNNRJ8GAEYX1kK3iFCTtyshuA_lez8TFMuiYZymo6nw=mo,kenapa tidak ada Polsek sekitar malah diluar kota semua,1,0,2.1.10,2026-03-20 04:50:37,,,2.1.10
dccdb7a3-5605-40e4-823e-9bf0a6a778f7,Ducky Cepot,https://play-lh.googleusercontent.com/a/ACg8ocJfO9dDeGCBPs9b_4SWtiIAA5pV2-ZxBbjyHiWtd73vqgpdag=mo,"aplikasi lelet/ribet bikin skck syarat harus bisa menguasai air,langit,tanah dan seluruh bumi",1,1,2.1.10,2026-03-20 01:52:28,,,2.1.10
09cb8411-990b-4c32-8a56-f7139e1d6edf,Resa Refia Nanda,https://play-lh.googleusercontent.com/a-/ALV-UjVXPGlZuMbqgEwgQK1zFcOAj0V9W7WSSJ2ep7zJo_uCCD3pVWE,"sama ga jelasnya kek yg bikin aplikasi, masa setiap diisi logout terus",2,1,2.1.10,2026-03-19 22:02:29,,,2.1.10
14c4005b-b89b-4586-91a7-eaa6ec70eb56,FKC Chanel,https://play-lh.googleusercontent.com/a-/ALV-UjU-1Nhnm9wAz1YOsnnCSZdOFYfvBr2gboFzWFdq74TxLP8QPwY,Apk Sangat Membantu Skali dan tidak Sulit digunakan,5,0,2.1.10,2026-03-19 16:28:06,,,2.1.10
b3ba61c3-1060-4779-b8cc-923ac3e96a58,Agung Setyabudi,https://play-lh.googleusercontent.com/a-/ALV-UjV7e9W3Buzqdj-Ga8oPO3L0ZdkzmgZI7ggnoNS0ZGAKSO879S4x,Gak bisa scan wajah,1,0,2.1.10,2026-03-19 16:22:08,,,2.1.10
16256c6b-387a-4377-8dc5-95c1ebf681b3,Ankling Kusuma,https://play-lh.googleusercontent.com/a/ACg8ocJPJp5X9kNuzou1DH6m1UrIdxoJiDeJyxaTowMeCtsu-_8HDA=mo,selalu erorr,1,0,2.1.10,2026-03-19 09:22:52,,,2.1.10
3c405771-3779-426b-a73f-02cbf597c273,miauw,https://play-lh.googleusercontent.com/a-/ALV-UjXHQk7swYumDB3C0Tbzm-cqIG5Dp2ksR_UFVtrpCATv0N7HWJPxJw,knp sih gangguan mulu,3,0,2.1.10,2026-03-19 07:29:11,,,2.1.10
9373d022-4b93-4e17-a4e6-bfb4c9014fc2,Ibra SYAKIB,https://play-lh.googleusercontent.com/a/ACg8ocJOug7yD9ZzAftX79D_YayvA9tdkd3ErkyEJf15oEXx3i77AQ=mo,udah upload foto sama yg lainnya kok gak bisa daftar untuk pembuatan SKCK.keterangannya ada gangguan external,4,1,2.1.10,2026-03-19 04:01:49,,,2.1.10
8572d8c0-d070-4f81-80aa-2d98605ad3ed,31-Putu Noverita Purnamiarti,https://play-lh.googleusercontent.com/a-/ALV-UjVa-0LlxRluXPkVRg52IaA0qbV4dBV-6C_gPVwZICW3Uzl1oEVB,"ijin pak saya mau ganti tahun di skck nya kok tidak bisa ya?? kan saya dah jadi skck nya ternyata salah tahunnya mau ganti tidak bisa, tolong dibantu 🙏🏻",5,1,2.1.10,2026-03-19 01:04:14,,,2.1.10
aaa96e16-bccc-480d-bfb0-e02d23d927a4,ID Handphone,https://play-lh.googleusercontent.com/a-/ALV-UjXTrl22gJFUTVFssWXmEsScs8ZPCukuwaFaM43fb-FSS4k1TQw,"sumpah aplikasi tak berguna mau pengajuan dari pagi sampe malam ttp ga bisa, benar2 tak berguna",1,0,2.1.10,2026-03-18 14:39:14,,,2.1.10
057f84f8-2e4b-44cf-a293-e8e0166c684e,Ayu Wardhani,https://play-lh.googleusercontent.com/a/ACg8ocLtxeKgtaBmd9wkPR7mfeAwMO29aqC6h4GLSHNr_Ba0ELzynA=mo,"Ga berfungsi, setiap menyelesaikan pendaftaran SKCK selalu gagal. Disana tertulis ""SISTEM TIDAK DAPAT MEMPROSES PERMINTAAN KARENA GANGGUAN PADA LAYANAN EKSTERNAL. MOHON COBA BEBERAPA SAAT LAGI"". Sudah coba beberapa kali hasilnya nihil, masih gagal.",1,1,2.1.10,2026-03-18 12:59:39,,,2.1.10
87a2f373-4a32-4986-838c-e1c82c467c59,Tarkie Pa'tong,https://play-lh.googleusercontent.com/a/ACg8ocKWL0jp8Rf6xQXzWNZXQKyJiwJSfr8YisA-OnfS1ZGFqvCPFA=mo,"mau urus skck aja kok ribet, saya butuh cepat skck untuk melamar pekerjaan tapi tanggal yang tersedia malah minggu berikutnya baru ada pelayanan, sedangkan lokernya hanya sisa 3 hari lagi. tolonglah jangan bikin kita sulit begini.",2,0,2.1.10,2026-03-18 11:06:14,,,2.1.10
