reviewId,userName,userImage,content,score,thumbsUpCount,reviewCreatedVersion,at,replyContent,repliedAt,appVersion
ab3e7cb7-2d68-49e1-851b-05f029220f05,Yudha Andika,https://play-lh.googleusercontent.com/a/ACg8ocLP73GXutHxrShLYtE19AHplelTtvhs0zG4ZjuQimXYGA_ikA=mo,sangat membantu,5,0,2.2.7,2026-07-16 10:09:03,,,2.2.7
fe913745-b527-47dc-a6bf-848276dc40c1,DANI,https://play-lh.googleusercontent.com/a-/ALV-UjUbendaDm98kMeh23gRxnme5VoBxV-Vidd1D-bGZh1z75rUqBeL,sangat membantu,5,0,2.2.7,2026-07-16 09:32:55,,,2.2.7
6b917d74-502f-4747-99c3-dc1c44d5dce6,Nuraini 1,https://play-lh.googleusercontent.com/a/ACg8ocLbZl-VErHQbzILSMSuPyqJaLN8QHio5esJ7kVF1ulO9zhFaA=mo,top,5,0,2.2.7,2026-07-16 09:26:36,,,2.2.7
6b38171d-2e79-469b-9585-0c65d5731295,Rider Champion,https://play-lh.googleusercontent.com/a/ACg8ocLB9TBJTfM7IRiEuEzyyBj8lUrPET4usrFN_skNvDbfdPOl=mo,mantap,5,0,2.2.7,2026-07-16 09:26:30,,,2.2.7
aecab1f8-fd31-4a02-a735-01469453c9a1,Muh. Ifansyah Ifansyah,https://play-lh.googleusercontent.com/a/ACg8ocJrPEteMhL0ilqro3yvcRsIUAFTw1b3IqdkN3fJEVLMJpEY=mo,terlalu lama pembuatan skck,1,0,2.2.7,2026-07-16 09:21:16,,,2.2.7
405d25ca-b0d6-4a84-b546-109f30695373,Zuli Anto,https://play-lh.googleusercontent.com/a/ACg8ocLsm0HaV5GjkqiiDzgtubQinBRTujrBWzktIkzD4wE5Jo-Dmg=mo,jos,5,0,2.2.7,2026-07-16 09:16:16,,,2.2.7
875e4a25-e7b9-4ba1-aac3-66fedefa7b8a,PLONGA PLONGO,https://play-lh.googleusercontent.com/a-/ALV-UjV2EuI5tzaPTlaYX-2uQ8YtYTqk-UItnhZdyibVYHxHNgyRM1tB,hari +3 menunggu review.,5,0,2.2.7,2026-07-16 09:00:17,,,2.2.7
7ca8cb0a-0b57-4a4b-b077-1d3c784c7e48,Affandri Herdo,https://play-lh.googleusercontent.com/a/ACg8ocIzifOWs-rwhb_DUgiAljijSrkDu0Wa5sgHni5smgNF603h8g=mo,bagus,5,0,2.2.7,2026-07-16 08:48:05,,,2.2.7
d42c2bec-e1a0-4402-b1ed-459f02180178,Ahmad Suryadi,https://play-lh.googleusercontent.com/a/ACg8ocIjkjS7_r-B28cTRZqxy_vAkee-7B8eYPFBpc6gH94_Oc446w=mo,mantap,5,0,2.2.7,2026-07-16 08:12:32,,,2.2.7
2dc7671a-125c-41eb-a467-98e80c368a74,Riyan Kurniawan,https://play-lh.googleusercontent.com/a-/ALV-UjUxTjy1ozj91t9PwkyP7B-BaAX3AUJsaHUJouTAdLyTMUEFBjdRFA,lebih mudah dan cepat enggak perlu pake berdesakan lagi..terima kasih atas kemudahannya,5,0,2.2.7,2026-07-16 07:39:24,,,2.2.7
c99e177e-c485-405e-8f51-c779986ec28f,Kartono 01,https://play-lh.googleusercontent.com/a/ACg8ocJ0iZ5aCiWkayN0LG2lFOM595D6ayxepjAtQjNH9T1ntDVAlA=mo,pelayannya kurang ramah,3,0,2.2.7,2026-07-16 06:56:45,,,2.2.7
89914e28-3378-4ee4-9089-c4b6a1c349be,SETIA FAJARIANI,https://play-lh.googleusercontent.com/a/ACg8ocIid0t64UaWI-_e37uty1rHUSexvrTVTdPX6MYA6nFlpidFSA=mo,baik,5,0,2.2.7,2026-07-16 06:48:38,,,2.2.7
20224bfe-b092-4ef3-b292-4ceb534217a8,fbryriann_,https://play-lh.googleusercontent.com/a-/ALV-UjU-9VyHqGG-Oa6qtx1t7wML4bQl0f-8MMwDqIU2-7-nlKKd8MWj,mantap,5,0,2.2.7,2026-07-16 06:32:23,,,2.2.7
ae97d168-7e9d-4a0c-8ee3-49093cb80186,daffa hafizz,https://play-lh.googleusercontent.com/a/ACg8ocJ2SppnnHeUftoY-UPJ9r3C3vGw3gMYHONMoPwqcNTv4S6oYQ=mo,baik bangt,5,0,2.2.7,2026-07-16 06:26:08,,,2.2.7
c8c714db-c7fd-445d-931d-83ce82e16414,Syahri Rachmadani,https://play-lh.googleusercontent.com/a-/ALV-UjUUy0W18DDpBO0Tgq7YDhzRbRHvMXl1UWaEtdX9Cub6aDuT4cb8,verifikasi akun ga ada tombol nextnya aneh,1,1,2.2.7,2026-07-16 06:10:58,,,2.2.7
b4dfb682-e54f-4449-804a-02665e32dcf1,Free Dimention,https://play-lh.googleusercontent.com/a-/ALV-UjXMnZGBTfHWoskbsJeNKByFXpmrVebsZ3c2UR5IILvrA5yYGn0,sangat bagus,5,0,2.2.7,2026-07-16 05:39:52,,,2.2.7
98420ced-b6b4-40bd-9a93-2c5dd6346a0e,agus pom,https://play-lh.googleusercontent.com/a-/ALV-UjUatmk5T1N7PCC04ChzRUVDQtWsIRUPRzHhz_wCvuO1DLij6eim,oke,5,0,2.2.7,2026-07-16 05:34:12,,,2.2.7
5da3665e-0db0-4402-8c70-e5e29fc24e7e,Muhammad Rosikhin,https://play-lh.googleusercontent.com/a/ACg8ocIrsm0fI-ziWRLzigR4Y6w1zOR2c1xoUWuXwouIN7sNSkQNew=mo,sangat baik,1,1,2.2.7,2026-07-16 05:28:45,,,2.2.7
bb897203-1db4-4157-beaa-5bee42828ca1,Senconeri Ginting,https://play-lh.googleusercontent.com/a-/ALV-UjVmsH_S-kyrS_PCSffG2htstJBkEpqz9LibZRE_gVGFDp3NhCw,sementara baik,5,0,2.2.7,2026-07-16 05:16:05,,,2.2.7
a244fac6-d0b7-4564-8786-0beaec724afc,Mochamad Bagus Setiawan 88,https://play-lh.googleusercontent.com/a-/ALV-UjV5ARlxV67RRxYIq8c-Sev_2q0FZCg6uJRLpMPgHYo-n6v0zuA,admin cs nya lama,1,1,2.2.7,2026-07-16 05:12:03,,,2.2.7
c9ce7754-6e03-4ce5-aebb-c5a8834d3791,Titin Kartini,https://play-lh.googleusercontent.com/a/ACg8ocIgz9NNAOPRIGeYLWUtUiBdYUuiC1uA8f86ZJe-ESXhjulyfg=mo,bagus,5,0,2.2.7,2026-07-16 05:09:40,,,2.2.7
ab38eefb-f2f0-49a4-a483-8b51463da393,im allrole Pandu,https://play-lh.googleusercontent.com/a-/ALV-UjW7lmp4Iplo_c5yVl3xy388L7XBnjcsHqFIuekYjoP-LG6faYC4,jossss pakk,5,0,2.2.7,2026-07-16 05:03:40,,,2.2.7
8daf3de1-8ceb-44ac-bb7e-79b6b7653985,Murni Rada,https://play-lh.googleusercontent.com/a-/ALV-UjVFvcyURqgon4fULHgAkxZOSuxkDbAkZCxWh1WJ2Fw-6JYbh0U,bgus,3,0,2.2.7,2026-07-16 05:01:50,,,2.2.7
8d8ba516-0c7c-4292-9aa2-b8785cb85c81,Akhmad Latif,https://play-lh.googleusercontent.com/a/ACg8ocLU-on9Y9Tu4wRgrvKalFXGqDX85l5mq4LxEDaLywfsjy0rJw=mo,sangat membantu,5,0,2.2.7,2026-07-16 04:41:03,,,2.2.7
17776f7b-7b5d-41c5-9c30-bd60f5e6a138,unces tamher,https://play-lh.googleusercontent.com/a-/ALV-UjWbaXuMG0KKYE2HjMV2TkzXTMOBP6chQUK8JqADTsoAAI5DWvo,bgis,3,0,2.2.7,2026-07-16 04:19:04,,,2.2.7
03b0e7f9-02d6-41a0-8593-059f05422b8d,gbrann,https://play-lh.googleusercontent.com/a-/ALV-UjX57EJpLoyranT6Za3WrHkHqLro05F0XlWZIEKZq5LhN5lTqDw-Mg,keren sangat membantu rakyat,5,0,2.2.7,2026-07-16 04:05:03,,,2.2.7
54086e72-1f1e-49dd-8842-ce6449ae0f64,Mustakim,https://play-lh.googleusercontent.com/a-/ALV-UjWkG15OoKjoUk1C9nJPezM5OydnIC37XdCay93sCE5SUhnV9LV5LA,makin jelek ajah ninh apk kebanyakan bug cape bener🙊,5,0,2.2.7,2026-07-16 03:55:37,,,2.2.7
c478b679-a5d8-4331-baab-d5617697a07c,Jundala Joim,https://play-lh.googleusercontent.com/a-/ALV-UjXzCNOdsHnvGweSMQSJ-WGq0u1F9TXi0-CeSWPGTQqSquh1ors,"bikin SKCK, bisa2 nya apk keluar2 sendiri",1,1,2.2.7,2026-07-16 03:52:20,,,2.2.7
26680d31-d48a-4f0a-9fd8-51fa0930125f,Ollyn ithang,https://play-lh.googleusercontent.com/a-/ALV-UjWNQkEF1T2uWtmTr48s8-tWsXZXbGcW_xivuuzkLz4AADSwNYU,mudah di jangkau,5,0,2.2.7,2026-07-16 03:43:31,,,2.2.7
1525736e-ce4c-4c9d-9d83-1501fb57e737,umar dragneel,https://play-lh.googleusercontent.com/a-/ALV-UjVm8iATh9DMpQrYPkaqTRdshtWBzExnLtQrKU9ha4PD7bCDBsUY,bagus,5,0,2.2.7,2026-07-16 03:29:46,,,2.2.7
7afbf10d-196d-4148-86f2-72ca73113cb1,Alief Arbar,https://play-lh.googleusercontent.com/a-/ALV-UjWSePRlde2T01G5oqgVu2L9lhBMCx2Yq6Li9CxG5dLHpWPnbul6,saat ingin membuat SKCK lokasi untuk membuat pengambilannya sangat terbatas tidak seperti dahulu di app presisi,1,1,2.2.7,2026-07-16 03:07:51,,,2.2.7
0e4c0300-3b27-4248-9491-3875c31567fc,Estri Ariani15,https://play-lh.googleusercontent.com/a/ACg8ocLuGRbzC5Gpq-YXuEEZqHqfTeuHHZ9MRo-VwINT7X_kDdHT3A=mo,sangat puas,5,0,2.2.7,2026-07-16 03:02:40,,,2.2.7
d83f5c9c-86aa-46fd-b782-e2c061be56ee,Dirly Cristian,https://play-lh.googleusercontent.com/a/ACg8ocIcvB9yIG0jdmSOo7Mmu5wBVgsOpVcPlJM1g9hND9kFl8l7oQ=mo,"aplikasi ga jelas suka error,mana errornya pas penting lagi,gaguna",1,1,2.2.7,2026-07-16 02:59:24,,,2.2.7
8b0f3363-d2af-4809-9abf-51d47f767ceb,Imam Sutejo,https://play-lh.googleusercontent.com/a-/ALV-UjXqauJDvRYr2HCzRlav6iUYC9pmclM7AJ4ZFbUGFQSIUA1suTGP,keren.. sangat membantu,5,0,2.2.7,2026-07-16 02:59:19,,,2.2.7
4b39f36d-a89f-4334-824f-f01f8bb2f6b2,Anggara Wiguna,https://play-lh.googleusercontent.com/a-/ALV-UjXgvwgrLpsKvtx2S8DZJTwmnIuiWsD4ZRObvYBI2828TGkmZ0FW,"Untuk pengambilan SKCK di Polsek daerah lain gak ada yg ada hanya Polsek daerah Jakarta, tolong di update lagi untuk daerah lain",4,0,2.2.7,2026-07-16 02:54:56,,,2.2.7
54e6a769-718c-4051-bcd9-0a77cd7bdd19,Aghilo #21,https://play-lh.googleusercontent.com/a-/ALV-UjViUZE4gkn03U1i877hK8BjxG9VjaHf6KB_vark-AnRpPCLPeoo,thanks you urusan jadi gampang,5,0,2.2.7,2026-07-16 02:54:06,,,2.2.7
a99c92ca-6b72-4a98-81a1-a98ca0604fd1,Hariyanto Ceria,https://play-lh.googleusercontent.com/a-/ALV-UjVQLQAgGhtllDplarEij6X_2jWJYMH2BWmeY5d4Cx41pej1HHdt,puas,5,0,2.2.7,2026-07-16 02:42:05,,,2.2.7
84ca202d-e762-49bc-8e63-a84fa1ae0e93,Apeng Aritonang Aritonang,https://play-lh.googleusercontent.com/a-/ALV-UjUK2Fu86m_vN2d9t6B6eHpcMYUxnf8iZFYrWn-Cp1MnREXTBS5o,proses ambil photo rumit.(lihat kiri dan kanan tapi berulang kali),3,0,2.2.7,2026-07-16 02:32:01,,,2.2.7
d9bab24a-c957-48b6-978f-7a422cb338a1,Ganda Tewa,https://play-lh.googleusercontent.com/a/ACg8ocJbdDs1kQYCZOQXpRHFHsBLS9eY64p-EHc-5y1ulsI1JIcsLg=mo,membantu mempercepat pengurusan,5,0,2.2.7,2026-07-16 01:43:29,,,2.2.7
4dfb329a-e3a9-4eec-a1fd-c2d908388f8b,Muhamad Ali Dewa,https://play-lh.googleusercontent.com/a/ACg8ocKj0NwQ9WwHEG0n1xFjfoD3ofoJeAOzITdxLbR0pflzaiWf7g=mo,mantap,5,0,2.2.7,2026-07-16 01:34:51,,,2.2.7
7f076f36-423a-4aa7-8eeb-ca91bab5828b,Aqzha Arif,https://play-lh.googleusercontent.com/a-/ALV-UjVloLggdw4qVlrPMXUossH5l7HYHeikIvZuGebL5Lf5RpuepZA,Menambahkan SIM C susah amat. Error terus apk nya,1,2,2.2.7,2026-07-16 01:16:32,"Hai kak kami mohon maaf atas kendala yang kamu alami. Terimakasih atas review yang diberikan, kami akan terus berusaha meningkatkan kelancaran koneksi pada aplikasi Polri SuperApp.",2024-05-07 06:13:32,2.2.7
6377e128-e5fa-48a9-b77b-6358e59216ed,Ali Syahbana,https://play-lh.googleusercontent.com/a/ACg8ocJyAxGphTxdKC5k8F6cprdI9SnCT2-0Z3ScAOYh8gbR2GPWhQ=mo,sangat membantu sekali apalagi saya diluar kota,4,0,2.2.7,2026-07-16 00:56:44,,,2.2.7
18165637-9b0e-47cb-a1c1-de1315ceae94,Hendra,https://play-lh.googleusercontent.com/a/ACg8ocJp-ZwoGmizF90u0CWyNu9u35FWr6OD-LFwyH3WC9UHCQqeDg=mo,bagus,5,0,2.2.7,2026-07-16 00:44:36,,,2.2.7
42eb11c7-503b-46fb-adbc-7818c1356b79,Achmad Fahri,https://play-lh.googleusercontent.com/a-/ALV-UjWB46uuv58T-ofomIUotjy2FilTNMLnpIugqPOxJrO04tVR_lfU,"sangat memudahkan untuk kami , tidak perlu antri .. terimakasih polri",5,0,2.2.7,2026-07-16 00:13:53,,,2.2.7
bc39846a-f9ac-44d9-8e1c-0507e52f544e,Azriel Saputra,https://play-lh.googleusercontent.com/a/ACg8ocKSC-lQvGQ8O9AsTibyn4OveMNdMdW7YDeE3lNwpBRMSJs2vg=mo,sangat baik,5,0,2.2.7,2026-07-15 14:30:50,,,2.2.7
22627ead-f048-4c92-8d97-f77ee2ca3e0e,Eko Sulistyono,https://play-lh.googleusercontent.com/a-/ALV-UjW6IfGRtKyupCOPchfZw_KUbWM2A-zTfAurdCRxLAY6pV_SXa0I,Mantap Pak Polisi,5,0,2.2.7,2026-07-15 14:24:13,,,2.2.7
e993b692-e23a-4b2c-ae8a-9e60e4056fed,alga zhali,https://play-lh.googleusercontent.com/a-/ALV-UjWYWhEDIXQ3nLWUPNpR0qMXV89ZAlHDdOA1v35BkT6LhJ65qn3k,baik,5,0,2.2.7,2026-07-15 14:21:36,,,2.2.7
d371f9e6-7058-4352-82fa-73761fffdfdd,adelia putri,https://play-lh.googleusercontent.com/a/ACg8ocI10a92SkE2ILnsqsP0f4BAnvMZ2cTeDyIKgnatyTSRD_kmDg=mo,cocok untuk keperluan,2,0,2.2.7,2026-07-15 13:38:59,,,2.2.7
f38aaa6e-0edd-4eec-993b-5d14925ddcee,Kalpinus Phinsinsius,https://play-lh.googleusercontent.com/a/ACg8ocKf86QlfZidlkWbouzmyxBnPikNPnRF2DL6_WTVAQxQzaTjBQ=mo,sangat membantu,5,0,2.2.7,2026-07-15 13:18:43,,,2.2.7
144715dd-3bf1-4e3d-bd83-2a0c5ee5fe22,Alek Budiawan,https://play-lh.googleusercontent.com/a-/ALV-UjXGIltCCWLjNWWEXEtXMq7ehmv3qPObpMFjj6qtaV4M6twJAch5,"mantaaaap , mudah dan cepat",5,0,2.2.7,2026-07-15 13:14:07,,,2.2.7
74e12cc2-fcc9-4ab5-aa50-70d0238cfdf3,alwadin waoma,https://play-lh.googleusercontent.com/a/ACg8ocJcMFnyBFP_RaOg5rLskcj_sweurL9BT2x2igskhQCUxqP3Zg=mo,sgt membantu,5,0,2.2.7,2026-07-15 13:05:02,,,2.2.7
cbf214f6-38f5-4c36-9fb0-17b2cb7e9798,Fahril Ludfian,https://play-lh.googleusercontent.com/a-/ALV-UjXow0srK6S4nhHz0L79qxeFdOpy_BGRNax1ep_9MO7HmufrH9N1,sangat bagus,4,0,2.2.7,2026-07-15 11:51:14,,,2.2.7
bbea5515-ba09-4641-be73-0cd6e7e9df28,Yadi Susiyadi,https://play-lh.googleusercontent.com/a-/ALV-UjWUFC0ShnTNSLIjr3WIk97w5mA_aKcmjdAcDrJYJQlCkLSA1PU,oke,3,0,2.2.7,2026-07-15 11:45:30,,,2.2.7
3c49dc9e-af43-4e36-aeff-5946e10dbf51,Ichsan pakaya,https://play-lh.googleusercontent.com/a-/ALV-UjUTU6MDPd9O5lEDQK9BOEccUnPaOUX6TRYj04IvCHukA1xIO38,Good,5,0,2.2.7,2026-07-15 10:53:03,,,2.2.7
4716e521-8cb7-4e60-a884-d147a7cc6af8,Baihaqi Muhammad,https://play-lh.googleusercontent.com/a-/ALV-UjV290S43bqUKYU_CR7EtTffxEG4_MdZttfuI79z3kpiQZjYkU4,👍👍👍,5,0,2.2.7,2026-07-15 10:52:32,,,2.2.7
9fc8607b-b93c-40a8-be77-ee7574c9da16,Tia Rahmawati,https://play-lh.googleusercontent.com/a/ACg8ocLDYl0u79up-eEoVCpwTuOI-hyrhQLD7Y559j3_hpydeFH5sw=mo,"Pas mau cetak SKCK alamatnya malah jadi double, gak bisa d edit. tolong adain fitur edit atau hapus alamat buat SKCK, udh beberapa kali logout trus login lagi ttp aja sama. Sangat menghambat.",3,0,2.2.7,2026-07-15 10:36:58,,,2.2.7
aa3431b8-eefb-4116-8e87-8f2672a6b2f2,Adira Dira,https://play-lh.googleusercontent.com/a/ACg8ocKrslJUeDvVU7Ta3Tym2sjzTDXQ8GH4JpX2mX-5ZI4eWIr4Ig=mo,sangat membantu,5,0,2.2.7,2026-07-15 10:23:29,,,2.2.7
b4ca8322-2256-48f4-961d-51b9aac5d83b,wiranegara wira,https://play-lh.googleusercontent.com/a/ACg8ocIbMvE-EcgpAyMhQGPipHv8L7QMa-uJMYAmsKTcPcADXsB6OQ=mo,keren dan cepat.. tinggal ambil cetak di polsek,5,0,2.2.7,2026-07-15 09:58:16,,,2.2.7
63ccbc69-8a96-44dd-bd4f-221fd3dbe796,Mulyono Purwadi,https://play-lh.googleusercontent.com/a/ACg8ocLFWqYbW_h-dJCN6ZflpETcEgE96X91jVYGd89-qQG3f13ygg=mo,sangat membantu,5,0,2.2.7,2026-07-15 09:57:49,,,2.2.7
a7874141-03cb-4b2d-9014-eb55bd11bfa0,Adwin Ermanuri,https://play-lh.googleusercontent.com/a/ACg8ocKoBODZ6j7qp5a29XSYGJFwvp9e5ZennhcZoAGmwNb4kCt3fw=mo,mudah dan cepat,5,0,2.2.7,2026-07-15 09:57:10,,,2.2.7
38bbd879-11b0-4b42-9e3e-cac7643a9306,Khaula Vanna,https://play-lh.googleusercontent.com/a/ACg8ocIWdXrPciyGhHQJ4VR4nB1dhK7c4gFHAK8mWx2F9OODpBd71Q=mo,good.,5,0,2.2.7,2026-07-15 09:52:05,,,2.2.7
6332ea0e-ea6d-45cb-aa1a-4d88ba51fba7,S K GAMING,https://play-lh.googleusercontent.com/a-/ALV-UjXyDfQ95sNA8K3HyhnVaTgw2WMViBTRcKDRaGphSIpQZYgtl80,proses lebih mudah,5,0,2.2.7,2026-07-15 09:16:18,,,2.2.7
2c9cd933-8b3b-4848-9d9f-51ee7aa6e1e9,Epepraniepep,https://play-lh.googleusercontent.com/a/ACg8ocJUyOyAxSd3SOxPrdtEQ3EAZ7IiDbIKYKV5cQfmncozOQk17g=mo,bagus,5,0,2.2.7,2026-07-15 08:55:17,,,2.2.7
013b3633-1c73-4f74-84d8-0eef6675cdeb,Dimas prayogi,https://play-lh.googleusercontent.com/a/ACg8ocLonhN0UJq2gw7vibjmU_mIdYiePr2uL_b8jexo_TMFhsURzw=mo,oke,5,0,2.2.7,2026-07-15 08:49:28,,,2.2.7
caa0805f-f184-4b61-8557-51af4b4fa1c8,Nurul Askia,https://play-lh.googleusercontent.com/a/ACg8ocJTOml3Z7TOuNfH-2V9fkoJ9iyvsAx2JNew89zf72I83vO7bw=mo,top,5,0,2.2.7,2026-07-15 08:45:46,,,2.2.7
459d6482-61d7-4a0e-95fa-775ebb947445,agung rizqi,https://play-lh.googleusercontent.com/a-/ALV-UjXy0uYR_v7D_eXyqAwo4l-BJXppVrWV6zJjrxB9uRRnwM-Riwk,Menembus Jarak Tanpa Batas,5,0,2.2.7,2026-07-15 08:37:36,,,2.2.7
f3522370-5f2c-4a4d-8090-e08fb476c12c,Ari Wibowo,https://play-lh.googleusercontent.com/a-/ALV-UjXPJaNSBvXo-l-SsPXs49naxj5BDtTeZyM9XFYplKXT-yZNIMNB,mantap,5,0,2.2.7,2026-07-15 08:33:22,,,2.2.7
4ab0ec4e-3fe9-4f28-b1e5-83831f24f82b,Rachman Santoso,https://play-lh.googleusercontent.com/a-/ALV-UjUi94hGmhse-9zFoS1A2mhBX_cVPnHdqRw0FhsSNenB09srGTDNBA,"metode pembayaran nya tolong ditambah, BNI BCA mandiri dan bank besar lainnya",1,1,2.2.7,2026-07-15 08:28:45,,,2.2.7
d15eb474-ecf0-496c-a1d3-2e9cef15f820,Yunita Putri,https://play-lh.googleusercontent.com/a-/ALV-UjV9VlYBRDUBKBKwCQcURJNwNevQlyqQnOxZ2q-qL8x6IUlxN3PH,teebaik,5,0,2.2.7,2026-07-15 08:25:55,,,2.2.7
41bb4143-d2bf-4554-9e16-21418987d035,Alifa Azzahra,https://play-lh.googleusercontent.com/a/ACg8ocI16wKgX5XG7YyQbyI8W3PfNLOzRMTz0OIB4uM1-9hlfeWmnw=mo,ok,5,0,2.2.7,2026-07-15 08:21:15,,,2.2.7
b3dd4736-0282-4135-806a-175364c466b2,Ade,https://play-lh.googleusercontent.com/a/ACg8ocLKD8RytmJyyXxzLWx7oyVNZaxKHeS8ErkXJdzD-Weypbfn9TM=mo,josss,5,0,2.2.7,2026-07-15 08:19:15,,,2.2.7
d8d16dac-dbe3-43c4-b9a0-0d2d3969c02e,Akhmad Anif,https://play-lh.googleusercontent.com/a-/ALV-UjUyiGERnzAauRu3TRyZU_I990ijRFk7gbjDJ_JPmXX7oi9hYHw,Baik,5,0,2.2.7,2026-07-15 06:55:58,,,2.2.7
56d5bdee-ecd4-409b-a59e-ae193e2ff6bd,Nilolas Lentana,https://play-lh.googleusercontent.com/a/ACg8ocKesdD_nxLqP5Bf_2pnXuu7c42QbWapf_VFXN4IBe-TskKbxA=mo,sangat baok,5,0,2.2.7,2026-07-15 06:49:43,,,2.2.7
b41751ce-f535-40af-b0fb-6025188ee602,Carlos Simamora,https://play-lh.googleusercontent.com/a/ACg8ocKawkZSJE9KiGoXHnFM9HmgZODo4cswzrME2bIoZl2bc7tLeA=mo,baguuss,5,0,2.2.7,2026-07-15 06:23:21,,,2.2.7
c88f56bf-cf31-406d-a09b-fbaa0151405d,Denny Aprillino,https://play-lh.googleusercontent.com/a/ACg8ocKVzfQapXzunNNAgksCVLQQ8HRxUA84M9Mhd3tAAA2ViCMrHw=mo,"aplikasi tidak jelas, nge-lag minta ampun tidak mempermudah tapi malah mempersulit!!!!",1,1,2.2.7,2026-07-15 05:44:50,,,2.2.7
dec7a603-0fba-45a2-b5b9-2fab26068c6e,RaditDradee raditDradee,https://play-lh.googleusercontent.com/a-/ALV-UjVUENs1BHezQjQB3ithU9JRTSVepgWE6Dr0gIq_XQE6xNsBAim1,keren,5,0,2.2.7,2026-07-15 05:41:51,,,2.2.7
fea91edf-b393-4f49-b1b5-77bf6567aef7,Adam Kris,https://play-lh.googleusercontent.com/a-/ALV-UjU5spjh1Js9tLS3bZeZGd1tSby-bwr4QvjV26OwX6OlFNsKpb_NXA,terima kasih SuperApp POLRI,5,0,2.2.7,2026-07-15 05:33:24,,,2.2.7
356852bf-49f0-4c3e-8af6-ab883c7ba3e0,Yoib Arrahman,https://play-lh.googleusercontent.com/a-/ALV-UjXgP_0rATZMbDxh3kV07jzMbXXm3Pu_Hh4bG52z69Ll2YmHr0vk,aplikasi yang sangat membantu,5,0,2.2.7,2026-07-15 05:32:57,,,2.2.7
6188879a-59c9-401f-ad67-6c529815c259,Danu Syarifudin,https://play-lh.googleusercontent.com/a-/ALV-UjXchCQkJNztBhONqAoAYj6xYRZXGZypYvkNlUe_kIyjl41_DARm,"saran aja mending balik seperti dulu lagi, pembuatan skck dipolsek masing² ga perlu di polres kasian yang jarak rumahnya jauh apalagi perhari kuotanya dibatasi, saya sampe disitu jam 11:30 kuota sudah habis. jadi yang jauh bolak balik tolong lah ada pikirannya kedepan",1,1,2.2.7,2026-07-15 05:22:26,,,2.2.7
2b984faf-a190-4da3-ab4f-07d8c8f7f73e,X Pender,https://play-lh.googleusercontent.com/a/ACg8ocL62Ma-QKI5Vl-LPHTifeTTlfVKw5JnLXM3i9s9_gVNcvjxnA=mo,sangat membantu untuk masyarakat,5,0,2.2.7,2026-07-15 05:11:52,,,2.2.7
67cadc56-ad16-4bde-8dd2-d2c763d359a8,Mhd Fikri0711,https://play-lh.googleusercontent.com/a/ACg8ocIiORbjs2TGkhBNfi-SWcIbw_9qsgGJrLAaAZJSDnfQ_kA_pQ=mo,sangat puas,3,0,2.2.7,2026-07-15 05:10:10,,,2.2.7
912ffae0-7c38-44c4-95b9-fe250e787736,Jimmi Saputra07,https://play-lh.googleusercontent.com/a-/ALV-UjXSy_F8J2iRJfxXaHLDbfDN2oG0_inuNN5OSOfsm_pedkvIW9Jm,mantap dan presisi,5,0,2.2.7,2026-07-15 05:07:44,,,2.2.7
19852025-97f4-40ae-a0d4-dfa494aa16b0,Muhraeni Heni,https://play-lh.googleusercontent.com/a-/ALV-UjUVgOGOuUi7e37ZCHRxBYDRs1kRWCr5U-51xp0yPpWZQn0UWLEN,keren,5,0,2.2.7,2026-07-15 05:00:38,,,2.2.7
8fa1c872-f228-43b0-8e60-c666351e825f,Ilham Hafid,https://play-lh.googleusercontent.com/a-/ALV-UjXjl0Sfjmwet8m2ntNc8icEWWvG-8P2FZSVF53jICyq7YHtrNQG,good job,5,0,2.2.7,2026-07-15 04:59:39,,,2.2.7
7ed3f03f-c25f-4ef4-9eb8-6103646953fe,rangga dearra octora,https://play-lh.googleusercontent.com/a-/ALV-UjW6ce-asmswGADwHjGy3HjL-eLme7v61gz_tiehIxcU3WNBlWFu,Luar biasa sangat membantu 👍,5,0,2.2.7,2026-07-15 04:41:03,,,2.2.7
c3289073-8104-456c-a2ab-2c07fecf103b,alas taka,https://play-lh.googleusercontent.com/a-/ALV-UjWVHRqQnPgAuH8NKfeckTh6ptbjDX21JcN8_EC_fsEIqdRGYzw,klau bisa di kirimkan file nya saja jadi tidak perlu di ambil ke polres atau polsek,3,0,2.2.7,2026-07-15 04:39:15,,,2.2.7
99a683a3-ff54-4ac3-9aa3-f773ac8cfb5f,Timan Morowali,https://play-lh.googleusercontent.com/a/ACg8ocLdBUiRY-k_kEKHSrvY0i7DTPBJMmKGPz_DDa8bJhfsOjkwVQ=mo,layanan bagus,5,0,2.2.7,2026-07-15 04:16:14,,,2.2.7
b7568404-8e42-42c2-8fc9-c74eba58e939,Rahman Jagat,https://play-lh.googleusercontent.com/a/ACg8ocIH2SEodwwrJMEp5zYIdK7reVq5adb9bWw3TcpoNH3PIm4WPQ=mo,pengurus cepat,5,0,2.2.7,2026-07-15 04:14:48,,,2.2.7
ce85b83d-5187-417c-b841-27f7d9a229d4,Arka,https://play-lh.googleusercontent.com/a/ACg8ocLeQvdQUjbmCg48YHjSU7C25Ci7lkmG5mTPlmPux6QeHRsfIQ=mo,"mantab Cepat, dapat rekom dari pak Sekdes",5,0,2.2.7,2026-07-15 04:11:05,,,2.2.7
21f2a733-a29f-4ea1-936c-a4a29548cfd6,Wawan joehan Putra,https://play-lh.googleusercontent.com/a/ACg8ocKw8hpi6eNch1xvvfN9K764MGNwglgU8o4p8UupMW1lg5I7Tg=mo,cepat dan mudah,5,0,2.2.7,2026-07-15 04:06:52,,,2.2.7
ab9aa289-1c02-42ac-858d-240f87bd7ce8,Lukman Music,https://play-lh.googleusercontent.com/a-/ALV-UjXhCMRCW7Hm77jsrDbc1MqkGWjT1CIXzCjLH04IK2NnNhEaLIA,bagus,5,0,2.2.7,2026-07-15 03:52:42,,,2.2.7
b6af4bda-4c0f-4957-ac8d-3dc441a4a9b1,Akhmad,https://play-lh.googleusercontent.com/a/ACg8ocKq6-fchEQvR1PsRuywVTDE-7ttlNIaTl_wRFuF2gwgrerSBQ=mo,bagus jadi lebih mudah 👍,5,0,2.2.7,2026-07-15 03:25:44,,,2.2.7
29cb25b9-2024-40b4-95f4-222299fdfba4,cellouf samudra,https://play-lh.googleusercontent.com/a/ACg8ocImFQorct6M2Q6Wnf1Rsw1u5IbgPmzSmqb-pwMP5_EC0R1hHg=mo,ini bagus utk menghindari pungli,5,0,2.2.7,2026-07-15 03:17:44,,,2.2.7
a4f5e157-83d9-46cc-bf9e-3734c6d425e0,Zetian S,https://play-lh.googleusercontent.com/a-/ALV-UjXrRb4r3GR6mLXqKYOZKDJxqPR2Y8_RNLzaF3n8FqcAUgt1wEU1,gampang daftar,5,0,2.2.7,2026-07-15 02:56:52,,,2.2.7
8f939c59-c35c-4045-879a-bb12d6ea04e5,Hardiyanti Siti,https://play-lh.googleusercontent.com/a/ACg8ocK6u_hvk19C9a1b9r5v9NRgurHgX5ChZVncLfk5gnv-C2XzWQ=mo,sangat membantu dalam proses pembuatan berkas,5,0,2.2.7,2026-07-15 02:30:54,,,2.2.7
6092e5e5-4a21-4abc-b210-5da0e7364d43,Tia Afni Aznani,https://play-lh.googleusercontent.com/a/ACg8ocJqO8RoO1n5l_0N1nfaSvvjAl9oIzUrT9JuvfXNzgTR7GZ7cA=mo,pelayanan baik,5,0,2.2.7,2026-07-15 02:29:30,,,2.2.7
bf2341d3-8f51-4e2c-b655-8678b771958b,Saefullah Ajalah,https://play-lh.googleusercontent.com/a/ACg8ocKf4wnil26JX0o35GnsDhRZka_UhAz19_UblLZXwedgAnGRjQ=mo,sangat membantu untuk kepentingan pribadi luar biasa,5,0,2.2.7,2026-07-15 02:18:29,,,2.2.7
e23f5a51-54a8-451c-8949-cafc7ccef14c,rifeee,https://play-lh.googleusercontent.com/a-/ALV-UjVwSpiOx1iFHjSJj5vtVsNSYJ4YzXnHdJqIOc7Ot46TqaG_vsCIzQ,"setelah lanjut verifikasi load ny lama bener emg dasarnya bobrok pelayanan online dibikin tambah ribet gini, btw rating 4.9 hasil buzzer🤣",1,1,2.2.7,2026-07-15 01:41:19,,,2.2.7
b9a18d45-93a6-4c91-87ee-abcb87795c01,rian slash,https://play-lh.googleusercontent.com/a-/ALV-UjWqIQotOWIkcUzMh0fQFSJoGCQ8kExptNliEVudouxoOC526RU,luar biasa cepat dan mudah,4,0,2.2.7,2026-07-15 00:51:52,,,2.2.7
94ae95e3-a165-4fb9-8942-a446741a74c7,jeffri wahyudi,https://play-lh.googleusercontent.com/a-/ALV-UjVC_uppkXiaXWoLNTlBATsxJag0MG3iG32STDtQW8nRqZybJABV,salam presisi,5,0,2.2.7,2026-07-15 00:50:11,,,2.2.7
65be6894-2f64-496c-aad4-ca35d78b35c0,Sulhan Rofiki,https://play-lh.googleusercontent.com/a/ACg8ocJvvMRFrH_kzdxSu1_GGo9XIu002C-dCvgzTUEF2YhLq5Z7HA=mo,Alhamdulillah dengan menggunakan aplikasi ini lebih gampang dan tidak ribet terima kasih,5,0,2.2.7,2026-07-15 00:46:22,,,2.2.7
6cadf357-eb92-4cdb-945d-bffd1ade2901,Muhamad Nurdi,https://play-lh.googleusercontent.com/a/ACg8ocItbmCDuQyWtLnEu3uHY1poHIqHTIcI3Gx4sALmConKe-n1PA=mo,ok,5,0,2.2.7,2026-07-15 00:21:37,,,2.2.7
ee996d6b-9998-4bcc-a276-9815c41a22f6,Saleha Paputungan,https://play-lh.googleusercontent.com/a-/ALV-UjWQxaP1xOMrQZ2HuU6_Xs7aMzDnB_aLu6c5ziLnnbv7o0Uukbc,sangat membantu,5,0,2.2.7,2026-07-15 00:05:08,,,2.2.7
a188524a-7a2a-47b8-9e5d-d3745c22e43a,Oppo,https://play-lh.googleusercontent.com/a/ACg8ocKWla5pQk1GpH_qsbFyVd8fb8MRThdYL_a3d3WG-tlIS_oxfw=mo,baik,5,0,2.2.7,2026-07-14 19:36:57,,,2.2.7
534c7fd8-8899-451d-8c68-0aefa5426e46,Joko Yulianto,https://play-lh.googleusercontent.com/a-/ALV-UjUfwQ9M6riPib8NzMgEG-B8MDxDy_zFTkiaaTNxw_MR9mKScMSzyA,mantab,5,0,2.2.7,2026-07-14 16:31:39,,,2.2.7
06aca329-e614-4abe-81f4-937fd88d6fbe,MAM Akbar,https://play-lh.googleusercontent.com/a/ACg8ocKEjhy_DwEkGic9IM0rqDjoYQ9Jj58ugk-04KIy2zrGH7vdEg=mo,Lebih Memadai Mudah Dalam Urusan Terimakasih Fitur-fitur nya,5,0,2.2.7,2026-07-14 15:30:47,,,2.2.7
491c18bb-2c5b-4aa5-a6de-05c8aec50020,Maria Fransiska,https://play-lh.googleusercontent.com/a-/ALV-UjU-6y8DhY5DrdZyMOaOCS6VRZVq-4P-Y5-CYA9hcTXvXP4P3F1_,sangat membantu,3,0,2.2.7,2026-07-14 14:26:13,,,2.2.7
9e119b5c-6006-4f87-871c-507487ae0f55,Firman Febrian,https://play-lh.googleusercontent.com/a/ACg8ocIk0kX73Nws4vEvWFQSoPO76eiK2KuQ5-17kikNq7SHUx8AjQ=mo,aplikasi cacat bikin skck aja ribet mana verifikasi wajah nya susah ga ke scan trus dan metode bayar cuman bisa pake bri,1,1,2.2.7,2026-07-14 13:54:38,,,2.2.7
4427fc51-4851-4317-9aa0-c73496ded71a,Giman Lee,https://play-lh.googleusercontent.com/a/ACg8ocLQHA30DnEyoZDMTjSdSaW-zyzfQHXqEAN-9xlOpdK6HCoHMbE=mo,sangat membantu,5,0,2.2.7,2026-07-14 13:30:12,,,2.2.7
3fc51e7e-b16f-48e1-a5ed-3e9917960c72,Kelvian,https://play-lh.googleusercontent.com/a/ACg8ocIJ2YK2NphY4wvbdJZ2LJSifIc6oAqg7-i_9Vm66M1EvpMk-g=mo,Ni apk ada yg admin nya gak sih di chat gak di blas gua bikin skck sampai 2 kali nunggu TTD elektrik nya pun sampai seminggu makan gajih buta kh oknum kalian ni,1,1,2.2.7,2026-07-14 12:05:10,,,2.2.7
4e9dccd4-f8ca-4686-82c0-69a648051dbf,Ima Mujianto,https://play-lh.googleusercontent.com/a-/ALV-UjVlHfHPupxK1QixfzX7DSNtjXBLunJ6tqzPb2o7nlgO_RPcNTph,Samgat membantu,5,0,2.2.7,2026-07-14 12:04:14,,,2.2.7
c3731c04-2c02-4a30-808d-0e24c2055cf2,David Kintona,https://play-lh.googleusercontent.com/a-/ALV-UjW-s0yHbY6HIeQu90rep4Cilgltgc81DKww-BrNrrIxoSIhakc,mudah,5,0,2.2.7,2026-07-14 11:49:50,,,2.2.7
9e3b3fae-bb33-4b00-bec1-59b119de115a,Alfi Fauzi,https://play-lh.googleusercontent.com/a-/ALV-UjWon_ubx4DGohicJnkWosEDX45Jzz1UX4CCt6jK_ogD_hheH5X4,aneh akun saya malah gak ada,2,0,2.2.7,2026-07-14 11:42:34,,,2.2.7
c2e752ce-c452-4bd5-bd65-555b7d426430,Safrianus Lusianus Payong,https://play-lh.googleusercontent.com/a/ACg8ocKqdv0P8SUiwO76VouY1ZXu8wci_geL1knx-W7HknUtzhEsaw=mo,aplikasi bukannya membantu malah bikin ruwet.,1,1,2.2.7,2026-07-14 11:39:52,,,2.2.7
08543b01-08fe-4407-977e-a4ea2d6afd6c,Rifki Ramadhon,https://play-lh.googleusercontent.com/a-/ALV-UjWHuYrkKvkTbz_7fkOyN9FiBXWtgmf1-DS2cI-DgsCjqwjlZic7,apk bermasalah login kok gabisa aneh mau buat skck aja di persulit giliran yg lain cepet dibenerin,1,1,2.2.7,2026-07-14 11:38:51,,,2.2.7
4d4cfb83-c15d-4035-b704-0d4005713065,Chrollo Lucifer,https://play-lh.googleusercontent.com/a-/ALV-UjUccJKzOEuW1dbwdh8NJYWKx4jPDp__W2nAkgsUwWZVeb_U2F0k8w,mana gak bisa login,1,1,2.2.7,2026-07-14 11:17:44,,,2.2.7
3d7985b0-84e4-4160-b3ed-f277e617e221,Deay Usts,https://play-lh.googleusercontent.com/a/ACg8ocIp7o-FaDiGjgI9wanUY2-UriP0XqPdBOuW0mzax1rZiUNgSg=mo,KALO MO LOGIN SUSAHH SEKALI,1,1,2.2.7,2026-07-14 11:14:01,,,2.2.7
80e1208b-671e-4b92-8fcd-e1a3ddf1a869,Farikh Noufal,https://play-lh.googleusercontent.com/a/ACg8ocJ_e5jepBk6gG8imrbuqGIWxjO8bIROynsD3zUdkkr2ffsAdA=mo,"aplikasi bobrok sekali apa² an ini sebelum dibayar web lancar, setelh dibayar malah blank dan hangus sudah pembayaran yg sudah terbayar sebesar30rb tolonglah anggaran banyak sisakan sedikit untuk pelayanan maksimal lewat perbaikan web atau gimana baiknya lahh...:)",1,0,2.2.7,2026-07-14 11:07:45,,,2.2.7
b5ea37af-f4d5-481c-8907-a270a1e62266,Alif Nur Shobari,https://play-lh.googleusercontent.com/a-/ALV-UjX7MAevgR0HHKASQ7Y24rYuMgCLeTcwRCK-GcdTKYsTV1MBeXmS,"woy ini kenapa kocak bener, saya di KTP sesuai dengan nik masa tiba tiba jenis kelamin ke ubah jadi perempuan padahal di KTP laki laki kocak bener, mau di ganti gak bisa kocak abiiiz",1,0,2.2.7,2026-07-14 10:50:52,,,2.2.7
31044826-47ba-41a6-98bf-13aa1f8b87ea,Asih Anjani,https://play-lh.googleusercontent.com/a/ACg8ocLQbNobpB5LfQWQJ42DZ35TmgYJoIqko-bgyVj1A8lsASItHg=mo,percobaan aplikasi,3,0,2.2.7,2026-07-14 10:48:24,,,2.2.7
0e569098-2163-4b3e-b6f7-423c8e12fe8b,Sudarno Erorejo,https://play-lh.googleusercontent.com/a-/ALV-UjW8NMF-D-j0JQjegtFTgocbbleCgZ_7k0QHF6k4wOj7Q66unXVhYQ,pelayanan cepat,5,0,2.2.7,2026-07-14 10:47:52,,,2.2.7
5f6bf499-398e-4d0e-b6ca-eed66efc9308,suharsono sono,https://play-lh.googleusercontent.com/a/ACg8ocJ5Te63dLK08IeqnrNq67xChsnbUmuSw2oopbxsbzH8jfHqQg=mo,cukup memuaskan dalam memberikan pelayanan kepada masyarakat,5,0,2.2.7,2026-07-14 10:43:53,,,2.2.7
411e0f6c-4e9a-425e-bca0-c3725b37bc23,Abidin Diver,https://play-lh.googleusercontent.com/a-/ALV-UjXgYDIKgu_3E4kjfXSSctwk9bAQ5C1ftH5O_rNSH_jSWr65d8o,baik,5,0,2.2.7,2026-07-14 10:07:36,,,2.2.7
36874b40-9c06-43f4-9847-58526bfcf4dd,Pap Sky,https://play-lh.googleusercontent.com/a/ACg8ocIms07-UVpjXOSpHeSK0vYshASqlRIEruGhe0sVryjctfFZ4Q=mo,susah amat scan wajah lah merepotkan banget kerja yang bener gajih pada lancar ngerjain beginian kagak becus malu sama scan wajah buat pinjol gercep,1,0,2.2.7,2026-07-14 09:03:16,,,2.2.7
e01053a1-b4ca-4e4b-a7e1-e872a1a7eeda,andi habri,https://play-lh.googleusercontent.com/a/ACg8ocLWaJmSyXTvR9zmE2yza2wDrfJHvts9JYBV-DI3purIK5jIBA=mo,mantap,5,0,2.2.7,2026-07-14 08:45:32,,,2.2.7
4f6eec1a-3175-4dc7-ba54-708d545a6023,Destia Alfajri,https://play-lh.googleusercontent.com/a-/ALV-UjU-w6CilAGxo-j-eZvQ_0ci_aY2p7Li-OBr4FuSACtLpd79eyU2,Susah LOGIN,5,0,2.2.7,2026-07-14 08:09:01,,,2.2.7
376213c1-49da-4bd4-bfa5-0d5aef11f56c,Handoyo Beni,https://play-lh.googleusercontent.com/a/ACg8ocK6TeDJ4MesReJuOaeeikokwzaeAiPN6Mpftmzr7VdX5I100g=mo,baik,5,0,2.2.7,2026-07-14 08:06:23,,,2.2.7
1f6de1dc-2bd0-4701-b110-35bf209fc566,maryam shodiq,https://play-lh.googleusercontent.com/a-/ALV-UjWyKbX4YfQZawRYg7AU91if7H2lVIcHQdOR1BK3jd_DTe1TMGg,"untuk pengisian TKP apakah belum mencakup semua wilayah ya ? pilihannua kok hanya jakarta, jatim, jabar, banten, sumsel. terus saya yg di jateng gimana pak ?",3,0,2.2.7,2026-07-14 08:04:34,,,2.2.7
35506bba-d086-4318-a8bb-23012acaeec0,jun Mamondol,https://play-lh.googleusercontent.com/a-/ALV-UjWrTsKDEurzMM7lyK3lZq4lXQjhiQGDZYhF49B-Vo-Z8JdCiaI,SANGAT BAGUS,5,0,2.2.7,2026-07-14 08:00:55,,,2.2.7
40e0b6be-8f49-48eb-b479-608c55485e51,Antonio Kristaldo,https://play-lh.googleusercontent.com/a/ACg8ocLIeP0CKGwsq7e8qFrqHMUTMGsn8P5DxH1RMRZyBGzZmRBKVg=mo,sangat membantu pelayanan online cepat dan praktis,5,0,2.2.7,2026-07-14 07:33:43,,,2.2.7
e4241b20-32a9-4f5a-924d-b08e0526fa8e,Ikhwan IB,https://play-lh.googleusercontent.com/a-/ALV-UjU6VzJEHGlFQ-8FQZtfsc4PtWJGMiReNzH5E0Buxck1bneD1Gs,cepat dalam melayanin,5,0,2.2.7,2026-07-14 07:32:24,,,2.2.7
88420b69-4620-4b50-8ae3-cfa270d4ed95,Ifah Rais,https://play-lh.googleusercontent.com/a/ACg8ocICaSiK_sTpW1Z18F5cD3aBrZsdEkLsYl8mEHTJ-x_ihiwR5Q=mo,baik,5,0,2.2.7,2026-07-14 07:20:16,,,2.2.7
1cbd48df-9e4b-4007-86bc-f8c575235fc4,Rudi Alfianto,https://play-lh.googleusercontent.com/a/ACg8ocIEf3NGInZSkwrLaJM0vYqNDMyjWorhwh7wuETNcmN4BT6qTA=mo,sangat membantu masyarakat,5,0,2.2.7,2026-07-14 07:05:54,,,2.2.7
91e191ef-f15e-473f-a932-68afd18dee3c,Siti Rohimah,https://play-lh.googleusercontent.com/a/ACg8ocIIshMWoSKzeegkDqnIbOORG24CTQP_w7ivY-DE2ugSZC5_Ng=mo,sangat mudah,5,0,2.2.7,2026-07-14 06:22:13,,,2.2.7
ec5106bf-e8e2-4655-995c-2a8462a5bb12,Dewangga Adhiguna,https://play-lh.googleusercontent.com/a/ACg8ocKPyJ0XPFDm5BV6fayBWuPGSCLeAp17ZiaJqKF3V6FHqX91mXP6=mo,👍,5,0,2.2.7,2026-07-14 06:14:46,,,2.2.7
00c0e686-edfc-4316-8801-ed4e7d31f004,dwan ridwan,https://play-lh.googleusercontent.com/a/ACg8ocJD4Jj0ZKVwToR65JlH3AyDWk94KsS8PEaCKCAOdX8gXWrVcA=mo,sangat cocok dan baik,5,0,2.2.7,2026-07-14 05:54:29,,,2.2.7
78bcab4c-ae79-4fd0-b153-b32308c39a04,morandi wijaya,https://play-lh.googleusercontent.com/a/ACg8ocI8tACwxAwj5cwVGjfWz_Zw85p7A3h8oPmmjMLs4j5NdFZyuw=mo,"Mohon dikaji ulang karena alamat email fiktif tidak bisa ditemukan indikasi aplikasi sesat dan bahaya rawan penipuan,sudah mengajukan perpanjang sim dan sudah bayar tapi belum ada respon sama sekali",1,0,2.2.7,2026-07-14 05:27:06,,,2.2.7
cd4f24bc-a2d9-4fcf-ba59-ec4d47ce0e41,Dwiki low,https://play-lh.googleusercontent.com/a/ACg8ocLZDdmyVPSQN7YMapCuOhMFzbqJD4IGQK6E-Pw7pWYiGXNVAA=mo,"To be honest, ini salah satu aplikasi institusi yang bener² memudahkan user, saya baru saja bikin SKCK online dan sama sekali di permudah, tanpa fotocopy abcd ataupun pas photo 4 lembar, cuman sedikit terkendala karena pembayaran VA BRI nya aja, mungkin next bisa di tambahin untuk Bank² lainnya, BRAVO POLRI, kalau bener² mempermudah pasti rakyat mendukung kok 😊",5,0,2.2.7,2026-07-14 04:31:03,,,2.2.7
0004a1b0-6521-4b1e-8af1-ba9c33615087,Ahmad Mukhlisi,https://play-lh.googleusercontent.com/a-/ALV-UjVGZ_kd1Ld-AtKU4L4Gl-SprFsFkbpkViFyN4IwMPHH4XoyyBuPcA,sangat baik,5,0,2.2.7,2026-07-14 04:29:36,,,2.2.7
4006f17e-a6f9-4a06-8cc6-3ec43e877033,Afdila Wahyudi,https://play-lh.googleusercontent.com/a-/ALV-UjXu0TVSyNLnkbJLPFf9heMsXeQ_mmYccmuvSs5CRcSJmpX1HdI,Sangat baik dan sangat membantu,5,0,2.2.7,2026-07-14 04:20:40,,,2.2.7
70a4a18e-242e-44b4-ad76-fe3c5c5ebf7d,M Firdaus Suseno,https://play-lh.googleusercontent.com/a-/ALV-UjXGlG6K-X-KV-peH0-p232Oeh_a47LfGUJctGCRf4qdRC_QBX2N,"saat pembuatan skck kenapa data saya tidak sesuai, pas saya mau merubah atau mengoreksi malah tidak bisa",1,0,2.2.7,2026-07-14 04:15:04,,,2.2.7
a40bb17e-1cbd-4905-85c7-5b4e85929eb5,Chandra Mulyana,https://play-lh.googleusercontent.com/a-/ALV-UjWLYYH7EHnArlhRO2zKk4osLgv8JLGdTi8p4swRAhXw05CKJ2g,mantap pak . udah keren,5,0,2.2.7,2026-07-14 04:07:55,,,2.2.7
3b95a877-e387-4ae8-a026-7463e10c2ab6,James Brokyln,https://play-lh.googleusercontent.com/a/ACg8ocLEIKFCOZ8ox_tfOu6082-I_n3yp_ZLAgw0V_qLRQqlVgeiMA=mo,kenapa yaa SKCK udh download digital file nya ga ketemu,5,0,2.2.7,2026-07-14 03:46:56,,,2.2.7
a29020af-7dee-4ec2-ac5b-8f736db57972,Yayan Hartadi,https://play-lh.googleusercontent.com/a/ACg8ocIUd9eOgUcIacspmFgdC6IBu5cpBoD8ZvSXXJ75NPVLXiSXBA=mo,aplikasi ini sangat berguna dalam mebantu saya,5,0,2.2.7,2026-07-14 03:34:40,,,2.2.7
6216f166-9662-4bc8-9559-ca621581018f,Rahmat Hidayat,https://play-lh.googleusercontent.com/a-/ALV-UjWElsSZXG2DdjxOxOk1dmZ3Ktx3fwa7bHBD0R7D694L9MJhfOkw,ok,5,0,2.2.7,2026-07-14 03:27:42,,,2.2.7
61afc260-93f9-4986-88aa-b95fa6d77f96,pudding arifuddin,https://play-lh.googleusercontent.com/a/ACg8ocJUMRaQR6NFl6XRe127f9p--tB-wGDdSF4Je6fIjhFmbU1l3Q=mo,OK,5,0,2.2.7,2026-07-14 03:19:14,,,2.2.7
c46191ab-7997-41cb-b238-0806b1b8bc30,Riezlan Syahrina,https://play-lh.googleusercontent.com/a/ACg8ocIb1KUr6sUDisHUBgrGVqjAG7csvxdoYEWbAp53GNS9SjSQTA=mo,best,5,0,2.2.7,2026-07-14 03:14:42,,,2.2.7
06c8b8b2-b841-4df5-840c-bb1542d8873c,Graha Center,https://play-lh.googleusercontent.com/a-/ALV-UjV45b4GkiZ9XaZmeNBLIsKOd-acIb6z5x15cvT-HPCLxz2-9_g,"proses lamban,",1,0,2.2.7,2026-07-14 03:11:46,,,2.2.7
8841a748-61e0-443c-a4e8-6eaadc502483,Haris YYY,https://play-lh.googleusercontent.com/a-/ALV-UjVIWRkKmzcJmPaNmwjbSMayjJ6oCGY6-W4zRMd8cX8oFasTkkC6,sangat baik,5,0,2.2.7,2026-07-14 03:05:39,,,2.2.7
1ceb6e32-b35a-4541-87c0-5fc1f005cd6a,Arifin Achmat,https://play-lh.googleusercontent.com/a-/ALV-UjUIJeVkmjOayGe0kGgonHqk5RP6U-Fj1ewkj4yz81q0CZ7od28,"mantap,simpel",5,0,2.2.7,2026-07-14 03:01:49,,,2.2.7
333ab3ca-f36f-494f-9767-743075157fa0,Idulfebrian Bayu,https://play-lh.googleusercontent.com/a/ACg8ocLt8NvTR-nopzAMHBgB-K4yhXhLn61V2by4bue2Z6TNV7eLtA=mo,puas,5,0,2.2.7,2026-07-14 03:00:10,,,2.2.7
734eff2e-a04e-4be8-be0d-1d90ed6703f3,Viki Wijaya,https://play-lh.googleusercontent.com/a-/ALV-UjU2dSAAnFNuN4P9lc2aNMVydmpr4PzrZC57vik6wykXVGwslv-N,"update lagi untuk tanggal pembuatan SKCK nya, jangan ngawur bikin tanggal 25 Juni pagi terteranya 23 Juni jam 23.30.. jadi keliru",3,0,2.2.7,2026-07-14 02:43:02,,,2.2.7
036cf677-f4bc-43de-ad27-ed29d2d3850d,Arfhandy rizal,https://play-lh.googleusercontent.com/a-/ALV-UjXNQShrLvml63ukqjY9TMKdJIYU11RJPjurOvjAtK7Dp_IDcz6wpg,mnatap. sangat memudahkan,5,0,2.2.7,2026-07-14 02:27:31,,,2.2.7
fa52eee9-419c-4314-a359-8cb0e2bf277b,Senii Nurianti,https://play-lh.googleusercontent.com/a/ACg8ocLhp_kSYPv4e-dHLSb0Fd1lJA27k6K1ZnGNRyhCpC0lkCEafA=mo,sangat fast responn🤩🤩🤩🤩,5,0,2.2.7,2026-07-14 02:21:57,,,2.2.7
b98cb290-cb67-4f71-a0c2-677e9858ddc6,Fitri Handayani,https://play-lh.googleusercontent.com/a/ACg8ocLMUY36eI7y1CuhrWYig2sOMiCAeFKvXFoZrhJGThwfUuk5UQ=mo,sangat mudah dan praktis,5,0,2.2.7,2026-07-14 02:06:04,,,2.2.7
bb4df2de-0d3c-48de-a88b-d99a64d23fa9,Dwi Suraten,https://play-lh.googleusercontent.com/a-/ALV-UjW40VTZI4YUQaLsht5tBrfkgA6gI867Wu8QTJwrJolSB9T_wmw,ya kita jalani aja,5,0,2.2.7,2026-07-14 02:03:47,,,2.2.7
d27e3f2f-e536-4fb5-b918-0a7fba2b1624,Rozairy Al'Ghazaly,https://play-lh.googleusercontent.com/a-/ALV-UjVUPQhnE437Z8yyOiPW9vkRPfNAovTuAxrvegxJZVUmsLR_0ww,Sangat membantu,5,0,2.2.7,2026-07-14 02:00:39,,,2.2.7
4db018f7-dafd-4632-a095-e9241960da0b,Yudis Bima,https://play-lh.googleusercontent.com/a-/ALV-UjVVl_SFVYVfaG0_l2xal19sm4SBAOrjepANYBfB-YaL9KwZzrCP,baik cepat,5,0,2.2.7,2026-07-14 01:56:01,,,2.2.7
899bbde5-5099-4075-9595-f5657c6962af,septi yanti mujid,https://play-lh.googleusercontent.com/a/ACg8ocL06RWChxzRnjU4vogBhIHWvfD7CzNSYkWrfi5q-iaqfE4rZQ=mo,"tidak bisa scan wajah untuk verifikasi akun, tolong diperbaiki",1,0,2.2.7,2026-07-14 01:52:45,,,2.2.7
841f7ef7-714d-4044-b119-d1d0edce82c0,Zaim Channel,https://play-lh.googleusercontent.com/a/ACg8ocKkaKY2z9XToJM3FBgRtJBvpT51nH7sXSMMu2_bjWAwqQT8Jxc=mo,sangat membantu,5,0,2.2.7,2026-07-14 01:41:59,,,2.2.7
0f98119f-052b-4238-abe1-492213fb37e0,Ika Sari,https://play-lh.googleusercontent.com/a/ACg8ocKuSLA46ygwqRkLp8h_lgCj3o9YZGJvokw80THUCnP8njv93g=mo,memuaskan,5,0,2.2.7,2026-07-14 01:32:11,,,2.2.7
468e56c7-61ff-43c2-b986-51e74b465f0d,Putra jaya mandiri Bogor,https://play-lh.googleusercontent.com/a-/ALV-UjV9X7dOdCAbmTqo4g3MK2UlaROkrnWh0RYN9ftV2wMpkYbKIY9bKg,Alhamdulillah lebih cepet pengurusan dokumen,5,0,2.2.7,2026-07-14 01:19:56,,,2.2.7
29dbd896-9abc-4980-9c7b-7058ecc705cb,Yuda Muhammad Hisam 048,https://play-lh.googleusercontent.com/a/ACg8ocK0_6u1ttsaMUMpuvKZka3QVKHmD5p353shqLeG9RWrmiJaZg=mo,"lancarr dan tidak ribet, semoga kedepan semua pelayanan masyarakat bisa. lewat digital",5,0,2.2.7,2026-07-14 00:34:34,,,2.2.7
a5cebf0a-a307-485b-8ca2-2c3c740f5f52,Yadi,https://play-lh.googleusercontent.com/a-/ALV-UjXboNXefPvLGAqfSKKWu7sV2yjA5XFcZRMzYRzKfcmmmGf3wEoj,"harusnya bintang 1 karena sepertinya gak ada jawaban dari pemilik aplikasi,kerjalah yang bener saya pengajuan perpanjang SIM A dan C dari tanggal 10 Juni 2026 sampe sekarang saya komplain tgl 14 Juni 2026 tidak ada pergerakan,kalo belum siap secara digital jangan memaksa boss !!!",5,0,2.2.7,2026-07-14 00:27:18,,,2.2.7
b60710ac-fbaf-4687-87ef-68e48d4ddbc4,aden wijaya,https://play-lh.googleusercontent.com/a/ACg8ocItsPL0Zi445vEW06FlehMJdYWHYG4-8SbVc2o1ZvKXY-pATg=mo,mantap,5,0,2.2.7,2026-07-14 00:25:37,,,2.2.7
1860a572-78b9-44ed-83aa-1e9a7796e1cc,Sukma Maulana,https://play-lh.googleusercontent.com/a-/ALV-UjWF8QW07X8021Zh-7_WQOeqI2BtgX3Yrserf9xwhwLqtFDmVx_h,"bneran buat skck jadi mudah, input data abis itu tinggal ambil di Polsek terdekat, Good job sih yang buat aplikasi makasi yaaa",5,0,2.2.7,2026-07-14 00:10:11,,,2.2.7
3823ca7d-3f9d-4544-9756-780706285d47,Riski Zakiyansah,https://play-lh.googleusercontent.com/a/ACg8ocL-TFQM-JO0phsLmgaD17TPFKwYj8BWMBNt-0L9z_nV7zxb0w=mo,mempermudah mantap,5,0,2.2.7,2026-07-14 00:02:07,,,2.2.7
41e5cb54-afc7-4351-9b7c-cab13a8ffeb0,Azis Setiawan,https://play-lh.googleusercontent.com/a/ACg8ocLSlaSl8YeEAvZ_PJxgDsstaWCVVB13MYlZ-ftg5alGbDDi2Q=mo,Sangat membantu dan mudah,4,0,2.2.7,2026-07-13 23:55:41,,,2.2.7
5e0fbfc5-18d6-4a1d-a4b0-82eee1e7699d,Asep Maulana,https://play-lh.googleusercontent.com/a-/ALV-UjVw5EbCemwcxTvWOv0qbIcz0LJ10FpPDK_yzjlW6t443ilX-pI,"apk macam apa ini, eror 24/7, fungsi kagak bikin ribet iya",1,0,2.2.7,2026-07-13 23:12:20,,,2.2.7
6878f8e1-6079-4200-a9bb-971aae9915a6,Oskar Hajon,https://play-lh.googleusercontent.com/a-/ALV-UjV6Q77rydrYrKz2uF9EhwkBPn1zO182mk9GMYlb1l8yOMk1K-o,sangat baik,5,0,2.2.7,2026-07-13 21:02:19,,,2.2.7
fdbe08c0-aaba-42e8-b3d8-932fafd34b31,Fandra Ahmad afendi,https://play-lh.googleusercontent.com/a/ACg8ocKmGMvXxUOdVeoFBTB0H6D3HbIKuS-9GDA4tZoF6pM9tPkriw=mo,bagus,5,0,2.2.7,2026-07-13 17:54:48,,,2.2.7
63372bda-c386-48b1-ad30-12752a8a16cd,Mohammad Hadi,https://play-lh.googleusercontent.com/a-/ALV-UjU6HtsmJ3BuTWU1uygfD8EuhNP4NPt1qh0l61x9eMMC2isPFGw,keren satset,5,0,2.2.7,2026-07-13 17:29:54,,,2.2.7
aad6b197-0ddd-4881-9395-de6e398912b4,wahyu aja,https://play-lh.googleusercontent.com/a/ACg8ocI9yzJ68OUA8Z2hYeWI3UiEZ-mc9vIDPTw17FT_Ke5eEGGVVg=mo,tujuan digitalisasi itu mempermudah bukan mlah menyulitkan. aplikasi ini error dan terlihat seperti blm siap. daftar akun saja tidak bisa ada saja Troublenya. cba tim ITnya di perbaiki kalau memang mau mempermudah dan cba di awasi aplikasi ini.,1,0,2.2.7,2026-07-13 14:35:38,,,2.2.7
02625133-a1ed-4ae0-804e-d4c2b325f402,ahmad Sarifuddin,https://play-lh.googleusercontent.com/a-/ALV-UjUsXbAoKK5jxxPup2nI8zAVSyiUet5Z0xG3yMrz2Ttoce2sew4Q,mempermudahh,5,0,2.2.7,2026-07-13 14:34:41,,,2.2.7
ab3ba3c4-447d-4e6e-b09b-d9e1e386b216,Anton Santoni,https://play-lh.googleusercontent.com/a/ACg8ocLCPfvnURflrHe7sb1jvGA1iZheKQaE418Lzi_iWSV0nuvdQw=mo,lebih menghemat waktu dan juga cepat,5,0,2.2.7,2026-07-13 13:53:47,,,2.2.7
208474ae-0d3c-4244-83e8-2a50b3a62ab1,Exa Dana,https://play-lh.googleusercontent.com/a/ACg8ocJ2UJjZfnLTlh-gUN2spJOGzz8pQTJxHkV3a_hWvwRQ9C98Dg=mo,"app gk jls,seharusnya memudahkan mlh tambah ribet.. login aja susahnya minta ampun. kalau blm bisa pelayanan digital minimal di perbaiki dulu",1,0,2.2.7,2026-07-13 13:25:12,,,2.2.7
eb3a0dbc-3e36-4283-b7c1-c35705f7eaa7,Arief Syadad,https://play-lh.googleusercontent.com/a/ACg8ocJlCf8OKTt8y5MUlDefOatTPtwZzuozF4htdE60xrWrVIbDDg=mo,ok,5,0,2.2.7,2026-07-13 13:16:32,,,2.2.7
0850e7b1-09e1-474f-9267-c211d4758a4e,Vivendi Lordwiek,https://play-lh.googleusercontent.com/a-/ALV-UjVK1-TyJKwUMe-bUTYqJrKAItKvEHr2a61hnTTgXUMEx7uxhc3R,"Petugas meminjam ponsel saya dengan dalih melihat bukti pembayaran pembuatan skck, padahal mereka menggunakan ponsel saya untuk mengisi survei kepuasan dengan seolah olah di isi oleh saya sendiri.",1,0,2.2.7,2026-07-13 12:59:05,,,2.2.7
4ebac9ce-c4b7-4205-97f5-ef064c482edb,asep saefulloh,https://play-lh.googleusercontent.com/a-/ALV-UjVn4QCwZoQhNvnq5v6CVi_0CwXCVJnaN97h5rvt9NBlLnSIR9U,cepat mantap akurat,5,0,2.2.7,2026-07-13 12:32:48,,,2.2.7
d3c09527-01f0-4670-9391-21f8dc26ed75,Marifat Mone123,https://play-lh.googleusercontent.com/a-/ALV-UjUKyl7rg8HFGS_0vWeeECMPLDL7OxSRuWwMpYHTiP7C_UmyqQ,bagus,5,0,2.2.7,2026-07-13 12:11:00,,,2.2.7
12f791fd-ce70-4753-9f4c-1d5e4f72a977,VoeL Dezacky,https://play-lh.googleusercontent.com/a-/ALV-UjXG7HNcToq_g6tKQlWpLfZD1dQab74OM8-13eAbg6I1q7lFBmkO,baru coba,4,0,2.2.7,2026-07-13 12:05:54,,,2.2.7
54d0bf47-46a2-434d-8f3f-663a507b9f82,Doni Hendra putra,https://play-lh.googleusercontent.com/a/ACg8ocL2V16cg-qIAJSxafo1pNSP29atUEMGpCMnCP9DXnoRkyQCYA=mo,sangat membantu kita,5,0,2.2.7,2026-07-13 11:57:33,,,2.2.7
6abd1206-a71b-4332-83ac-9f7d3db0b15c,Kadek Bagus,https://play-lh.googleusercontent.com/a/ACg8ocJADSm4EnDeMoAg_wZjFuZnkQtskeuo7j_MKBPmqwUZBEPCuA=mo,sangat baik,5,0,2.2.7,2026-07-13 11:54:01,,,2.2.7
deab76bb-850b-49c0-96e4-7574028cb37b,Mu Ayana,https://play-lh.googleusercontent.com/a/ACg8ocLoGC_HlvGuAcgJ67ImZx1aFhRz7nyZYBDY02Cp-LR-Z6W-=mo,lebih mudah sekarang.,5,0,2.2.7,2026-07-13 11:03:31,,,2.2.7
f8655b18-3f89-4f32-868e-107bcc17a425,BW,https://play-lh.googleusercontent.com/a-/ALV-UjV9WR9_Ge4XRjnKNqQQXewwM_ZkgSAG_qJFbvMuzFm8TpsXaMg,"status riwayat skck saya tidak berubah stag di setujui dan siap cetak, padahal dari tgl 6 sampai sekarang",2,0,2.2.7,2026-07-13 10:17:17,,,2.2.7
56565a47-30c1-4725-8331-9d75ffa2c11c,Bella Marpaung,https://play-lh.googleusercontent.com/a/ACg8ocJq7Sn-oEUBYUhG5vRywF6s2OlFAs_PX9jQMvnzYqNusiqR-w=mo,good,5,0,2.2.7,2026-07-13 09:36:20,,,2.2.7
ce56fdf3-a179-44be-b72a-b9b3fded1687,Ecky Vernando,https://play-lh.googleusercontent.com/a-/ALV-UjUDqT11bU1VPrUtgbplkH_sVY-OW55fXreURqVJhlBHeH0qkNbX,baik,4,0,2.2.7,2026-07-13 08:59:57,,,2.2.7
e739d5e7-6b45-4922-a537-5f91b1345ada,Tian Ha,https://play-lh.googleusercontent.com/a-/ALV-UjWWixizeUn5q-qAlpMeUqcxYbgqXO3pczaF6-fSKWLMY3j12MY9,ok,2,0,2.2.7,2026-07-13 07:51:17,,,2.2.7
d75ecdd0-8214-4eae-90a5-f7d206ebe7c3,Farida Farida,https://play-lh.googleusercontent.com/a/ACg8ocLBNHYPgogFCItmBaqCHpHE3xcSFic72VZ0XSp117KVsaS6_g=mo,baik,3,0,2.2.7,2026-07-13 07:37:34,,,2.2.7
962513aa-40be-4f1e-855b-839d88d900ed,RI Riwoyo,https://play-lh.googleusercontent.com/a-/ALV-UjUsq5GnmtY2MIxH4gQSU14fZgB8J1Q_L_4ebtiWmLGQF0o5qdrHZQ,Pelayanan sangat baik dan lebih maju secara online ini yang diharapkan Masyarakat Indonesia Good Job thanks.,5,0,2.2.7,2026-07-13 07:27:31,,,2.2.7
0252bf4d-f277-48e2-a76b-90446666c84e,Mai Novelia Rogademini Siburian,https://play-lh.googleusercontent.com/a-/ALV-UjUmar15CrNl9QR9ah0quI1K93HhZEgq3szdXp1NVat8tJ3EGtWZ,sangat puas,5,0,2.2.7,2026-07-13 07:02:20,,,2.2.7
4f6ccf8c-989d-40e4-a603-293b27660438,Dimas Maulana,https://play-lh.googleusercontent.com/a/ACg8ocIqJuQPzCtJLTwNwhZl_GRkAVc4Xw4V0-PTBWiJ3TsKmMk-7A=mo,membantu,5,0,2.2.7,2026-07-13 06:57:45,,,2.2.7
5a52cab3-e266-462d-9b2b-d16fe781f433,Erik Apandi,https://play-lh.googleusercontent.com/a/ACg8ocIaKMZ767oBq26iXvI_TwTajQopROEhA5DzDcOHJIg7EFuRvA=mo,sangat membatu,5,0,2.2.7,2026-07-13 06:51:29,,,2.2.7
e3c8a401-5b83-4ea4-9981-321d3a1a7814,Gilang Wibiansyah,https://play-lh.googleusercontent.com/a/ACg8ocL4eE68cUz5h6dN6MwwVwkS19be7DRMH82xLxlFK-47EN-CzQ=mo,👍👍👍👍,5,0,2.2.7,2026-07-13 06:29:13,,,2.2.7
8cae4416-c1ef-4709-b268-52ab441a5fd9,Rizky Desfourandra,https://play-lh.googleusercontent.com/a/ACg8ocK26_C-gxvZszoKIEa46Ip9wYoe9CtRQmTbHoAe7U60nhMNUQ=mo,"ribet, masih belum siap ini",1,0,2.2.7,2026-07-13 06:26:44,,,2.2.7
1fe2d5f3-12d7-4ac2-9ae3-cf261cedfc6b,Sabilah,https://play-lh.googleusercontent.com/a/ACg8ocJm2CCp7r8Qa4i_V-lbzxNergTdpvfbJtnfgsJ1vDYbAxHlww=mo,sangat puas,5,0,2.2.7,2026-07-13 06:20:14,,,2.2.7
c86676c3-3e48-4b4e-973c-06b87f54c043,Nurjen Enjen,https://play-lh.googleusercontent.com/a/ACg8ocKt9m_CahY0c7buQaJ2EaaZIHqv1HA59b45aQeHrTxu0b7D6w=mo,ok lebih simpel dan praktis lebih di tingkatkan lagi untuk perpanjangan SIM2 umum nya,5,0,2.2.7,2026-07-13 06:03:00,,,2.2.7
2da3ae6a-52cb-4bc1-955d-b5512b1f619c,Muhammad Abdillah,https://play-lh.googleusercontent.com/a/ACg8ocKFZ2SwMGcw3bq0yECd214VtxsGrzwGoGDOnpalFt7hZoJ57g=mo,good,5,0,2.2.7,2026-07-13 05:52:11,,,2.2.7
eb6f0855-ba44-4c9b-bdc6-b9b1b908d2ee,Muhammad Hidayatullah,https://play-lh.googleusercontent.com/a-/ALV-UjUO3UGLFAFqosuDtc0aU7svGWZaWjLjwHwcl3xsdZLzRb0etJCL,Polri Keren memudahkan pelayanan,5,0,2.2.7,2026-07-13 05:51:57,,,2.2.7
4d0f1506-fc8d-46f4-91ef-39fd1d897ae2,Risman Gea,https://play-lh.googleusercontent.com/a/ACg8ocKzp8Dt_45JT5f7klnAUoyqFvNbVV2jyZNq0PjSHdR5-38PdA=mo,sangat membantu,5,0,2.2.7,2026-07-13 05:39:00,,,2.2.7
39522913-9e57-43dc-91ad-28d15fc388f4,Asril,https://play-lh.googleusercontent.com/a-/ALV-UjW-pHMqcuj2zIHwme3njz1R1EK3BjKvS4Tl2VKGoniGB2t__qK-,"mudah dalam pengurusan SKCK tanpa repot datang ke polres, cukup di rumah melengkapi berkas dan besok datang ambil sendiri.",5,0,2.2.7,2026-07-13 05:38:45,,,2.2.7
e752e6e4-9018-43b5-b701-ed79605dd330,Rita Sahara,https://play-lh.googleusercontent.com/a/ACg8ocKovNTDCvrzhY4cT7E--NhLIJwxxxkF_ofT0hZet8bUN8m3sw=mo,"ribet banget dah sekelas app polri ibarat Kate niat kaga bikin aplikasi,dari awal daftar sampe akhir sih ribetnya banget dah puting aing",1,0,2.2.7,2026-07-13 05:31:54,,,2.2.7
01e485a1-d586-4a67-9ece-2f1fe44cc7f5,Candra Telaumbanua,https://play-lh.googleusercontent.com/a-/ALV-UjUl7BSRvXi-Q5DgsZUORme1j0vzbHjU8l_oO8KvSH4bYsNHKp3N,mantap dan memuaskan,3,0,2.2.7,2026-07-13 05:09:31,,,2.2.7
f1eda84f-122f-43f0-8f02-3b53211ce8ad,Tamariska Suratemi,https://play-lh.googleusercontent.com/a-/ALV-UjUbiaE3hMUcWsSmOQRtJA_eUBx9cA1dbGUVVf-PCBW9goBUaXO9,sangat baik mudah pengaksesan,5,0,2.2.7,2026-07-13 04:53:14,,,2.2.7
0f574e08-036f-4113-abcb-c7da2dec02c0,Agus Nurdin,https://play-lh.googleusercontent.com/a/ACg8ocLy-rARGYE5AEusw_f169LjBfCill3akwIMP8Wqw_Rqp94NEA=mo,pelayanan cepat dan efektif,5,0,2.2.7,2026-07-13 04:44:11,,,2.2.7
caeeabf0-f1c9-4ad8-9656-c5bf68a3a16e,Evha Yudian,https://play-lh.googleusercontent.com/a/ACg8ocJU6NFBg_PikBomTxWvEGph5jyz-A_LeezhKHDxet2n6IlH-g=mo,luar biasa,5,0,2.2.7,2026-07-13 04:36:48,,,2.2.7
d666a56f-e0ba-4458-92aa-a253006feaac,Sofie Choirunnisa,https://play-lh.googleusercontent.com/a-/ALV-UjWB4oeW95e54w3TKWdWX3ERwLPXaq0y7Sp-W-GJ3Kjqs0TrRfY,"membantu bangettt, cuma untuk payment mohon bisa pakai selain bri",5,0,2.2.7,2026-07-13 04:22:43,,,2.2.7
3a240e44-fa1d-44e4-ac51-67b069cab1bf,Nanim,https://play-lh.googleusercontent.com/a/ACg8ocIuoJu0_b9OmiPvVDzC5HmaUuHbf6wURFFALo1cXCydgf0XKw=mo,"VERIFIKASI WAJAH NYA GAK JELAS, SENSOR NYA BUTA",1,0,2.2.7,2026-07-13 04:05:12,,,2.2.7
a6b17e21-a6e7-4c5b-a41e-2cb3fd7c63e8,misnaki mis,https://play-lh.googleusercontent.com/a-/ALV-UjVlXlsZ8aUI04Bo25XGH_-fhg10b9xtgkwNeIoBjVNkiUas92c,pelayanan dr seorang polisi sangat ramah,5,0,2.2.7,2026-07-13 04:01:24,,,2.2.7
0b081765-656d-44cd-8c73-76169405b2cc,yudha gameing,https://play-lh.googleusercontent.com/a-/ALV-UjVVFJvdwq8IssmtJI9VhFkNTr0qS6Imls4QK62NpQplcfMeCeIS,bagus,5,0,2.2.7,2026-07-13 03:55:56,,,2.2.7
dc8f3aa0-1cae-4e4a-9ea3-cffb00cd3358,Seri,https://play-lh.googleusercontent.com/a/ACg8ocJ1vnyvxdVCQbFpQYuaX3o9cQizTL4br1mZDutpTWkw4YGSNQ=mo,baik,5,0,2.2.7,2026-07-13 03:54:30,,,2.2.7
670a7f17-b78a-445a-a3f6-dcb6397e951b,Sari Mulyani,https://play-lh.googleusercontent.com/a/ACg8ocKisFprRATBpopGLa3jXokz4GL6tWuDzuU3oJIUNTnhXylOqQ=mo,baik,3,0,2.2.7,2026-07-13 03:47:27,,,2.2.7
01938cf6-693f-486a-8427-3fd25c999c81,Aditya Hanzo Hattori,https://play-lh.googleusercontent.com/a-/ALV-UjXj_gnHVzOC5IlcOkz5tYhipqlKZvxs3pnZXu-sJbDho_2h-yhn,untuk pembayaran nya harus melalui bankbri?,5,0,2.2.7,2026-07-13 03:41:13,,,2.2.7
beedc01a-1432-4632-9804-33add740be38,Kaka Kiki,https://play-lh.googleusercontent.com/a-/ALV-UjWtyxN0YreXqTCFwxyoGsKPGsdgoxcnFzZqKD-iddmgEHtsI6XAeA,good job POLRI,5,0,2.2.7,2026-07-13 03:38:28,,,2.2.7
87df2013-17fb-425b-a4c4-066a2aec5e5b,Suhar Yadi,https://play-lh.googleusercontent.com/a-/ALV-UjXkF9K8ChclEq1o7QMU1Tj9ZvEtay_r3jRbpDRwNDaLB2AMn3QQ,good,5,0,2.2.7,2026-07-13 03:36:39,,,2.2.7
f30e1bfc-73b0-46d4-936f-8fb4443593c0,Martika Wahyu,https://play-lh.googleusercontent.com/a/ACg8ocLKIAmbh_sVR2R7EaSdomZX4Y6v5MpHeqsf8-GVk-5lWhmu2g=mo,"niat bikin SKCK online, dan udah verifikasi wajah berkali kali tapi masih cek data terus. lemot minta ampun, padahal wifi di rumah lancar, emg dasar app nya aja yg gajelas. tolong perbaiki lagi aplikasinya karena sekarang semua serba online!!",1,1,2.2.7,2026-07-13 03:16:20,,,2.2.7
8b2ae575-336d-4245-bba8-16860f1da36e,Man Ms,https://play-lh.googleusercontent.com/a/ACg8ocJxNmOQg1gPf7tS5tejRKO2TWUtdD3VUC7A4a7WOY36vrwhyA=mo,baik,5,0,2.2.7,2026-07-13 02:57:19,,,2.2.7
26e59bd1-6ff0-4ef2-9766-00b4c7c0d05c,mas intan,https://play-lh.googleusercontent.com/a-/ALV-UjU8qfhLP-kiCkmsEAVS5xtmfT7HxpEBXuURBFpbAWuWBWHCRrfD,pelayanan pengambilan SKCK nya lama. harusnya ada pilihan bisa di antarkan ke rumah melalui pos indonesia. harusnya seperti itu. jadi kami tidak menunggu lama di polres,2,0,2.2.7,2026-07-13 02:19:02,,,2.2.7
4280fc01-cd21-4507-b194-fe021af415a1,Muhamad Rio Fajariansyah,https://play-lh.googleusercontent.com/a-/ALV-UjUMznbcFHJqTFfMXT7XabTmFiUYYpOIDpEHoWdgP1q6tzXXmokN,sukses selalu,5,0,2.2.7,2026-07-13 02:04:32,,,2.2.7
dbe982bd-1b75-4622-a90d-ac37561b4e66,Hady the boyz,https://play-lh.googleusercontent.com/a/ACg8ocLQL_zsE9VOIX9A0CZ8pEfqumSWwRGPuLLHmgas3etSt1WJ_w=mo,pelayanan memuaskan,5,0,2.2.7,2026-07-13 02:01:52,,,2.2.7
25ef7693-6a32-4585-9708-9d623a2a464c,Kenzo Bolhok,https://play-lh.googleusercontent.com/a/ACg8ocK9haWg8PR34KTntxZY5CcmTm23-FLbmkiDDoBSDauZSNnkBw=mo,bagus,5,0,2.2.7,2026-07-13 01:57:43,,,2.2.7
0570e95f-591b-44fa-913e-c8353275a104,Achsya,https://play-lh.googleusercontent.com/a-/ALV-UjXe0Sag23XBuP3VRM-ySQDjvKyZagp8e6iBoPWUp2vKNc_S6cWqlg,semoga bermanfaat dan lebih mudah,5,0,2.2.7,2026-07-13 01:42:35,,,2.2.7
7a14b6a8-1c1b-4e85-8376-5c1cdb9eded3,Tulus Satrio,https://play-lh.googleusercontent.com/a/ACg8ocLXf_yW5dd3LmCmTvKEEJGdh2MbvnJgIqDJ4gGdi40y337ZJA=mo,lokasi cetak daerah SIDOARJO gak ada,1,0,2.2.7,2026-07-13 01:24:09,,,2.2.7
290c03f4-fa42-4cea-9397-3a14ff6539c4,Rezky Reskiani,https://play-lh.googleusercontent.com/a-/ALV-UjX_3TSm6YPWDF5vFf3976vKAenBTyKU2C0IV1GDvanuELoBrWrH,apl yg sudah luar biasa bisa dari rumah untuk urus keperluan termasuk SKCK,5,0,2.2.7,2026-07-13 00:34:20,,,2.2.7
afa6a491-e719-41df-abe9-ff67482cc3a7,satria ganteng,https://play-lh.googleusercontent.com/a-/ALV-UjUbBgLUVHPgJji79-8pY6Qfqn2-TS4qZA7ilGnPq2ctQnYOVdPy,Aplikasi Yang Membantu Rakyat Melihat Kejadian Kasus Masalah Di Indonesia Yang SEBENERNYA. Mohon Lakukan DENGAN sejujur-jujurnya....!! Terimakasih😉,5,0,2.2.7,2026-07-13 00:17:47,,,2.2.7
11b48832-a6cb-40f7-8f05-352116655140,Fly Smoke,https://play-lh.googleusercontent.com/a-/ALV-UjWfeje655a3msIyKQV9HqUoCLb30Qkg5uzQWhRkMRxvWc_RwFfB,apk ga jelas,1,0,2.2.7,2026-07-12 23:35:41,,,2.2.7
f74b9256-e759-42b0-b25e-9aca7ff7e36c,Halteng 123,https://play-lh.googleusercontent.com/a/ACg8ocImIrLdWK2tD-TR_Jv12AcrzZYrDc22YTrLikKxFu0Y0ql2zg=mo,mantap,5,0,2.2.7,2026-07-12 20:18:57,,,2.2.7
476594d4-3779-4455-bcab-108cb879990d,Heryadi Wahyudi,https://play-lh.googleusercontent.com/a-/ALV-UjXooPD5Y3c4WLWlJ5zuDTDxqNk3z71WeiWJsdR3T7ygm2RtBuA,okee,5,0,2.2.7,2026-07-12 15:58:41,,,2.2.7
5635dfd1-df4f-4aa5-8b67-c417e2a44b06,Naura Amrun,https://play-lh.googleusercontent.com/a/ACg8ocLA3L7lXyOHG4VD6EvESddXbxwLqFMitLZGfAr-9FqLM2WxEw=mo,polri mantap,5,0,2.2.7,2026-07-12 15:52:59,,,2.2.7
11027d3b-5da2-4225-9ba2-0c8edc3d2bf6,Muhammad Adnan,https://play-lh.googleusercontent.com/a-/ALV-UjWQhpO29P__56gWUUTgiP7N8vplRpHzHFta780QgNCdb54_0FIU,aman dan terpercaya,5,0,2.2.7,2026-07-12 15:01:57,,,2.2.7
6cdd9faf-b38a-444e-9060-ed40b868c024,Ipan Supriatna,https://play-lh.googleusercontent.com/a/ACg8ocLu9PhThtdXDZc-612pgYCFbtFGCwaLsdjr28vviU_20ka9eA=mo,sangat bagus dan membantu,5,0,2.2.7,2026-07-12 14:55:07,,,2.2.7
68c058e4-8ebc-423e-917c-406a2b57f603,firmansyah andika,https://play-lh.googleusercontent.com/a-/ALV-UjVqMDeSGwsU2GKad8RlMeuDwWCubzuU_0qKOlFPLt4cMcSwCk0,sangat membantu,4,0,2.2.7,2026-07-12 13:13:42,,,2.2.7
30205782-b566-4031-8d18-2c3fb8b66fc9,Muhamad Ikbal,https://play-lh.googleusercontent.com/a/ACg8ocJzpirjgpVJHZRohyZfSBY6Ct5UfrP-xZdzG98-Pxdb3iT_Qw=mo,bagus membantu,5,0,2.2.7,2026-07-12 12:46:33,,,2.2.7
46e6ce46-b887-42f6-a4da-a1877457c8d4,Dindin Saripudin,https://play-lh.googleusercontent.com/a/ACg8ocLllxe2h0DCK7yTRBMOdlofG7bwPOexLnmTXF7cpDs7PA0PZQ=mo,mudah dan ga ribet,5,0,2.2.7,2026-07-12 12:32:53,,,2.2.7
c9fc86c9-b7d7-4cd4-9658-6806545bf9ae,Muhamad Dwi Setiawan,https://play-lh.googleusercontent.com/a/ACg8ocKlBzhbVYPfjyCELKJvQ4qUG2Tc6qRNwehCmZmHPd_1XShmAA=mo,bagus,5,0,2.2.7,2026-07-12 11:58:32,,,2.2.7
f62ac15f-8b6a-4160-bd0b-c7fd92af0c32,Syarifuddin,https://play-lh.googleusercontent.com/a-/ALV-UjVNE7XHrcAx74LOPPV1fk-KvVR19d1bZNme9jQiZKgPgZnRgFY,bagus,5,0,2.2.7,2026-07-12 11:51:18,,,2.2.7
a8e572a9-5140-4851-a87a-6fc10cb8ceab,Roja Li,https://play-lh.googleusercontent.com/a-/ALV-UjWvbN-CHyGQutPaACdisacx49rf5-JrNA4lgGc_rWtmr8je43g,sangat membantu,5,0,2.2.7,2026-07-12 11:49:41,,,2.2.7
fe00c711-2262-43e4-ba95-9da95637d63e,Dena Darsono,https://play-lh.googleusercontent.com/a/ACg8ocIrTItxtjxJTfYP6QQnN0BZryiJnI2_xYbR4O_ATAZ-uDt2uw=mo,ok,5,0,2.2.7,2026-07-12 10:27:25,,,2.2.7
80435844-fb97-4c42-bd3c-89363229d47a,Tegar Wahyu Wicaksono Windyo Putro,https://play-lh.googleusercontent.com/a-/ALV-UjUVOdagOLkHdXrZmXPVMh6CnjacTroXF3Ir-NMZPhH6f64cI3Sp,"server lemot, loading data kelamaan",1,0,2.2.7,2026-07-12 10:09:37,,,2.2.7
d4318b13-5a63-4fd6-b5a0-9dcc3f0a71af,fauzan dimas,https://play-lh.googleusercontent.com/a-/ALV-UjVWHYrdBaWRGHVIL1HdypH-K5SttuhYDchqepjpcISxfej0XOpc,tidak bisa mengubah metode pembayaran dan menghapus riwayat aktivitas,1,0,2.2.7,2026-07-12 09:54:35,,,2.2.7
6db516d3-8f6a-4eb5-bc1f-d7ae2dfdeaef,Irwan Gulo,https://play-lh.googleusercontent.com/a/ACg8ocJt8CyWoas3QoG-UrgXqe0So0llUa4K2eIFRLqA2D4zxFBCyQ=mo,sangat mudah dan sangat membantu masyarakat.,5,0,2.2.7,2026-07-12 09:49:11,,,2.2.7
913e4930-54e1-4489-8dbe-84d79349d4ec,Hapeopo Biru,https://play-lh.googleusercontent.com/a/ACg8ocIOKSDXsyQQr6Y498YY-E6tZRWZ2Anv0yi96_oTbbkpZZ9zrg=mo,luar biasa,5,0,2.2.7,2026-07-12 09:45:47,,,2.2.7
bc311fd7-0a31-463c-b6bf-76a2e951beac,Taufik albantani albantani,https://play-lh.googleusercontent.com/a/ACg8ocJ94D4jKu8OHbllpCZUZLNxr5jY1GRWpLByF96P7KT6WaKbzg=mo,sangat bermanpaat,5,0,2.2.7,2026-07-12 08:42:52,,,2.2.7
e40ceb8f-0b64-44ad-8691-c4cb251fff8d,Mister Loak,https://play-lh.googleusercontent.com/a/ACg8ocJHE7RicR29CbGWidyxuDKinBSqrVMTfwINs1E2nuZY1CNEzg=mo,luar biasa,5,0,2.2.7,2026-07-12 08:21:06,,,2.2.7
29772b04-6abe-40f3-bd08-71612f1e454e,At Taufik,https://play-lh.googleusercontent.com/a-/ALV-UjUAEsY7R8-rzEqeTifu3Kj9N-V18FKknCVrTrVwWRAOrX-9oos,ok,3,0,2.2.7,2026-07-12 08:17:11,,,2.2.7
21095a32-5691-4a78-8810-f008e4ae41e9,Jupri Awan,https://play-lh.googleusercontent.com/a/ACg8ocI1N5RfZfTGk-jwWW3EEVjYQJpBDrPaXflVCQ-yCpm2FxbMBg=mo,jos,5,0,2.2.7,2026-07-12 07:16:40,,,2.2.7
b67362be-a380-4fab-810d-ff3a9070a04d,Chintami rifka Oktaviana,https://play-lh.googleusercontent.com/a-/ALV-UjUV_XycjmwZJfwcul3eDWoqMLYF9Zhg-y0tdkuFpVcefnLYpLZT,"Dari 3 bulan lalu mau buat akun di aplilasi ini susah banget. Baru cek lagi sekarang bulan juli, ternyata update tampilan. Nyoba buat lagi, di bagian lengkapi data verifikasi kenapa gk ada tombol next yaa hahaha udah di coba berkali kali tetep gk ada juga tombol nextnya",2,1,2.2.7,2026-07-12 06:56:27,,,2.2.7
e2dae2fd-6bb1-4b30-aa89-790312b0f333,Roy tempaling,https://play-lh.googleusercontent.com/a/ACg8ocJeLmyb6nTnDqbrgIv5UVBXtM2TFMVo_cj15P67fvbiYgG4DQ=mo,mudah dan cepat,5,0,2.2.7,2026-07-12 06:10:02,,,2.2.7
f69d606e-cec8-4071-b2f7-9a2546f01592,sam adhy,https://play-lh.googleusercontent.com/a-/ALV-UjUtEOBjc5AfffuqANOglQX02cIrroIlo97cAHNpYaijft5yMCdy,polri bravo,5,0,2.2.7,2026-07-12 03:46:01,,,2.2.7
2a66c535-1a2f-45e2-99f7-f4f1735e57b2,Milanisti Forever,https://play-lh.googleusercontent.com/a/ACg8ocI-kO8YeKGqtgnBil6SRHVAtJnq8bIUErDeKfUFhc-t-y-R2w=mo,masih perbaikannya,3,0,2.2.7,2026-07-12 03:29:29,,,2.2.7
8ce792bc-92bd-4882-8a10-51818595a8a4,Nabila Fardha Amaliah,https://play-lh.googleusercontent.com/a/ACg8ocIIlgKNr7jXJgcOvrLZ0QSDSR7THcZ9Q1-ZqWzYi1CPDYDu4Q=mo,"Aplikasinya ribet, untuk biaya pembuatan SKCK hanya menyediakan pembayaran melalui BRI virtual account, tdk bisa via bank lain. bukan mempermudah malah makin ribet harus nyari org dulu yg punya BRI mobile. dan untuk mencetak SKCK juga harus di H+1 baru bisa diambil.",1,1,2.2.7,2026-07-12 02:54:15,,,2.2.7
1ea8c12f-9a63-4458-81c9-8e9c30121467,Irpan,https://play-lh.googleusercontent.com/a/ACg8ocIYdkkCNUJ6r4aSEgWTEroKv-hqlZwMkqL4FbbnryV-rnL12A=mo,"perubahan prosedur kaya gini tuh buat apa sih? saya gak dapet poinnya. kalo buat mempermudah, harusnya yang didahulukan fasilitas penujang sistem di polsek-polsek. ini mah fasilitas belum cukup udah eksekusi sistem aja, akhirnya pencetakan harus ke polres Karena Polsek belum bisa. kasihan orang yang rumahnya jauh.",1,0,2.2.7,2026-07-12 02:14:40,,,2.2.7
17cd6184-c2c8-47bc-bd76-851088d1162d,Aca Aulia,https://play-lh.googleusercontent.com/a/ACg8ocKC3GmERYS7KeSayKeRDXyNqHLG7cld-3KGOQcLQdRKqew3yg=mo,ok,5,0,2.2.7,2026-07-12 02:10:51,,,2.2.7
e3a9bdde-8a3b-4522-a9a7-ae5f103bb995,Ariksurya Surya,https://play-lh.googleusercontent.com/a/ACg8ocIFIwRIve11Ar02qMXGb94AeqxedNtpyDHlcpbcPfvYx8ERww=mo,sangat bagus,5,0,2.2.7,2026-07-11 23:29:23,,,2.2.7
1ffcf695-2d0d-4c1f-9b79-f6e98164efba,Yani Mulyani,https://play-lh.googleusercontent.com/a-/ALV-UjXdRMU_n1Xtsc3FszD1mnI3mfSBthp_C5rearLWUA0dBacFznv-,"bintang 5 biar keliatan di atas. kendala perpanjangan sim, pilihan kurir tidak tersedia untuk kab.bogor. saran di perluas area pengirimannya. jd opsi pengambilan via pos bisa berguna sebagaimana mestinya.",5,0,2.2.7,2026-07-11 15:48:22,,,2.2.7
e73cf4e5-90ed-4dff-8f76-8411bc5d4374,achhmad zain,https://play-lh.googleusercontent.com/a/ACg8ocJ3rOPZkrG7v5UH26CFNtkhy199JWoJnjV8vxN-eOa8I3eX9g=mo,pelayanan yang memuaskan,5,0,2.2.7,2026-07-11 11:55:40,,,2.2.7
28ba4718-1991-40b5-9f71-929382652cc6,Haitsamabdussalam,https://play-lh.googleusercontent.com/a/ACg8ocKyZpIm0GKQy_5R7oibsqmgkDzKHPimV3CdfaxXz8D6Bjlp9Q=mo,presisi,5,0,2.2.7,2026-07-11 11:35:55,,,2.2.7
90c1b057-e45b-43b1-a7a2-97da314a3ed3,Adhim Irawan,https://play-lh.googleusercontent.com/a-/ALV-UjUk8DRXpVxzry8A5biKPhF4rSLnYqQVLU7Pj76Id0MdLHMq9x7WNQ,"very good, Terima kasih pak polisi. ini sangat mudah, gak perlu antri",5,0,2.2.7,2026-07-11 11:25:52,,,2.2.7
7d222963-d8a4-4848-9718-1665879fba4c,Mustakinsimurutgmailcoom,https://play-lh.googleusercontent.com/a/ACg8ocLyjBOB3Rxb72r9HM-D-nRGm823zZUCbSpRULFK1nMe1dh1Bw=mo,sangat bagus,5,0,2.2.7,2026-07-11 10:46:17,,,2.2.7
1c6f038c-43ef-4ed2-be29-36f9067f030d,lian sani nur kusuma,https://play-lh.googleusercontent.com/a-/ALV-UjWblVzjV8Y53lzgMttdERsNCAUOTuQJO0X3JYaNjxf26_kOaNA,mudah dan cepat,5,0,2.2.7,2026-07-11 10:43:16,,,2.2.7
231dbe0f-540e-4013-84d3-581f7f789abf,agung nugroho,https://play-lh.googleusercontent.com/a-/ALV-UjUJF0A6sBhfSmq9QQiDeJJrIiHCdaA6eBJ2STv8F01y046Y_U69bg,cepat,5,0,2.2.7,2026-07-11 09:38:48,,,2.2.7
912642a9-33ec-4360-9f54-1aaaf26961c4,Gilang Redi fadli,https://play-lh.googleusercontent.com/a/ACg8ocLqKxWtFhLNFEOnrpucFc3Npj3q_GLyh9Y65SrTEGke8EeAWg=mo,"gabisa daftar skck, kolom alamat kota tidak tersedia,",1,0,2.2.7,2026-07-11 08:19:42,,,2.2.7
4b457b5a-af48-4f04-8b33-5830d7df3ed4,Makmur Bako,https://play-lh.googleusercontent.com/a/ACg8ocLqzuN-tL4ELjtjDxUZ1_nRfPZgGlHyPRLWybE24O8K-Jpa9Q=mo,bagus,5,0,2.2.7,2026-07-11 07:41:34,,,2.2.7
95717eee-f1d8-42c6-87ec-ae9c2128cd93,Ken Morita,https://play-lh.googleusercontent.com/a/ACg8ocLW0h9vhkXpMUdLIS04Tb21oEntH1QqyjXsiKUn1Q-2tSx6EQ=mo,"Aplikasi mantab, mudah dan cepat. luar biasa sudah terintegrasi dengan Data Pribadi. Semoga Layanan POLRI semakin baik lagi. Mohon untuk Perlindungan Data Pribadi menjadi atensi khusus sebagai Keamanan Informasi.",5,0,2.2.7,2026-07-11 07:19:34,,,2.2.7
81eed792-8c15-4744-93c3-46fda8d4244d,muhammad ilham,https://play-lh.googleusercontent.com/a/ACg8ocLUyZ1QNKs9grb5ZGsRJLR-WWnSmBWuRsFu0h0SvZAcBeKGow=mo,"aplikasi responsif fitur mudah dipahami, good job polri",5,0,2.2.7,2026-07-11 06:39:15,,,2.2.7
cbf396d2-a023-4f0b-ae67-d57194631c46,Yusril Rianto,https://play-lh.googleusercontent.com/a/ACg8ocKYNYdkH6SohPgL0MLjZzkAAk39peDcu5SnBq5vbmvoO5OfAw=mo,bagus sekali,5,0,2.2.7,2026-07-11 06:13:32,,,2.2.7
f7dd1632-7cea-4652-a2a8-437bdaf9fa42,Nafri ChannEl,https://play-lh.googleusercontent.com/a-/ALV-UjXOZXu2WQKbONtaAtPQga_s4HM8cKIBiE2ZKtRyOvLFZ8GSGoo,pelayanan sangat cepat,5,0,2.2.7,2026-07-11 06:10:39,,,2.2.7
89a53e45-441f-42e6-b2fc-dc90e20eb2ab,Solikan Kan,https://play-lh.googleusercontent.com/a-/ALV-UjVO2JueYza4B2nuYtRYshC6cunTAI5pWGdqIs-dW6lVnSg6uCg,ok,5,0,2.2.7,2026-07-11 06:06:15,,,2.2.7
5f6d0f86-af31-4480-9458-d15cbaba83a2,Thomas Reel,https://play-lh.googleusercontent.com/a/ACg8ocIqIRF0UJSVabph6nNT0qcHU6sxdQwpSCaIkyhEkwshTpDOIsg=mo,bagus dan cepat,5,0,2.2.7,2026-07-11 05:24:59,,,2.2.7
3f8f0b48-4563-49cd-903b-5f784fdc10f8,Heri Her,https://play-lh.googleusercontent.com/a/ACg8ocK7GDpgyc5mU1wUkDmY-8JBVRt58xRSlhK8uaIhxpZaRZrOyQ=mo,polri hebat,5,0,2.2.7,2026-07-11 04:14:26,,,2.2.7
8af22d38-8b35-407e-8340-2a05576d75e4,anastaria hauda,https://play-lh.googleusercontent.com/a/ACg8ocK3yW229czB3BKcjQOd8TIqimNOB9tazgta4Kh1x_Ayb_s1_A=mo,trimakasih,5,0,2.2.7,2026-07-11 03:51:26,,,2.2.7
f210472b-f725-4c61-94a2-02a3942e0863,Angga Deblak,https://play-lh.googleusercontent.com/a/ACg8ocI-j7NSgReS9nUga1QGN9_zyXZIZlOPrwTCkBbrnwGIXylQgA=mo,bermanfaat sekali,5,0,2.2.7,2026-07-11 02:30:07,,,2.2.7
3adb96f5-0425-47db-99c4-5d5142b6d790,Adi Suprapto,https://play-lh.googleusercontent.com/a/ACg8ocIsPyDmY6bdiRulHd2CpsJJceLethXypg96nJ9ypTdk6L_UNA=mo,sangat membantu,5,0,2.2.7,2026-07-11 02:04:22,,,2.2.7
097c0394-3a1a-4c77-9694-3602e05c56b6,Yudi Anto,https://play-lh.googleusercontent.com/a/ACg8ocJWF-y1Ps0ejEir6TGqX4uhGN8ERkHqk3MKG6ZR2fUJJYD2QQ=mo,memudahkan urusan kita,4,0,2.2.7,2026-07-11 01:26:16,,,2.2.7
ca6f293c-187e-4fdf-825f-4769565f8372,Ririn Wahyuli,https://play-lh.googleusercontent.com/a/ACg8ocLtpGRikfNxm_cprrfzL4wWuk4N31yxsKSX3iWi2iMw0h4VXA=mo,lebih mudah dan efektif 👍,5,0,2.2.7,2026-07-11 00:08:00,,,2.2.7
db6d929b-ab5b-46cc-81e7-21b10bcd30b0,Muh Sulaiman,https://play-lh.googleusercontent.com/a/ACg8ocIk1n9jqPuPzOcq0OMNmwtdKDGiMfAvMN2ry9-fzHUymZO-kw=mo,sangat memuaskan,5,0,2.2.7,2026-07-10 23:48:07,,,2.2.7
ec5db5fa-ab45-4b84-b0c2-4a1acf7cc9cc,Dumay Gmail,https://play-lh.googleusercontent.com/a/ACg8ocKnA3gd11Kgr_gQ7ywjLvwGRG_l-klSaeFwk6adX2H4Kol3gA=mo,bapak tolong pak motor saya hilang pak tolong tangkap pak saya ga bisa narik pak tolong sangat tooollooongg bangeet pak,5,0,2.2.7,2026-07-10 15:54:22,,,2.2.7
7cab5639-9b75-4eec-800a-6b88f2fd6952,andi Sugandi,https://play-lh.googleusercontent.com/a-/ALV-UjXaKUTWCdHED-mXO1uB_PNTH0S-F0dziNC4cyHldqsuDUecG8RW-Q,cukup bagus,4,0,2.2.7,2026-07-10 14:31:38,,,2.2.7
2795f640-3568-4c89-8044-f6923e3cda37,Sandra Hazari,https://play-lh.googleusercontent.com/a-/ALV-UjUZnMyNZSyc2yHi41xeLQQATxr66giQzeKRlG0ysU6hPYEVvsQ,sangat baik semoga lebih capat,5,0,2.2.7,2026-07-10 14:27:19,,,2.2.7
27034e4a-4a9e-4392-9503-8d784526572e,Dendi Deden,https://play-lh.googleusercontent.com/a/ACg8ocIcLdpj9-LGZziZNK24bnLKchU9tXYFVk1uFdNEme-bl6Hp6w=mo,saya puas,5,0,2.2.7,2026-07-10 14:12:54,,,2.2.7
370cceea-f731-44cd-8101-15a690676934,Ajeh Kasep,https://play-lh.googleusercontent.com/a/ACg8ocKnJ9yY5YB-e2x7nTWkT9w31829wIPOevQZgxtLa2SxxOUpxw=mo,bagus,5,0,2.2.7,2026-07-10 12:25:23,,,2.2.7
9d9ef740-94e4-44e7-8a1e-334a0cbb8b48,Siti Mariyam,https://play-lh.googleusercontent.com/a/ACg8ocIzSN3Q2hEjS9N4ZRFNjeq4W_WM7GOepkVX6zuMcrHP7zA2ww=mo,memudahkan Masyarakat untuk kebutuhan kewarga negaraan.,5,0,2.2.7,2026-07-10 11:56:15,,,2.2.7
c9f3ab51-44ec-49e9-8330-5b90ce03778a,Rakhma Nr,https://play-lh.googleusercontent.com/a-/ALV-UjW1do075oEm3PPQxSCSbuEv75ky7v9IwtYydLhjGh-ntBaQeWKe,terimakasih banyak,5,0,2.2.7,2026-07-10 10:48:30,,,2.2.7
67bf8e12-7193-408d-a986-cb8d24aee746,Budayy,https://play-lh.googleusercontent.com/a/ACg8ocIfUievhqVLvGDV_adsNrJr6rKbDbuhccPdJWGoQwMOLZVfig=mo,jos jis,5,0,2.2.7,2026-07-10 10:02:00,,,2.2.7
46fa29c0-85b0-4e2c-9536-3e2333a0573c,Wahyono Yono,https://play-lh.googleusercontent.com/a-/ALV-UjWI9lllDG7Q7Gjka-xxIrdGDAw8XXpD7RJ7O0ahVYopWbZU1MqOIw,cepat dan ramah...sangat membantu,5,0,2.2.7,2026-07-10 09:36:08,,,2.2.7
cd2747fe-d610-4624-b0f3-27cc7253fbb8,Sumiyah,https://play-lh.googleusercontent.com/a/ACg8ocIepV_4GSkvhPx02NQDl2wZ5eUyVhidW3N_kuASgt_pvKBpSg=mo,sangat cocok,5,0,2.2.7,2026-07-10 09:21:51,,,2.2.7
7ee46b3f-65e5-402d-9cce-522c13d36396,Untung Ansori,https://play-lh.googleusercontent.com/a/ACg8ocKtJRKPG6Fb-B1JmE-HmKFpFjg28vnX69agC6ZLv01RzcMQ5Q=mo,"saya mau bikin skck,tapi polres dan Polsek ditempat saya kok GK ada di aplikasi ini.",1,0,2.2.7,2026-07-10 09:13:43,,,2.2.7
0a20df08-29a5-4c25-8223-3c868e09d800,Resi Andriani 0608,https://play-lh.googleusercontent.com/a/ACg8ocLXIIVSk924RdyCcoyZtfmXtos4I0M8VhdcdYIk5jvRJTzZ0Q=mo,aplikasi nya mantap 🤌sangat mudah,5,0,2.2.7,2026-07-10 08:37:17,,,2.2.7
c8263c7a-5795-4118-b26f-c525e70f6d2d,Kuswatul Andalan,https://play-lh.googleusercontent.com/a/ACg8ocJvMFZt1bF-oRnnuF4RgHnC_5VbuG6W9KX1ChHJkFbR4Oum3A=mo,satu kata ribet knp pembayaran ga bisa pake dana atau gopay . knp harus BRI BNI,1,0,2.2.7,2026-07-10 07:38:07,,,2.2.7
ff81d5a3-19ba-4604-bfa6-6728f872b1f1,Dewi Riska Putri,https://play-lh.googleusercontent.com/a/ACg8ocI_5isTmCBbPwuyWl-nu7RInGnB0QAMWKrFJje1z_wr51YKWQ=mo,bagus,3,0,2.2.7,2026-07-10 07:04:05,,,2.2.7
a2928b93-80ae-4efa-a1b6-ce824354cc8c,Dio 12,https://play-lh.googleusercontent.com/a/ACg8ocL5aiLeuARUWiqObCRXd6S6PYCWg8NGpWVvWC8dw91dc52n2Q=mo,terbaik,5,0,2.2.7,2026-07-10 06:49:05,,,2.2.7
e8f9689a-61ce-4ee2-8731-71401e21abfb,2O2IOI3O28 Angelus Ola Mangu,https://play-lh.googleusercontent.com/a-/ALV-UjWr5Vijt4THNEu4x3rGzdFE22nYBH6g1ajTB1xyv_ISAMKnxPE,baik,5,0,2.2.7,2026-07-10 06:45:27,,,2.2.7
12c6125f-0018-4df6-972c-651b0402a0e6,Fahdi Maulana,https://play-lh.googleusercontent.com/a/ACg8ocLxovPQ5A2O3fmYY_PK2i1Ai2jEGn41ExxedTP5v0p3HX7ctg=mo,sangat mudah dan cepat,5,0,2.2.7,2026-07-10 06:08:09,,,2.2.7
1f020184-6457-4412-a914-7cf1537ce0d9,Heri,https://play-lh.googleusercontent.com/a-/ALV-UjUnKddxvKiXShCz1x8faQ9VX2Y7GX1WUz60nol0kU18UIfZnhQC8g,ribet,1,0,2.2.7,2026-07-10 05:35:56,,,2.2.7
58ef15ca-7866-4e1f-914c-6bbc93d9883f,Bank Jok Chanel,https://play-lh.googleusercontent.com/a-/ALV-UjXQWivKB0Jq9ZRlgCn4Mbb63Buo49puACjJKkjGV_HTTmxgdtc,untuk tempat pengambilan/pencetakan skck baru terlalu jauh ke polres/polda itu sangat jauh harusnya di Polsek terdekat bisa mencetak yang baru,3,0,2.2.7,2026-07-10 05:30:17,,,2.2.7
16a5473e-2bdb-43a0-a802-51d9947bffdb,Hadi13,https://play-lh.googleusercontent.com/a/ACg8ocI1ZwITgONncoB4HP8wcNE8JAaW-CKCJdc6QDZFonNnOG2w6A=mo,gebleg,1,0,2.2.7,2026-07-10 05:06:28,,,2.2.7
658c62ee-7b5d-4e32-b5cd-a4b512a45373,Arif 62,https://play-lh.googleusercontent.com/a/ACg8ocKZIUPV00WM4o9U8ClKyS983BD5P_oIWiyA66hwSqQqp4abnA=mo,gue kasih bintang satu karena foto profil nga bisa diganti 😭,1,0,2.2.7,2026-07-10 04:56:14,,,2.2.7
37c96667-80dc-4469-a198-1964f5b8c473,Raik Fotret,https://play-lh.googleusercontent.com/a-/ALV-UjXY_5KXX_9WoqM0PVNbpC7NxNiqKk7Q6MARV19syj76bZWxC9Bx,mantap sangat membantu,5,0,2.2.7,2026-07-10 04:21:11,,,2.2.7
c6e6e959-3be5-48ab-8bf0-edd433183d9d,karso aqso,https://play-lh.googleusercontent.com/a/ACg8ocLB-16oxbx3maf5JOi5UCtMML1xHpIC9efvHDPQt4_9_4JtKw=mo,good,5,0,2.2.7,2026-07-10 03:49:44,,,2.2.7
1c4c62a7-7582-4e77-a65b-b96670953ef4,Rhino Sugianto,https://play-lh.googleusercontent.com/a-/ALV-UjUpGcvVbOOZZSTa5Q2p5LIzi1tq9GNDv1mUiMzyPrXDS9sgAgqGig,oke,5,0,2.2.7,2026-07-10 03:42:03,,,2.2.7
e5078231-a439-4498-bb5b-2654c95640ea,Trisma Novristia,https://play-lh.googleusercontent.com/a/ACg8ocJHHt7U56PEK72H1am2mdX7GmhKw3A0IChoR4sM-uoebldzyg=mo,baik,5,0,2.2.7,2026-07-10 03:39:26,,,2.2.7
49af1bce-e89b-4911-be1c-8acd63697567,Samriansyah,https://play-lh.googleusercontent.com/a/ACg8ocJo4J_naVdxzRvgqZWMHN48fRM9XouJAhPPyjiBpUAvk9J6=mo,aplikasi POLRI sangat mudah digunakan,5,0,2.2.7,2026-07-10 03:31:17,,,2.2.7
91783e8e-ee69-4c04-b6b4-4edf3a2a6016,Davian Esa,https://play-lh.googleusercontent.com/a/ACg8ocLuzlECQ1d2IIRKggq-eKvbNF4QeEGf5vycWWjaXRvYurO3TA=mo,"ga guna!!! susah di pake, sering error. tolonglah jgn mempersulit rakyat nya, saya cuma mau bikin SKCK buat lamar kerja, datang ke polres/polsek di suruh pake aplikasi ini, tpi aplikasinya error mulu, gimana coba?",1,0,2.2.7,2026-07-10 02:58:59,,,2.2.7
3454e062-4b72-4eb0-9d20-b7eb5e08ea74,ratu elif septiawan,https://play-lh.googleusercontent.com/a/ACg8ocI8PuExC7T0pB2u69Fmd_IK0p52JBWaljiDaLdy89ZvfbH0IQ=mo,sangat membantu,5,0,2.2.7,2026-07-10 02:58:50,,,2.2.7
2d651732-bf7f-471f-a9a4-36f6435adca1,Arya Bima,https://play-lh.googleusercontent.com/a-/ALV-UjX89m6vU6unnXtPKN7Rzpipe7QC1MzSdFx1guwkOxP0BCeXV_bk,apl bobrok,1,0,2.2.7,2026-07-10 02:29:38,,,2.2.7
e2e616ec-fafc-487f-9335-b2e4edf9f84f,Nandang Ahmad Sanjaya,https://play-lh.googleusercontent.com/a-/ALV-UjWn7SAqu_xB91WjXLES0lF-A8WU4bqklxcJ9vp-QkS02pjyfxi_qw,gokil. smoga nnti pas ngambil skck bener g ada pungli,5,0,2.2.7,2026-07-10 02:15:18,,,2.2.7
d7ff9ecf-51f5-4f51-b779-3f184f64ce31,SHAM BANI,https://play-lh.googleusercontent.com/a-/ALV-UjVB6EyNIgweNp4kLyoVf8v0dPmEQr-GD_KMIITGGhwSh_eO0h5vag,Sangat bagus karena memudahkan masyarakat untuk membantu SKCK,5,0,2.2.7,2026-07-10 01:59:42,,,2.2.7
60bbce0e-afef-4d92-b7b4-cecc1db78bed,Rian Ganteng,https://play-lh.googleusercontent.com/a/ACg8ocKHLtCKhSFpEXoh2sjwvT104ywB_AIZzODlqw5IrS_peB9szg=mo,mudah di gunakan,5,0,2.2.7,2026-07-10 01:56:57,,,2.2.7
ac4dd2a1-021d-4c7a-b526-daf496ba73f8,Basit Hasbi A,https://play-lh.googleusercontent.com/a/ACg8ocJNQcYN_cDgIlBZxBSceQbszOO11KZetQJRJmFipvEAgry4=mo,sangat membantu sekali,5,0,2.2.7,2026-07-10 01:42:50,,,2.2.7
032ef120-741e-454c-866a-1d05f513cd89,Tri Septiyaningsih,https://play-lh.googleusercontent.com/a/ACg8ocLVAn2dcltDcDCl0koZVrzFSI4PWd5OjyuMvS35VxiXES930A=mo,"Recomended untuk pembuatan skck... tanpa harus pulkam, proses mudah pelayanan di kantor juga baik, untuk Bpk Petugas Pelayanan skck di polsek cikarang pusat Terimaksih sekali Pak, karna pelayanan sagat baik dan ramah sekali ...",5,0,2.2.7,2026-07-10 01:41:46,,,2.2.7
e5498a23-ff0b-405a-8cdd-83e9a57423a8,Windy Annisa,https://play-lh.googleusercontent.com/a/ACg8ocLcBX0z9k2_zqjixE8TyydMV4IBxgvCM4Pc266E8VV04K8-4Q=mo,luar biasa sangat baik,5,0,2.2.7,2026-07-10 01:34:28,,,2.2.7
40da4843-1765-40c5-a1a9-0ab81710abf0,Siti Halilah,https://play-lh.googleusercontent.com/a/ACg8ocJMqSRN7xoS8wR8qFz1dscI5o6iOn-SNTQeL6qOOV8-ar6M6bM=mo,bagus,5,0,2.2.7,2026-07-10 01:32:45,,,2.2.7
51a88818-6ecb-4651-a857-1afe4b0420ba,Rahmat Firdaus,https://play-lh.googleusercontent.com/a/ACg8ocJYyXgflWyJ78w5iqYFWTztkx3EeDvbRR7mx3m-JqoECioJ6Q=mo,mantap,5,0,2.2.7,2026-07-10 01:19:19,,,2.2.7
69d22f5f-7d97-471a-a28c-1851a2bbdd31,Harry Harry,https://play-lh.googleusercontent.com/a-/ALV-UjVczybo-pKE4r-BA-1fpyRUhVgAzCf9KKo60s1WLxlasV2T4cIr,mantap jiwa,5,0,2.2.7,2026-07-10 00:46:35,,,2.2.7
d27ccbae-7445-4c35-afed-076caa47c2c7,Di Mas,https://play-lh.googleusercontent.com/a/ACg8ocKaGqZHr4BF0BXDYTRWTXv4oup9cD6uupNlS2NDWj-a2u8UZg=mo,akses cepat,5,0,2.2.7,2026-07-10 00:34:21,,,2.2.7
3170878b-8e92-4884-ada3-0ddf14997a14,Saril S,https://play-lh.googleusercontent.com/a/ACg8ocJZCewoEbSoDklZH10YoAtHr7dolP6rnJgDVX_Ulmkah8LI7w=mo,Sangat membantu,5,0,2.2.7,2026-07-10 00:26:34,,,2.2.7
a7502e65-ebbb-4be9-8469-8c945a3d5544,upii daffi,https://play-lh.googleusercontent.com/a/ACg8ocLr3S_UtJQl1uH8puF6in_dygykw8SUSQG5-_lqL-oYXio1Fw=mo,sangat puas,5,0,2.2.7,2026-07-10 00:19:52,,,2.2.7
68e28f52-6ffb-4926-9ffd-f91174d868a8,Nina Lusyana,https://play-lh.googleusercontent.com/a/ACg8ocJKIUTvH-HB3goksNhwUi61MYw0mEJ9nFMVL87s1G7D72sg4w=mo,kenapa tidak ada lokasi cetak polres Bogor sih jadi susah iiih,5,0,2.2.7,2026-07-09 22:43:13,,,2.2.7
fa22ff74-5c5c-41a2-931f-568dc7c1c3db,Chelsea Avrille,https://play-lh.googleusercontent.com/a/ACg8ocJ5meWya_s77UDKnN4BnPaSZcYYgVsB4pG_160BXgIeBjOfaA=mo,terima kasih,5,0,2.2.7,2026-07-09 22:05:27,,,2.2.7
c4cb3053-6db2-41a1-b47a-596890933198,Gilberto Balelay,https://play-lh.googleusercontent.com/a-/ALV-UjVqBwDft3oiilAvVicpkNMbZCw2LRl8bzaHqgRjhiy2APRk1AJX,sangat sangat membantu,5,0,2.2.7,2026-07-09 16:14:52,,,2.2.7
2e2b6a50-24c9-42cc-86e7-a1af8fe8b357,MORENO SOEMARNO,https://play-lh.googleusercontent.com/a-/ALV-UjVRyEIzohNT69lw6KCAFy9-0IYLobdKRHuI2G4FlqDL_2QPBB0,Alhamdulillah sangat mudah pembuatan SKCK.,5,0,2.2.7,2026-07-09 16:10:21,,,2.2.7
6d79e7c0-3b52-4dc0-8278-0ef24f2228b2,Panca aldian Aldian,https://play-lh.googleusercontent.com/a/ACg8ocLmC0A2xkT2dVXK_YBLaeo6_JNxHHbzQ6jRT9Snz5xWNyFmFQ=mo,keren,5,0,2.2.7,2026-07-09 15:30:07,,,2.2.7
274a40a8-163e-4d01-b073-70134ddd83cf,M Ali Usman,https://play-lh.googleusercontent.com/a/ACg8ocJ05lnidAa8ggBkikj08CYN5SxN2NYp_X_qJVNTDACGNPTocw=mo,mantap aplikasinya,5,0,2.2.7,2026-07-09 15:00:55,,,2.2.7
6179b381-a46b-40c6-b189-50d8b92286a9,Hot Dengly,https://play-lh.googleusercontent.com/a/ACg8ocJpVfN5Wo3vNjlu3KzEX6p7e-Po3M8YfgPykIkoAbpEW1c4jA=mo,sangat puas,5,0,2.2.7,2026-07-09 14:01:43,,,2.2.7
fcaaf17f-a4ec-4ac6-8171-e6a6b9059ab8,Donna Fitrianyi,https://play-lh.googleusercontent.com/a-/ALV-UjUgXtoOCmDqBzboLQpU8UNFT2Pzcwc1LA9w38MqpTJd6OkiL8wp,bagus pelayanan,5,0,2.2.7,2026-07-09 13:45:01,,,2.2.7
498bf679-fcc4-4a8a-b72b-66098cdb54bc,eliawati rusdiawan,https://play-lh.googleusercontent.com/a-/ALV-UjVR6fVTuTIM8VyEgFgpzFVHY1EIk0YjjnTUlkJ6E5e2qtRByE7R,luar biasa sekali,5,0,2.2.7,2026-07-09 13:26:53,,,2.2.7
a86e9f1a-2c77-4a61-b42b-8feab0f2f950,Alfian Nur,https://play-lh.googleusercontent.com/a/ACg8ocLnDao-jyQNqpugaxWiUVG53aHyNdqO5Jyrb1osYTKf8jtKUA=mo,mantap,5,0,2.2.7,2026-07-09 12:34:48,,,2.2.7
2e100604-1bb6-4e9b-948e-1815cb53c23b,Arief Wicaksono,https://play-lh.googleusercontent.com/a/ACg8ocIDA6Y413dV4OuPrJ5oUUHHv5JEJkeQTzRPaz5rdeJ0wdY6Ig=mo,mantap sangat membantu dan mudah 👍,5,0,2.2.7,2026-07-09 12:27:06,,,2.2.7
c4a73530-7e7f-428b-abf5-7b0893f130c3,Seri Fatimah,https://play-lh.googleusercontent.com/a-/ALV-UjW2bRkikfFwpBTPZaCc1gEBudNoS_eVpNkUP2Lb4mzTdmr-jDE,urusan lebih cepat,5,0,2.2.7,2026-07-09 12:24:16,,,2.2.7
6a59bc89-f116-4e9b-a454-5daf5b7be9c6,Remi Musri,https://play-lh.googleusercontent.com/a/ACg8ocIGTFsqzQdy8Olz8LuvXO6RxlYyY4j1hwORbNKs13Zb9qw9yA=mo,top,5,0,2.2.7,2026-07-09 12:22:52,,,2.2.7
3a120968-cadc-4fd7-b240-393c74d6917b,Yana Daeng,https://play-lh.googleusercontent.com/a/ACg8ocJMI8ucaYgGvZdljCZtRRfOkZZDboNHecKT_oENSpwQM497SA=mo,sangat memudahkan umat manusia🥇,5,0,2.2.7,2026-07-09 12:18:46,,,2.2.7
485285de-2bc5-48d5-bd32-cfc7a5b79afb,Indah Fitri,https://play-lh.googleusercontent.com/a/ACg8ocLHF5-IWCZDs7dQzhO36DC57ULiyQVHgK3CtsYg4vKWAQ72LQ=mo,sangat mudah,5,0,2.2.7,2026-07-09 12:14:17,,,2.2.7
b17256c2-647c-4e94-847f-2addc6a4202c,Sigit Nugroho,https://play-lh.googleusercontent.com/a/ACg8ocJTUBHJ_98zUXvcPBCGfoeN9fQwW68SXaMlYXnfHkDpF6G3IA=mo,mantap,5,0,2.2.7,2026-07-09 11:53:17,,,2.2.7
c4168624-2b08-4144-bd09-67b4c51ed6bb,Anna alhaqq,https://play-lh.googleusercontent.com/a/ACg8ocKAaeyGqWRyfMylxotX9CvDC_QXZg8Uv0o_Rxin0_7BI2Obuw=mo,mantap sungguh membantu Terimakasih polri polres balikpapan kota tanah air ku 😎,5,0,2.2.7,2026-07-09 11:40:43,,,2.2.7
9a6c2318-f5b0-407d-9a3e-d2ec63e12bb2,irfandi pratama H,https://play-lh.googleusercontent.com/a/ACg8ocJxgjHG7MxqsEm_GLu-6kKYTFqOaSyiFcvpH4KjG_GhGAcYdTQ=mo,"perpanjang SIM online udah 1 bulan status masih diterima...? kapan jadi SIM nya .. edit : Tadi Saya datang langsung ke Polres, Alhamdulillah ternyata SIM C saya sudah jadi dari 1 Minggu yang lalu. Terimakasih bapak/ibu. Dan tolong untuk app ini, bisa update status jika sudah selesai perpanjang SIM online, jadi tidak menunggu-nunggu Jika SIM sudah selesai/jadi. Untuk pembuatan SKCk ONLINE di app ini sudah mantap dan cepat. Trimaksih banyak. 👍👍",5,0,2.2.7,2026-07-09 11:38:07,,,2.2.7
adc1b2de-f570-497b-8a09-46c7599942c1,Alfi Naldhi,https://play-lh.googleusercontent.com/a-/ALV-UjW7NSdJNZJMu9sfdW0wr0B_Cfeqsti2Wy6zPMi15VQC_AqEgBZA,kok gabisa masukin NIK nya yaa padahal udah sama yg asa di KTP,1,0,2.2.7,2026-07-09 11:20:36,,,2.2.7
27cc3d62-43a6-444d-909e-c684d7072140,Milha Uluputty,https://play-lh.googleusercontent.com/a/ACg8ocLk2sKDD3410Gefm5fsdXNaWg0VlQ8aD7XY2rbvP_Y-0NOZ0Q=mo,mantap,5,0,2.2.7,2026-07-09 11:19:36,,,2.2.7
9ba08763-c4db-41d7-8aa8-ac4a2eeb9d6d,Jumi Jumiati,https://play-lh.googleusercontent.com/a/ACg8ocLgxSJ-frgO9w3r85MI-Fp6GR85IhodzfFofzcCl0tNZvcTng=mo,cepat akurat,5,0,2.2.7,2026-07-09 10:00:41,,,2.2.7
f1b81784-0698-416c-81ad-41c03ccc72f1,sarip Udaya,https://play-lh.googleusercontent.com/a-/ALV-UjUui3s99Tpinn8CiCmfMiKyi6qRfUF-AGiSs5-bMckPmHbqMJg,membantu dengan baik,5,0,2.2.7,2026-07-09 09:59:45,,,2.2.7
f6cc1edd-594f-42bc-8176-412f7d079ee2,Imron “BangIm”,https://play-lh.googleusercontent.com/a-/ALV-UjXqyWBMiCo__WhWjrnWVhvjmqVXoYf2toPwB9uEByyAJNwENw8,"setelah capek² semua berkas di lengkapi ,ternyata tetep gk bisa di proses kesalahan eksternal,,haduhhh gimana to ini",1,0,2.2.7,2026-07-09 09:25:52,,,2.2.7
d426317f-d44d-4f57-a11b-05d1791a81fb,Otoy Adan,https://play-lh.googleusercontent.com/a/ACg8ocJqjn78nCJ_tQM_dapi5SAvIRgFpgZ67IQ3-vq-poTTyw3vMA=mo,ok,5,0,2.2.7,2026-07-09 09:17:14,,,2.2.7
06caf26e-b00c-4617-b850-f4e5bd4d284a,abi iwan,https://play-lh.googleusercontent.com/a-/ALV-UjUZp-jZ2eW8DHOhat-AyiUlrJNaQfc_FN5GQyL4xO4DneiSwbg,aplikasi mempermudah dan mantap,5,0,2.2.7,2026-07-09 09:00:38,,,2.2.7
24cb0282-7645-4924-a5ea-64e9166e8fac,Sugeng Riyadi,https://play-lh.googleusercontent.com/a/ACg8ocK8Pj-0FPh6qDiKtuuw4Zy1kiHy2JZeihDAlBugO4eLsd6-AA=mo,sangat mudah,5,0,2.2.7,2026-07-09 08:52:12,,,2.2.7
2780e126-9aa2-4eec-8179-4cbb8225e9a1,Rado Fataruba,https://play-lh.googleusercontent.com/a/ACg8ocIRzacUmlqqCmel8EJ4ABjPZ2HSKVJ-Yaj_NDatTbTePhIkCQ=mo,sangat memuaskan,5,0,2.2.7,2026-07-09 07:55:22,,,2.2.7
48899b10-e435-4731-bf00-6ec0d50b7725,FAHRI ADITIA YUSUF,https://play-lh.googleusercontent.com/a/ACg8ocJGE9v44NyJ10PFrtVorVrUkZO67sd2mxsLRN00MDPfKoEdHw=mo,mantap,5,0,2.2.7,2026-07-09 07:52:07,,,2.2.7
3ddb514f-2eec-46ab-a369-36e9e6f77a9e,villamuhammad,https://play-lh.googleusercontent.com/a-/ALV-UjXrIsEIzG_6oQVIPNHWYNGoe-rPcTrE-eAPjOfwtdHBixe7tVU,baik,5,0,2.2.7,2026-07-09 07:43:09,,,2.2.7
5548e3a1-882f-40d0-9a3e-a73f06034f71,Destama Putri,https://play-lh.googleusercontent.com/a/ACg8ocLhRnayoA6k9J-I6p775skNAreGSR34Qq0kK5IKXye_oq24mw=mo,"jelek bgt, masa buat skck di apk nya tgl lahir sdh benar eh pas dicetak di polres malah tgl sm bulan kebalik, protes lgsung ke polres nya mlh saya yg dikata krg teliti, kdepannya perbaiki lgi ya, kalo ada kesalahan kn hrs buat ulang dan btuh biaya lgi",1,0,2.2.7,2026-07-09 06:55:01,,,2.2.7
acf23928-0848-43f0-8720-436b79989393,Cristansi Kapiodo,https://play-lh.googleusercontent.com/a-/ALV-UjXpODvimeD4U5D5uAtf9043PICkh2kXUwLdbRlbze7E5BqHT9Y,sangat memuaskan,5,0,2.2.7,2026-07-09 06:52:57,,,2.2.7
3c91b2c1-30c8-4432-8bec-49c76c735dbe,MILZA ANGGARA,https://play-lh.googleusercontent.com/a/ACg8ocIVC4v51MO81Y-N1LbUzpD7_ZgsyJNMxZtf1OnKEhKnxHSEfsM=mo,baik,5,0,2.2.7,2026-07-09 06:30:52,,,2.2.7
a60b6220-74a9-43a6-b297-f0a0858135a2,dewi okta,https://play-lh.googleusercontent.com/a/ACg8ocKZJroYvI4tKcCoS9bc0tYpMr0vhr5Akfiwa6hNWVzcyqVKfw=mo,"ini VERIFIKASI AKUN saja SUSAH gk bisa"" piyee pak",2,0,2.2.7,2026-07-09 06:30:33,,,2.2.7
ca2b6718-6ec2-41a8-9256-00c0a3d6472e,Agus Febriyanto,https://play-lh.googleusercontent.com/a/ACg8ocLcs1owdip5LcRfhF34QtBLFqKxBdU_dBeuB_twqacOMskvzg=mo,bagus,5,0,2.2.7,2026-07-09 06:21:51,,,2.2.7
84adc5de-e385-49a4-a793-b0fa746c16d8,ENO_ RASTA,https://play-lh.googleusercontent.com/a-/ALV-UjVQ-u342uIKHFfYchP7HqH08fSigm5dVqsfzDwZQxjNPBPrqZY0,mantap,5,0,2.2.7,2026-07-09 06:09:07,,,2.2.7
77eaf82d-e145-4c84-856b-450b57b4524a,Suherlan Herlan,https://play-lh.googleusercontent.com/a/ACg8ocIgKfmoj2rnDspEENz9t4Dvqdo0imZ7nD7YVhITLsOc1tx2rw=mo,sangat puas,5,0,2.2.7,2026-07-09 05:59:14,,,2.2.7
3aa2ea1a-aa47-4857-a644-57c4d2eac54c,Markonah Markonah,https://play-lh.googleusercontent.com/a/ACg8ocKO-TqgSwwMRx2BU3GwAA4SuU7uyswJg59VhhaVLn-yCwmdnQ=mo,"mengisi data sangat mudah, trimakasih pak polri",5,0,2.2.7,2026-07-09 05:53:11,,,2.2.7
ba65fb78-6e96-415e-9912-7632f7961f8c,Teguh Wicaksono,https://play-lh.googleusercontent.com/a/ACg8ocIn29iDowh2fTNNclOCu90ZJZwH7J36ZH6M_QtoK8JSgjmhUg=mo,cepat dan amn,5,0,2.2.7,2026-07-09 05:22:33,,,2.2.7
811079f0-2b50-4f18-b6da-8a6b29665fa1,Nuriza Oktriani,https://play-lh.googleusercontent.com/a-/ALV-UjWyQ4ckaD5PGAvEbCbtukpxFzkiCFRPOt68yRL4F-8FBCbWtkP2,Sangat membantu org yang mempunyai kebutuhan mendesak untuk pekerjaan karena psosesnya cepat melalui online,5,0,2.2.7,2026-07-09 04:50:37,,,2.2.7
c8f60d83-03a7-4a70-bc1e-0708ead56e30,Bams Thea,https://play-lh.googleusercontent.com/a-/ALV-UjXUD9elpOaZuoVWMD1ATIZyOdoE3enXwSuDS4mTVzJKIhli6Qs,ok,5,0,2.2.7,2026-07-09 04:32:27,,,2.2.7
fb4ef5d1-a88a-45ad-a37c-34e47ba02ed4,Roni Napitupulu,https://play-lh.googleusercontent.com/a-/ALV-UjUBO5OmkjBd--NRTOM6W0Py48tIBKHNrmWgA6NbkrWhedqax0_2,Baru download dan langsung urus penerbitan SKCK. Dari awal sampai selesai pengurusan di aplikasi semuanya lancar. Tinggal menunggu besok (10-07-2026) pengambilan fisik SKCK nya di Polres. Semoga lancar juga seperti pengurusan di aplikasi.,5,0,2.2.7,2026-07-09 04:11:10,,,2.2.7
fe81c63b-6f5b-4912-a08e-ced5e0c53c3a,Coach. Bobby,https://play-lh.googleusercontent.com/a-/ALV-UjVCxniaj5Aian7o0PfjIVdLRXOB4h5Kbx8gkWZ0dfZRk0_pTYRvOQ,mantap,5,0,2.2.7,2026-07-09 04:10:54,,,2.2.7
47dd2d06-852e-4067-ac84-c50f6199ef56,Fitria Lamalani,https://play-lh.googleusercontent.com/a/ACg8ocJ5sjl63OdfsbjlQm_sjYJ49G18R2eOGRvlfbA96kTSBEqmMA=mo,"proses verifikasi pembayarannya lama, padahal udah butuh banget untuk lamaran kerja. lebih baik bikin manual aja, namun di tempatku mau bikin manual tetap harus daftar dari apk. gimana dong?",1,0,2.2.7,2026-07-09 03:42:12,,,2.2.7
4eeffaf2-668d-48bf-a290-c9ea3f4bd16e,irwan saja,https://play-lh.googleusercontent.com/a-/ALV-UjXV5zMST2HS9GAy_MfQ10Swt4nL0AuhsaCooQregt3pA7SMCbsf,saya sengaja menggunakan apk ini,5,0,2.2.7,2026-07-09 03:20:03,,,2.2.7
a6fafd77-a794-44ac-aa8b-0f01c0b931b7,MasRoni Kurniawan,https://play-lh.googleusercontent.com/a-/ALV-UjWMpWynFCIFt_EW8NpJmTL3qS6bdZBgbTMBah1bY78czqsbU_eZ,good 👍,4,0,2.2.7,2026-07-09 03:06:32,,,2.2.7
4d1073c3-4cbc-4b9e-888e-4a19453eea85,Wan Bidin,https://play-lh.googleusercontent.com/a/ACg8ocLmDqlDL_5pHW6hWQ3a20gWOwjnBesaoZVwALnp-Sn_Yob_=mo,verifikasi di tolak,1,0,2.2.7,2026-07-09 03:03:38,,,2.2.7
3adf05ae-6ebf-4aa8-b391-3f1c9ccbbed6,Ade Jujun,https://play-lh.googleusercontent.com/a-/ALV-UjVN03FOf6bEHV-Ue1_6Kba0d-_5kUp-BWnduqYoOfS3JHoPgJYh,sangat bagus . cepat untuk dalam keadaan urgent,5,0,2.2.7,2026-07-09 02:56:06,,,2.2.7
a7a770a5-7eba-4f82-9925-92955b5d3aef,Anisa Almafira,https://play-lh.googleusercontent.com/a/ACg8ocIDcg2fJ8dNnTr55YkMuJ3h7spY7F1z5K0RILKaeTBn-0UcPQ=mo,oke,5,0,2.2.7,2026-07-09 02:25:32,,,2.2.7
f3d3aa87-5782-4059-8793-0c0b4c656711,Yudi Putra,https://play-lh.googleusercontent.com/a-/ALV-UjUzm9L5rBK7dqR9cDSfL9QfHx5FlPSskp2hQ3n1JiOX1KNzQzpj,keren,5,0,2.2.7,2026-07-09 02:12:59,,,2.2.7
09e39754-ec94-45c1-97ff-dd46b421e061,ahmad faisal,https://play-lh.googleusercontent.com/a-/ALV-UjUTbhY1M57sELUjpkcj2EgKJbpGrzZbRvfUmOWL4roErC_N0g,"murah,cepat",5,0,2.2.7,2026-07-09 01:33:00,,,2.2.7
3cafe089-c8f7-4138-ab46-153ffe5e15eb,E Ko,https://play-lh.googleusercontent.com/a-/ALV-UjUmQ-Wfh0BUhQhxkFVpW3BVoVqP7avXTg_dDdi3paIo9EyoJYar,"jadi ga usah ngantri, maju terus polri",5,0,2.2.7,2026-07-09 01:18:15,,,2.2.7
42d7a43e-b0f8-4146-834d-048d1bdb35b1,asnahh ginahh00,https://play-lh.googleusercontent.com/a/ACg8ocKUo-lvDmeIPLzVR0t5eUyh3J_7vLtR0FWS0YF0wqXMGBS2aw=mo,gampang di mengerti,5,0,2.2.7,2026-07-08 23:31:42,,,2.2.7
6a9d36d1-89c7-47bc-a93d-e2de9b259770,Zoe nataniel,https://play-lh.googleusercontent.com/a/ACg8ocJ3BeBOkukSRSgILuHNA-5hnIcvDc0qGNDjWnpyROPQ13q24g=mo,mantap,5,0,2.2.7,2026-07-08 22:55:03,,,2.2.7
68ee1c29-92dd-492b-9f78-60611c4f3b8f,Solieh Bahe,https://play-lh.googleusercontent.com/a-/ALV-UjVYY1usBWW2vKc-OEDEXww6uUSIwoknHELXFYmI3CI-5hLXK2AK,baik,5,0,2.2.7,2026-07-08 16:21:41,,,2.2.7
7ec4424e-447e-4250-975e-ea747e928936,Mansyur Hadi,https://play-lh.googleusercontent.com/a/ACg8ocIUsqXqTeDaD0xEoHDT8jdGlUsjo6v2C2ByQzam71aYoFn6rA=mo,jos,5,0,2.2.7,2026-07-08 15:49:07,,,2.2.7
42225a13-d8d9-47f8-80ca-dec7d1fa811c,Zakirul Amna (Amna),https://play-lh.googleusercontent.com/a/ACg8ocJWAgHH0V8sUqlYKL4AMRxv-IBW_PssxnkXT4ZM6qUVCO7gyA=mo,bagus,1,0,2.2.7,2026-07-08 15:40:51,,,2.2.7
9220266a-0761-4866-ad12-79979b030c1b,Sapnah alviary,https://play-lh.googleusercontent.com/a/ACg8ocLeQ8fu1XB8rzkt1eRvVJc9uJpg23JwxIN-WTK7h5nc8wY=mo,good,5,0,2.2.7,2026-07-08 15:28:25,,,2.2.7
1d74ece2-8ff0-4d0a-b5dd-977f629c1843,Bernardinus Realino Ana Lalo,https://play-lh.googleusercontent.com/a/ACg8ocL496a4VhZobmJbgisAA2wSP8TfLjZ3OFWUf4URpYYyRtWX4w=mo,bagus,5,0,2.2.7,2026-07-08 14:31:45,,,2.2.7
67fac63c-7738-4a6a-94ba-9efc03a22011,Julianto Julianto,https://play-lh.googleusercontent.com/a-/ALV-UjXLok4eKhpYqXtEIUR9qQ76DkU7K3k5zf1IMsWBnuJqLiae0CYh,very good,5,0,2.2.7,2026-07-08 14:19:38,,,2.2.7
e28f00ae-923b-4c07-9f66-f27a01745551,sandy_ wirawan,https://play-lh.googleusercontent.com/a-/ALV-UjUuGbvQ3h-Da3f4LywcjNWixEL7dHz6VsArtlpiDZdr_-DZbKwh,sangat membantu,4,0,2.2.7,2026-07-08 13:37:51,,,2.2.7
231c19a1-be0c-4fe8-85d7-61cd6a9f36fc,Noprialwis,https://play-lh.googleusercontent.com/a/ACg8ocKX_twxh21cvRzWkT2sA1UU2iFTHnHvBW8l9RUCnKic-ywDFQ=mo,ribet,3,0,2.2.7,2026-07-08 13:26:04,,,2.2.7
590f8b21-7cc5-4d46-832f-987bc78a0e95,Park_Jim_Ki,https://play-lh.googleusercontent.com/a-/ALV-UjXTVXnbHhtKnOumnuAnHv-DAtt9W89g0p-p2WexGOaEy7TDqtm3,"disaat mau melakukan pembayaran kenapa hanya BRI, dan tidak bisa menggunakan metode pembayaran lain?",3,0,2.2.7,2026-07-08 12:45:23,,,2.2.7
dfa832bd-eb47-41a8-aef3-2423990580b0,Ikram Hamzah,https://play-lh.googleusercontent.com/a-/ALV-UjVqhuCDtru8NQgvHrBnj5jbDmhgahvfjOjFAaSLimOKNrWQXQ3Rzg,luar biasa,5,0,2.2.7,2026-07-08 12:37:31,,,2.2.7
46bd78e2-393e-45a1-9643-bab7641278e4,Muhammad Rizal,https://play-lh.googleusercontent.com/a/ACg8ocK4Jw-NQ8BbGajUg8Zrksl0ZXWo8CQjVuPi3PELTPwLzYVysQ=mo,luar biasa,5,0,2.2.7,2026-07-08 12:23:23,,,2.2.7
20bd2329-b314-4e11-8e73-6a5a2f41028b,Alief Fajarika,https://play-lh.googleusercontent.com/a/ACg8ocJk1US0GxyMRM5JEvAjgmzlcyDCAuPuLiO00FuvBWhHVpB9_g=mo,"aplikasi mantap, sangat membantu Registrasi pembuatan SKCK. bravo POLRI",5,0,2.2.7,2026-07-08 11:59:37,,,2.2.7
3c345e5d-8714-45b4-aab4-53c68c6229f4,Abdul Rosad,https://play-lh.googleusercontent.com/a/ACg8ocIXfLjMRD6iNmy-x67d9s3spCKhsCcCSZnyFdD4o70UKc1_cw=mo,jelek g bisa d buka aplikasinya . untuk buka akses nya,2,0,2.2.7,2026-07-08 11:51:46,,,2.2.7
c6ec53d5-4be1-431d-8b8b-a487e8873028,Nur Aini,https://play-lh.googleusercontent.com/a-/ALV-UjUMfaQv04o7aPIDoF3h92ccWmoHw-qpOLDdV_UwiACt1CuuM34,dengan adanya apk ini sangat memudahkan masyarakat dalam melakukan pengurusan SKCK👍,5,0,2.2.7,2026-07-08 11:34:39,,,2.2.7
ce629ea8-10d2-4efa-b963-cbe8be88d113,Dilan Svarga,https://play-lh.googleusercontent.com/a-/ALV-UjVHtgEHaRoxWKJb7Kd_hJkZ1nMC5NbPfo6WZmAhyZP1y_UNDyA,sangat bagus dan keren,5,0,2.2.7,2026-07-08 11:32:31,,,2.2.7
b90ab0fc-3b4b-4f67-bc13-0d01a2d64ad5,Hermawan Syamjaya,https://play-lh.googleusercontent.com/a-/ALV-UjVEUS_YZpXtzRilgMaG7MjqVMZxxIN-VqrlsS83PZNg1XnLhBb_,mudah & cepat,5,0,2.2.7,2026-07-08 11:19:55,,,2.2.7
66343f54-53d0-4e34-8a33-4badae237c11,Alek Alekis,https://play-lh.googleusercontent.com/a/ACg8ocJCWuv3WcPuQE7sfhmJQm-E70kQw44u0q41uSESFMno641IOA=mo,peraktis dan bagus,5,0,2.2.7,2026-07-08 11:13:44,,,2.2.7
3bb96e80-61ca-4b26-a980-9aefc84ad68a,Dimas,https://play-lh.googleusercontent.com/a/ACg8ocKDKqRMLrtERz-18VgagZP5scjLfp4PqSy_LKIzXmYyXePj0w=mo,memudahkan,5,0,2.2.7,2026-07-08 10:23:30,,,2.2.7
57102015-f3d2-49d9-83e3-e5f8f8c72486,Tian Haryati,https://play-lh.googleusercontent.com/a-/ALV-UjWD_Rn5L2lEnS_uM5AIaCfx8pBYejaaSHRJM7jY4UfkHbhx8YD6PQ,"apk nya bagus jujur membantu tapi saya mau cerita kendala saya kan sudah daftar online lewat apk ini terus saya ada yg salah data nya karena saya keterangan nya itu di isi seharusnya nya kata petugas jangan di isi nah pas saya tanya kok ngk bisa di ambek skck saya, kata petugas nya buat daftar ulang lagi yg baru terus bayar lagi kata nya buat yg baru nah saya bingung kok jadi double bayar nya jadi total 60 ribu dong kan saya bingung di situ saya tidak bisa apa2 lagi ya udah deh saya bayar lagi",5,0,2.2.7,2026-07-08 10:18:50,,,2.2.7
1e7ed648-116f-4ac2-8ccd-1bffee581143,nova fersya,https://play-lh.googleusercontent.com/a-/ALV-UjUt5ba4pCJaQ0FiPXiIAGZ2EWSkTX-XqXB4A2B3ZxPpC3HSeA3W,"update gaguna, tetep gabisa dikoreksi, saat mau ganti gender karena kesalahan tetep gabisa dikoreksi ada fitur ""koreksi"" tapi ga bisa berubah karena kesalahan eksternal katanya. tolong dong dibenerin fitur ""koreksi"" nya, jangan cuman ngubah tampilan aplikasi sama berandanya aja, perbaiki fiturnya dulu. jangan buat susah rakyat, terimakasih. pak ijin, itu suntikan dana dari pemerintah mending digunain buat benerin fitur ini pak, jangan masukin dompet pribadi, gunakan untuk mempermudah masyarakat",1,30,2.2.7,2026-07-08 10:00:18,,,2.2.7
1e1d8288-ee42-4b90-b116-6eefb0b2f2ca,Asep Kurniawan,https://play-lh.googleusercontent.com/a-/ALV-UjWB9vp8pXEiDfgtclQdLgE2A50xcjUcFXtAPYS_JtDe1fF6F9tXSw,"Mau perbaiki salah tanggal lahir karena sistem salah baca pas bikin SKCK, tapi ada peringatan tanggal lahir tidak boleh diubah, ya jadi kudu gimana ?",4,0,2.2.7,2026-07-08 09:57:10,,,2.2.7
732bdde8-0596-4514-aa48-79146a85dede,Komang Sudirga,https://play-lh.googleusercontent.com/a-/ALV-UjXCsYFwjnkNza5TsforgKk1l9A9mHiTDPTYsyK8fQmD0ueGVzV1,good pelayanan,5,0,2.2.7,2026-07-08 09:40:05,,,2.2.7
ba132c24-050a-4fd2-a8bb-7202ac405a37,Aris Aditia,https://play-lh.googleusercontent.com/a/ACg8ocKCu8WjHYG4iq4Dn7hQ6R0NVkJW6oUsvvNF97A49AgXQeDh=mo,sangat membantu,5,0,2.2.7,2026-07-08 09:32:12,,,2.2.7
e1047999-35be-49cb-9659-a0857d98d06c,Ada Berkah,https://play-lh.googleusercontent.com/a-/ALV-UjXvk4aT7uo43TGj1iLmVPQ-1mzOLsdLjROLmd8ddcELG5_o68KP,ok,5,0,2.2.7,2026-07-08 08:58:12,,,2.2.7
d7f6f593-2433-4e2f-974d-54f25c4ef5a6,CheNg Channel,https://play-lh.googleusercontent.com/a-/ALV-UjX-_XhSGhtY24wURU8cehfjJpc_NNrfiIFrQmSlzJ2CA-A144c,sangat membantu,5,0,2.2.7,2026-07-08 08:17:54,,,2.2.7
2570f6a7-569c-4b2d-a11a-d64792477174,Mufly Bahkmat,https://play-lh.googleusercontent.com/a-/ALV-UjXhgCdbqhv87JbU0nf_FB4Qbcdjt-qMHtX2CndfipbJZKbwq15n,sangat membantu.,5,0,2.2.7,2026-07-08 08:17:36,,,2.2.7
67dcaab5-b5e0-49c3-89e5-06221d30947d,Wahono Prasetyo,https://play-lh.googleusercontent.com/a/ACg8ocI0XtcBQ-3vbWxpdWrHfUXk3xpWa8fehY1jIFU9CJP_KIgprg=mo,sangat membantu,5,0,2.2.7,2026-07-08 08:05:00,,,2.2.7
986b10e5-5ad1-42f4-b9d0-dba96a81a504,lala uti,https://play-lh.googleusercontent.com/a/ACg8ocLZ7SzO1By2ckIg1vdiPgkn2aoesAfA9c3_dR1cksbozx9UYw=mo,bagus,5,0,2.2.7,2026-07-08 07:42:42,,,2.2.7
45c65dae-9284-4725-aa71-a110d354dabe,Berjimatius Manik,https://play-lh.googleusercontent.com/a-/ALV-UjXftE9LYDZ5dg58NvXb5OG4VNcRBpro2wKrgqKYbdP8NiF6lTY,bagus,5,0,2.2.7,2026-07-08 07:42:14,,,2.2.7
92c69872-c618-43a2-ab8e-37837ff2ec05,Amelia Purnomo,https://play-lh.googleusercontent.com/a/ACg8ocKH_z5TkFqVuC4oELteBAJyYxc9veNS-087E42c5nPHLO3wTA=mo,lebih efisien dan bagus,4,0,2.2.7,2026-07-08 07:29:53,,,2.2.7
e6afc88d-45b0-47ee-9b9a-822e605429ee,maulana yusuf,https://play-lh.googleusercontent.com/a-/ALV-UjUfxcQaLxCv2ZSKOCZ1AD9TkrgtdHM5cNct051ezdPav0XPWGc,good,5,0,2.2.7,2026-07-08 07:24:01,,,2.2.7
8afb9f93-799f-4e05-adad-b375c40e6d83,Rizky Oky26,https://play-lh.googleusercontent.com/a/ACg8ocJLy-Lf83uAOQOr15N0yytvA8SixfAOziXTI4DzWuie7Wr62g=mo,baik,5,0,2.2.7,2026-07-08 06:35:20,,,2.2.7
cd4f54cf-4194-4249-9506-fb3e152121a9,Irham Zakiyah,https://play-lh.googleusercontent.com/a-/ALV-UjXWldImalETeKcLCCDD6Dqkc8c4C_TwxaXVO-p8qQ-XEDmTVMudyQ,baik,4,0,2.2.7,2026-07-08 06:13:03,,,2.2.7
f3abbc56-2873-46fb-bf76-25dcbc4e43f6,rynfbrn_f,https://play-lh.googleusercontent.com/a-/ALV-UjXA5ft2K7R9Jl53oZs0JNV5k7Lw1ukwEHK-vS6L8BZ0W1mWBgJA,bagusss🤝🏻🫂,5,0,2.2.7,2026-07-08 06:00:08,,,2.2.7
88c3f9be-5979-467d-88dd-0e0e333842dc,Leon Heart,https://play-lh.googleusercontent.com/a-/ALV-UjWWAYpjye9OzBBQoFuEB3nfjHGnwTRdxoC_-EIaTP6vjgANUngh,good,5,0,2.2.7,2026-07-08 05:40:24,,,2.2.7
82988892-dcd3-417b-98af-c96b05f345ad,MUHAMMAD MIFTAKHUR ROZAQ,https://play-lh.googleusercontent.com/a/ACg8ocIlpTVbq9kQb7kvTNxdkznkEgR3aX403u0PWMMktjABDvzpIg=mo,"lama loadingnya, server eror terus",1,0,2.2.7,2026-07-08 05:35:24,,,2.2.7
e35b396a-b914-4adf-9c91-8a6ff78ef86a,Eka Wirastawan,https://play-lh.googleusercontent.com/a/ACg8ocI__lJJgOfh4SkVUjN80mfSvcX-jk1MQ9k2aafICBkvXGwgQA=mo,bagus,5,0,2.2.7,2026-07-08 05:31:17,,,2.2.7
3a5e01ef-bab7-45e2-a924-4a82826d99ce,Nuryaminrisman26 Risman,https://play-lh.googleusercontent.com/a/ACg8ocJeX9qbwa9Tp1jvl-T_rKdGu06RokyBQqQ24xjlsmh5CMA4fg=mo,ok,5,0,2.2.7,2026-07-08 05:23:35,,,2.2.7
977f5cce-a92c-405e-8b62-5b14aee4b53e,Guntoro 24,https://play-lh.googleusercontent.com/a-/ALV-UjWwpnmel4WZhrfbm1_KLBaiToXoFcbm_H-dVbR87RvK_yB_9r8,bagus,5,0,2.2.7,2026-07-08 04:54:17,,,2.2.7
8afab5dd-4c61-415a-83db-b59e1140a61c,"SAFRAN, ST",https://play-lh.googleusercontent.com/a-/ALV-UjV9Ikjr2Gm-mmkKjojDllpoVfSRRoIsZ8lkvTjMYziyPxw-SHc,mantap salam gacor,5,0,2.2.7,2026-07-08 04:54:12,,,2.2.7
40399511-7811-442c-a7ac-711daacf7415,Sunardi Nardi,https://play-lh.googleusercontent.com/a/ACg8ocIX0lDtIGWE2NyQ21KfJRzLWsCR1ywDoLdIRebSPLVu8HpgyA=mo,sangat bagus pelayananya,5,0,2.2.7,2026-07-08 04:47:34,,,2.2.7
ad756939-01d9-42bc-9d2f-03b947103fe8,Agus Agam Maulana,https://play-lh.googleusercontent.com/a-/ALV-UjVe-8C9RcgoxA-Y7V5zMUwMioDcwo55R-uIfO8UV8juUjNEDnjk,"Aplikasi nya bagus, baik dan efisien keren, terimakasih App/Aplikasi Super Polri Presisi.",5,0,2.2.7,2026-07-08 04:37:48,,,2.2.7
e036a8f9-6b3c-4d96-8381-26540ac77326,Chandra Saputra,https://play-lh.googleusercontent.com/a/ACg8ocJE8F56S5-QbmFHARm5uXxshmP31lf3tmrwVbqir1wu6GfmRw=mo,pelayanan sangat baik,5,0,2.2.7,2026-07-08 04:26:20,,,2.2.7
c12c460a-b2fa-4d9c-9672-4b76ceb93f72,Oky Taa,https://play-lh.googleusercontent.com/a/ACg8ocIXuB5OwqulYFCAeTMtES8bgNeR_ff8IE5izfDNfCm2qMB7Tw=mo,"untuk menu perpanjang sim, ada pilihan kurir namun tidak ada opsi pilihan kurir yg dimaksud🥲 tolong solusinyaaa😭",3,0,2.2.7,2026-07-08 04:10:01,,,2.2.7
70d50c7f-fad4-4b78-a903-757fc8cf64e9,M.nabila nabila,https://play-lh.googleusercontent.com/a-/ALV-UjViNMU6Pyh4QbHBkwS3nBx4ZF0akfIz8B-GiXdR_haO3jBrV00,pelayana Sagat bagu trima kasih porli seluruh Jawa barat lebih simple dan mudah,1,0,2.2.7,2026-07-08 03:58:26,,,2.2.7
6290825c-093f-48b9-b243-7cc93413f256,Rian Hartamto,https://play-lh.googleusercontent.com/a/ACg8ocKUcPXNdzo7efYVMQGJBEGr18eL_-Se4lLRTHPgp2U7SyBYwA=mo,mantap,4,0,2.2.7,2026-07-08 03:54:48,,,2.2.7
de8f2c72-559d-4ae0-8b52-6d313a50389a,ijonk sea,https://play-lh.googleusercontent.com/a-/ALV-UjXFPE-zJwOAObQgnAoaMcu9xVyQL2hfz25wj1g9JgH_e9_kU8vF,ok,5,0,2.2.7,2026-07-08 03:38:55,,,2.2.7
4102ec59-b70c-4ac0-b664-acbab97f0ced,Dellita,https://play-lh.googleusercontent.com/a-/ALV-UjU31NJ1H7HK3p_WLffG6N-GYnyctZe2nOQQdrcGukzMJDH5rqIWVw,"aplikasinya gabisa dibuka, stuck loading teruss kalo kaya gini percuma mending langsung ke kantor aja",1,0,2.2.7,2026-07-08 03:11:12,,,2.2.7
763d5695-96ba-4e38-b999-a203be15c8c9,Wede Prayoga,https://play-lh.googleusercontent.com/a-/ALV-UjWQpZH9sexCUGT-9zmc9_x9Z5QGjK61gZqYhXLv_S5KhGYHYnRIyA,mantap,5,0,2.2.7,2026-07-08 02:57:11,,,2.2.7
f0d33c5b-70a6-4195-8d57-4ffad1f231bd,Dwi S,https://play-lh.googleusercontent.com/a-/ALV-UjXigspilCujpSC-Zby2G6D56EcI2hLS36k9KJ15FFwCSezNzNlW,Ini khusus jakarta sama tangerang kok daerahku gak ada,1,0,2.2.7,2026-07-08 02:25:48,,,2.2.7
a5c45d66-f6a5-4210-8ce3-b37395568bdd,Ali Nur,https://play-lh.googleusercontent.com/a/ACg8ocKwmpvk7gr0EbRALDN-kH-wqiqhYHZ9MMrhuXg9ke82IOHZ7w=mo,keren banget simple and easy komandan,5,0,2.2.7,2026-07-08 02:24:28,,,2.2.7
b496ea3a-84c2-449d-8468-71002fc29ea4,Hanna Olifia,https://play-lh.googleusercontent.com/a/ACg8ocLGbk9K2l620kaKpVKnG70x72njeHtvFK26NXC54U_J8wSfmw=mo,baik sekalih,5,0,2.2.7,2026-07-08 02:17:11,,,2.2.7
bd958089-f2aa-4e81-8028-b3e543999707,berita viral,https://play-lh.googleusercontent.com/a-/ALV-UjX73bRD44NSjON9r-HPmTw2EMJ56Ze-EcEPe_cyBIW1Mc0T0Gq8,pelayanan yang sangat cepat,5,0,2.2.7,2026-07-08 02:14:48,,,2.2.7
0e87a4f3-65a2-4534-964c-a5963b32b572,Firman Ahmad,https://play-lh.googleusercontent.com/a/ACg8ocKnQt04pnhn0BkmZx48QKEvR6IokB8tBUl4nvjHn7OIaNZP0Q=mo,good,5,0,2.2.7,2026-07-08 02:04:57,,,2.2.7
1481d152-6312-4199-b586-7a1f65fd7ffb,Amir Udin,https://play-lh.googleusercontent.com/a/ACg8ocLG_fkoBg-6gIk3INnvBDnyrY7fFABahetDKWYpoc0juz7vCg=mo,sangat membantu,5,0,2.2.7,2026-07-08 01:36:39,,,2.2.7
2deb78fb-8a67-4c24-9d9e-128a8564398c,F gjnyh,https://play-lh.googleusercontent.com/a/ACg8ocKKzIkrQ17JwKqfA6Ma3DBZl6UTvUsxnAbEFExwfMTaA8LHpg=mo,baik,5,0,2.2.7,2026-07-08 01:19:07,,,2.2.7
9e30f76b-c6bb-4c7e-84e0-30c3bbf0e5fa,Muhamad Lutfi Amin,https://play-lh.googleusercontent.com/a-/ALV-UjXaHShvDYhRtnFj5hEH22CN4qOGSw6vJM9p_GYIzUbgT_oQLHw0,"Keren Aplikasinya bikin semua mudah Tetap Perbaiki semua Lini pelayanan,baik dari pelayanan kebutuhan sampai Pelayanan keamanan dan Pelayanan Pertolongan agar Institusi ini Lebih Berkah ,Sehat dan Baik",4,0,2.2.7,2026-07-08 01:17:24,,,2.2.7
170dd91a-0c9a-4ee5-bab2-b6031c050bcd,Yogi Suprayogi,https://play-lh.googleusercontent.com/a-/ALV-UjWAXZ-999gH__ha_TXnyuQkwnNP6GB6YgogkLStrhuQQPNaXHQY,mudah dan efisien,5,0,2.2.7,2026-07-08 00:45:52,,,2.2.7
e86391fe-8b25-4286-a508-f1986cb450f8,Sendy Aji,https://play-lh.googleusercontent.com/a-/ALV-UjVxrJjXMs2sNzDHaY8S7Hbgb_8Wo1Iub0XZ2HLsoX6q-Z9ODN8,memudahkan penggunanya,5,0,2.2.7,2026-07-08 00:28:54,,,2.2.7
9ecbb618-d1f4-4645-8746-5e2542c7a4e4,Syohibul Amar,https://play-lh.googleusercontent.com/a-/ALV-UjWNnGJcxnp2-1Irp5uP4mroQCNRuEZEjSAEq_ZSL1uKFS7fQuqa,gampang dan mudah di lakukan sendiri di rumah,5,0,2.2.7,2026-07-08 00:02:23,,,2.2.7
e11c0f38-f7cf-40f4-8cd8-f5bad7d0612b,rusdin jawase,https://play-lh.googleusercontent.com/a/ACg8ocJMSSmyXWKhL8GDV9r9wpgVEd9NRK_RX3Y61Z-6UVzNkpkBJFg=mo,pelayanan sangat memuaskan,5,0,2.2.7,2026-07-07 17:58:29,,,2.2.7
5c7b7864-7f61-4ee8-b6bd-3df567d4157c,Lelly Alawiah,https://play-lh.googleusercontent.com/a-/ALV-UjVHtVQzZc7o02aqJ4bc0MLrlY3ORoBaOIriCv0jZcke6RAMfGY,lawak ah,1,0,2.2.7,2026-07-07 16:58:22,,,2.2.7
1e2fa1c1-2334-4bf4-a9ec-67e2c32e9877,Hamdan Arief,https://play-lh.googleusercontent.com/a-/ALV-UjX3MU0wbui2h1is1bxGzCwNt870VELV2U3kZzcgciHo-qGFjf5knQ,cukup membantu dalam pembuatan SKCK secara online,5,0,2.2.7,2026-07-07 16:52:24,,,2.2.7
15dd8a1d-0f21-454a-8736-3f9aba770ffa,tie fox,https://play-lh.googleusercontent.com/a/ACg8ocK3tBzjqEgu30YsW3UXBuzF_H_jvaZaaucz_QvKZhpFxFttPg=mo,"aplikasi lambat bgt 👎, jelek bgt responsif nya, udh coba di 2 hp ttp aja sama. tolong dong diperbaiki, atau nggak mending hapus aj sekalian kl nggak membantu, padahal pas buat sebelum apk di update nggak ada masalah, skrg kok jd gini????",1,1,2.2.7,2026-07-07 15:46:59,,,2.2.7
5f1f48c6-4f04-487b-ad8a-df4e4967e548,Wakeup Ngeno,https://play-lh.googleusercontent.com/a/ACg8ocIvHeMNwj8hR2I0QHjltSxNpbbN2vNrlJ81enRL8DAiDQlo7Q=mo,pelayan baik,5,0,2.2.7,2026-07-07 15:17:36,,,2.2.7
5c43ec10-3001-4f41-96a5-f5015e45968d,Tengku Muhammad Farrel,https://play-lh.googleusercontent.com/a/ACg8ocLFlymSACBoDW0Oq8kC4zeIuiLrFKdpqSNxem5XZNED5i-4RXs=mo,GG NIH GA BISA VERIF MUKA BAGIMANA,5,0,2.2.7,2026-07-07 14:43:09,,,2.2.7
08ec6181-7c12-4d9f-bda5-048239c48212,Desi dwi Safitri,https://play-lh.googleusercontent.com/a-/ALV-UjVwE526k0KaCmbTmx76cZgUmAYB516okmuvJqtOvuCP7r-IfQFz,sangat² membantu,5,0,2.2.7,2026-07-07 13:47:17,,,2.2.7
ce0ac023-f8a7-4aef-8acc-96644013a5e5,Raden Sa'id,https://play-lh.googleusercontent.com/a-/ALV-UjWBzZcMpVDJzjESLoWPDajjtl942MjyRviNulF8zTCaEMpYVW4,Sangat membantu Orang dalam perantuan🙏🙏🙏😇,5,0,2.2.7,2026-07-07 12:50:36,,,2.2.7
3cd6bb23-d53f-4fe7-bec8-8d85be463fb5,Andriofilegaleri,https://play-lh.googleusercontent.com/a-/ALV-UjV_hynpJa5AtzJWvZnh7zIZmws5mxiBQKYjx737nNqMlNwtfYs,baik,5,0,2.2.7,2026-07-07 12:05:32,,,2.2.7
a4da93b3-32fd-4113-b834-7ab932afba48,Harry Inzagi,https://play-lh.googleusercontent.com/a-/ALV-UjWhO0FOPWd5kfA3aEME2--Z1IWeHr9wTAlRFsbGAn74oL_4EPJe,lumayan,5,0,2.2.7,2026-07-07 11:39:23,,,2.2.7
d8471200-fd4b-429f-9a36-c3b925aea5a1,Indar Wati,https://play-lh.googleusercontent.com/a-/ALV-UjXb7CzLQvjdWB74XvfZ9FQQj8WLGIclwyURSU_dgF1_eXC-JxM,sangat membantu,5,0,2.2.7,2026-07-07 11:16:05,,,2.2.7
03db7bfb-fe18-4813-a18f-670286725879,Shahafi Nur Adila,https://play-lh.googleusercontent.com/a-/ALV-UjVqITPJBPLfY3ya8ZJQZ5F55kfgGkWkrTAVp7Pvn0YZpPMQNpI,sangat membantu,5,0,2.2.7,2026-07-07 10:20:04,,,2.2.7
dd2cbddb-f555-4380-8541-0c4aaf4a4dca,Utha Expozed,https://play-lh.googleusercontent.com/a-/ALV-UjUiHYmyk6WM85SlYPaPbJT7oG92Dwdin2qg-ZALbKZAMHdxV4U,"sumpah susah banget daftarnya,,proses verifikasi wajah aja susah sekali g pernah berhasil. tolong di ubah biar gampang pas verifikasi wajah.",1,0,2.2.7,2026-07-07 10:09:59,,,2.2.7
8b7dbb56-a06a-4d10-8145-4160daacef18,Evi Sepriati,https://play-lh.googleusercontent.com/a/ACg8ocI07TbKupmam6C0Uoe875BN5RoIV_fi-f8ev2vwp1VeykoC=mo,keren,5,0,2.2.7,2026-07-07 10:03:16,,,2.2.7
5012945f-2a27-45c0-b63c-bdfce0585002,Khoirul Mutakin,https://play-lh.googleusercontent.com/a/ACg8ocLGAPHrxplK3OYMoHLfMIhJ3D68hNYkjso6TvK0UX8hJMKwJQ=mo,cepat,5,0,2.2.7,2026-07-07 10:00:02,,,2.2.7
ebdda6ea-5497-404e-9ec9-a0c6e0a10ccd,Hairil Anam,https://play-lh.googleusercontent.com/a-/ALV-UjV_l4sW9cqn6YdwZjPaBwxBOYipJBniYYwBAm7ze8bXowggVckF,"tolong optimalkan kembali, saya mau ajukan pembuatan skck tapi datanya salah, dan ketika mau perbaiki/koreksi kesalahan selalu tidak boleh",3,0,2.2.7,2026-07-07 09:35:38,,,2.2.7
8443ccce-e8c2-4592-a2df-cc216f83f6dd,agustin wahyu manindyah,https://play-lh.googleusercontent.com/a-/ALV-UjWaDMJmS6f35IyC2fVhoPITEgowNzSpX0HrUKIwMmvSQX8uByVE,mempermudah ..like,5,0,2.2.7,2026-07-07 09:23:11,,,2.2.7
53aa6f6c-f4ca-488e-ba33-8b41c5b2aa3a,Luluk Maqowiah,https://play-lh.googleusercontent.com/a/ACg8ocLx07TuZiBZmnHekarYo39ab5aA3jDYfSXWCoqyjD-VSi6ZOA=mo,mudah,5,0,2.2.7,2026-07-07 08:24:29,,,2.2.7
3daeb792-f57b-46bb-ab05-72bf113d2f61,Hari Budiyana,https://play-lh.googleusercontent.com/a-/ALV-UjV-kL9jqO0sdNKy4XqLM6esRfVAwOBjkEGwhhBTsLya36vn0d9c,"memudahkan proses, layanan online yg efektif dan efisien",5,0,2.2.7,2026-07-07 07:46:15,,,2.2.7
0dc98da6-6346-401b-9122-d6ed3a8d4018,Putu Budiarta,https://play-lh.googleusercontent.com/a/ACg8ocIIohIJZBsG7b2NvS3xiYrz7MsR_ZMYnzBakNPScYArk71S_Q=mo,baik,4,0,2.2.7,2026-07-07 07:05:29,,,2.2.7
6b91a258-7fdb-43c4-a54f-5e8d232c25a9,Fajar Nitinegoro,https://play-lh.googleusercontent.com/a/ACg8ocJedONGBlkvselIGA88hh3oYn8KNiPoIyLNA0H27ACcyJxnRw=mo,sangat membantu sekali pembuatan SKCK online,5,0,2.2.7,2026-07-07 06:46:42,,,2.2.7
1bdc49bc-63ac-46f3-9d2d-746f1d72280e,Samsul Ikhsan,https://play-lh.googleusercontent.com/a-/ALV-UjXWXS3oYet4vSbhvDgCSOnFWyA7RppGszBy5QSIRYy3fA7l01X1,nicee,5,0,2.2.7,2026-07-07 06:38:39,,,2.2.7
02d1a564-88aa-4a4c-ad32-ddaf9ae6060b,Ajeng Margalita,https://play-lh.googleusercontent.com/a-/ALV-UjUMMIDsjKHkuGlgclp4u_ETEwY_UD9OXqM2s6wMTBARJTbvTKk,"Aplikasi nya beneran sudah improve sekarang, dibanding akhir tahun kemarin sempat gunain juga, dan ada beberapa fitur yang masih mengalami kekurangan, namun untuk sekarang saya merasa sudah sangat puas... ditambah lagi ada fitur Titik Rawan di area sekitar kita, dan ada detail kecil terkait kejadian apa saja yang berada di titik tersebut... Good Job buat tim pengembangannya, semoga semakin improve👍",5,1,2.2.7,2026-07-07 06:35:16,,,2.2.7
d0589305-f784-4667-9853-8cce15232157,Mauza Fra,https://play-lh.googleusercontent.com/a/ACg8ocIQBO9z9mW2xSWzk3Oij0fj6K5N-RhRXk_OCCfmLeXVOuQR_g=mo,bagus dan efektif,5,0,2.2.7,2026-07-07 06:27:40,,,2.2.7
db4aa5f2-f566-4a18-8c38-f88f8f62cf66,Hendri Yanto,https://play-lh.googleusercontent.com/a/ACg8ocLjuZeJ1QViZ4fLyBNsW5OSQ-exYz1fGI1exXmUG5FtsEY-2AE=mo,"mau perpanjang sim ko,udah tak masukin nmr sim tidak jadi ""sim tidak dapet di verifikasi oleh sistem""",4,0,2.2.7,2026-07-07 05:33:01,,,2.2.7
7f0bef81-e357-4734-bdb6-71012ea5d510,Faiz Arifandy,https://play-lh.googleusercontent.com/a-/ALV-UjWkitkW50Xrb07JQAzuSROTrLJXq5quAIyn1yY7xev71EtH5aJL,Aplikasi memudahkan untuk mengurus berkas seperti SKCK dan laporan lainnya dengan mudah,5,0,2.2.7,2026-07-07 05:24:15,,,2.2.7
7d13d8d3-a38c-40c3-b07f-9f2b670b9ef6,Bejo Sugiarto,https://play-lh.googleusercontent.com/a/ACg8ocITtTH5BcNAizSeW7szG7---F9jZQV67_tEOpqH37bb1z-zVA=mo,memuaskan banget,5,0,2.2.7,2026-07-07 05:16:40,,,2.2.7
25e9101f-cffe-4387-9eaa-cf9e78bd68b6,Purnomo Agus Priyanto,https://play-lh.googleusercontent.com/a-/ALV-UjX2maOfovT29DG-toiOlq7GWl7dggOp-IZfxf3IifSbGcsRRUCk,"Jos gandos, pokoke Jempol",4,0,2.2.7,2026-07-07 05:05:17,,,2.2.7
89d57f72-81ba-4be7-b7ff-b08afb24619a,Rohim Pro,https://play-lh.googleusercontent.com/a-/ALV-UjWTur8Uidz_dyeW4z90JGXtWcqFhdWOiFxVxfbMHcHT8hEIKoPf,bagus,5,0,2.2.7,2026-07-07 04:56:38,,,2.2.7
e20d1718-dbc6-4185-bc75-388ea86a74f3,karin dev99,https://play-lh.googleusercontent.com/a-/ALV-UjU66Cj26iXt3SiY3X4UMFPfZFDfXac-7uks_VGiYB0JpUIL83z2,mantabbb,5,0,2.2.7,2026-07-07 04:51:13,,,2.2.7
fcd02702-f38e-4caa-bb2c-80fbb2338c0d,merlina 1803,https://play-lh.googleusercontent.com/a-/ALV-UjXClbprm7qdjyQWby2z9RQ7Wowh0KJ3wt09bJXsyc432x3jH7FE,buatt apa di bikin apk kalo tetep harus di print lagi jelek bgtt ribett,1,1,2.2.7,2026-07-07 04:43:23,,,2.2.7
1d5d2277-f141-4cf5-be99-28562ac4f18c,Saiful Alfadz,https://play-lh.googleusercontent.com/a/ACg8ocKEGotNOYHXqpMfmt6qxyItJJ5GBkBcnxXAYVVUokDFsAeoCQ=mo,ok,5,0,2.2.7,2026-07-07 04:08:34,,,2.2.7
fbc701a9-0f75-49f8-bdff-131281d19710,Fitrah Ananda,https://play-lh.googleusercontent.com/a-/ALV-UjXz2xkfUl3gxg7MR6DwO86kRwYxaFt5B4B1c_FS9dPhB5uzW2Iy,gak bisa log out apk anehh,1,0,2.2.7,2026-07-07 03:40:19,,,2.2.7
e8f56be3-c145-4635-a4ad-fbbe41371a18,AGUS SUPRIYATNA,https://play-lh.googleusercontent.com/a/ACg8ocLM0kgv6gb2GeODWAS7e078J2Zxz_-6uvXkFMji9fsnKZb5lg=mo,biarkn bintang yg bicara,5,0,2.2.7,2026-07-07 03:30:12,,,2.2.7
5c7c05d8-970a-4de4-9245-e9b2e3085fd0,Nazwa kesya Hidayah,https://play-lh.googleusercontent.com/a/ACg8ocJQJ_KUy0lJheLV4NdZmIj5piiIB2A8wDr00MbZpWLOK9c5Eg=mo,saya mau bikin SKCK di wilayah saya tapi pas saya cek di lokasi cetak nya rata di Jabodetabek ga ada yg di Medan gimana nih?,1,0,2.2.7,2026-07-07 03:13:04,,,2.2.7
bc63156a-9603-463d-923a-5c8adc10da58,RIKY SETIAWAN,https://play-lh.googleusercontent.com/a/ACg8ocIacPf7fp9dGtJ3KIClEsbfxd21PxAN_on5CAt2LlPFi0-aNQ=mo,mantap cepat dan sat set kalau data lengkap,5,0,2.2.7,2026-07-07 03:11:19,,,2.2.7
fc5d69c5-109e-4b46-b335-1c37b5a9e6c9,Rendy Dwi,https://play-lh.googleusercontent.com/a/ACg8ocJw33Btmb2occGK1eRVQBbmeUWaJ8l93fTQ2e1ffBdqfNSaMQ=mo,sangat puas,5,0,2.2.7,2026-07-07 03:06:07,,,2.2.7
e0c591ae-d2ea-4d30-8570-3ef9af268b48,Ahmadsas Almuhajirin,https://play-lh.googleusercontent.com/a-/ALV-UjVV405rbawMTon_Dmlp44IwE4DPrEVNk99WRgB2ara0dZ9pkhT7Fg,lebih baik dr sebelumnya,5,0,2.2.7,2026-07-07 02:50:03,,,2.2.7
47fbacb7-4230-45d2-8c0f-21d8141da0be,Zainu Din,https://play-lh.googleusercontent.com/a-/ALV-UjV_wfdHtKF0sJsrWvXlG62vM16VbXkTh42Nwgu_eQKSyf6J8ls,pelayanan lebih mudah.,4,0,2.2.7,2026-07-07 02:46:23,,,2.2.7
e55d3773-1ae5-48eb-baed-e74dd008ce60,egi prabowo putra,https://play-lh.googleusercontent.com/a-/ALV-UjUI3S4N_ICCCTJtdQLtuQRMrp0Hl2JD-5rYtw_E9SZNC4iNcuAY,"verifikasi wajah susah tnggal ke kanan doang udh bener tapi selalu suruh pasin dalem lingkaran justru udah pas pdhal tinggal tahap trhir mau daftar verifikasi muka nya, harus gmna tengok kanan nya smpe hape panas pala pusing leher mau copot rasanya",1,0,2.2.7,2026-07-07 02:38:23,,,2.2.7
11356683-873b-40eb-8995-fd7be835e8e8,FERY CHRISTANTO,https://play-lh.googleusercontent.com/a-/ALV-UjWp6P7aWg3vhBeYWEafMDpzRcEEt_Wyw6dSwlvb7oFl_qH0Bupe,sangat membantu,5,0,2.2.7,2026-07-07 02:36:00,,,2.2.7
34e23e78-5211-47b1-b899-d063d34ceb9a,Hamidin Nur,https://play-lh.googleusercontent.com/a/ACg8ocJI7RRM-NYSpQpgM1Ym4aCbQAUjZ24y4ZLWbaRTYEkqloFJMA=mo,"RIBETTT RIBETTT ! Ngurus SKCK yg gampang jadi RIBET. belum lagi lokasi pengambilan yang tidak fleksibel. SKCK di aplikasi udh selesai tapi ga bisa download ""TERPAKSA HARUS AMBIL FISIK"" Ke POLRES. F lah!",1,0,2.2.7,2026-07-07 02:23:54,,,2.2.7
5a27de52-fb26-4ca3-8e27-942aae215910,Aris Mukti,https://play-lh.googleusercontent.com/a/ACg8ocK-l0KdEQ6Rl8WKEFNv_SK4W_YcNO3_7zVJmx6x9an7Q8Lyr7XG=mo,"Proses pengajuan pembuatan SKCK lebih mudah, mantab deh",5,0,2.2.7,2026-07-07 02:21:19,,,2.2.7
0f8d8dce-5f7a-4379-901d-ee201ec2e386,Arti Amanda,https://play-lh.googleusercontent.com/a-/ALV-UjUdVuosGNaFo67JbJgqKWgDLc96963FOIoMYRlT2VVeo3KyaGp2,Mudah,5,0,2.2.7,2026-07-07 02:05:25,,,2.2.7
cd8abec4-12bf-4466-b332-724ad32ddbae,M Ripaldi,https://play-lh.googleusercontent.com/a/ACg8ocIkiw8H95xL9wEZVkRCHjchJtKVobrGlIa7O0YUZEs6u2edkA=mo,sangat membantu terimakasih,5,0,2.2.7,2026-07-07 02:05:02,,,2.2.7
11ec539d-b7bc-43d4-bd29-352e85db13b5,Aniie Niie,https://play-lh.googleusercontent.com/a/ACg8ocLuhbPxCwKoyhiXNnxLiEom4zqKnHJ2sMQrKeaUis7EfBH7PQ=mo,mntap,5,0,2.2.7,2026-07-07 01:54:59,,,2.2.7
8316f229-6fe5-4632-98ed-95d7148fc2a2,Hari Yanto,https://play-lh.googleusercontent.com/a/ACg8ocJlK3cCNIVCH6qSBukLBkGpDTVU_AGpvkYJP2bHOXR4hMsB5w=mo,mantap,5,0,2.2.7,2026-07-07 01:45:01,,,2.2.7
36ef6e9d-3fc7-42d3-8b8e-b69d5cb60acd,Roni Romdoni,https://play-lh.googleusercontent.com/a/ACg8ocJ91PTIBhSnFfbTFGyWIR-lA_wXYDDgBLW5No-iE9w9zEtDhw=mo,sangat baik,5,0,2.2.7,2026-07-07 00:48:30,,,2.2.7
b12c4c6f-015e-4100-9506-f388694474bb,Luli Nillan Official,https://play-lh.googleusercontent.com/a-/ALV-UjV8DWq-ylhSQRuBifBXa0WX8woby7V0v8_cD4OBilpsbYeB63E,bagus,5,0,2.2.7,2026-07-06 23:26:51,,,2.2.7
1bb475e7-e32a-4a00-ae72-eb67c5f4c6de,adit aprianto,https://play-lh.googleusercontent.com/a/ACg8ocIoXCcu69iDZQ1ic1a9oTfPW994Aluvw8IWemG0KDkAmI_6wQ=mo,"apaan ini cek data aja lama,terus mental sendiri ke awal lagi,jadi di persulit gini mau perpanjang skck jg hadehh",1,0,2.2.7,2026-07-06 23:25:14,,,2.2.7
d69d06ed-e4b0-451f-bac7-fabde431fd8f,Heri Yanto,https://play-lh.googleusercontent.com/a/ACg8ocJ6zEbgmnK_tgfAiNX3xDPEt32MgBGvg8l1WdANBUlGT94wSA=mo,memuaskan,3,0,2.2.7,2026-07-06 23:06:04,,,2.2.7
e95a63e6-1ff4-4681-acea-1fd87f61ad51,Gibran Shariati,https://play-lh.googleusercontent.com/a-/ALV-UjUHOOpUMMqphFH3-kxkyDatKaUtu9jOJGvO-C6v5-5sczWE9YQ,tambahin lagi pembuatan SIM jangan cuman perpanjangan SIM aja dan bikin SKCK dll dan proses nya di cepat in dengan akurat,3,0,2.2.7,2026-07-06 20:57:09,,,2.2.7
4d3a9c7a-a4da-4574-accd-b6543fa8feb5,Dede Rifkis,https://play-lh.googleusercontent.com/a-/ALV-UjUgjYqg3batt8119jSl0hsAjvwkKDCbbFgPHnjRO4z1gkp_wLac,sangat mudah,5,0,2.2.7,2026-07-06 17:46:48,,,2.2.7
9f5726b2-3499-4093-aef3-0bd1669a51e8,Lukni 1234,https://play-lh.googleusercontent.com/a/ACg8ocIyHVusWxYQI9U9P952EXJodvC35WY6n0P9wYrrMQpQNy0gHQ=mo,mntap jd gampang,5,0,2.2.7,2026-07-06 16:37:59,,,2.2.7
2adcfcf0-9b54-4057-8fcb-4129367bb54d,Saul Lupit,https://play-lh.googleusercontent.com/a/ACg8ocJv-b5QxMEJCk_efoWP6ceC2lJ5KGN8ctU4mdZ_btM_kJm8gw=mo,oklah klau begituhhh,5,0,2.2.7,2026-07-06 14:41:19,,,2.2.7
944eed04-0b7e-48c2-85d7-af841fd4b7ed,Reni Avanza,https://play-lh.googleusercontent.com/a/ACg8ocI2KJDg1cB6fpHrx4I15ABMQiPtr0gMFqhrGpxptipOMKm9=mo,prosesnya sangat membantu,5,0,2.2.7,2026-07-06 14:23:42,,,2.2.7
10d680f0-0bb8-402f-876b-f66f63285923,Ardiant Ardianto,https://play-lh.googleusercontent.com/a-/ALV-UjUDG_U5DgbY8avOIvL2PQlW6BVGSgAu5sUpKc9xiuXIwH1RY3Y,sangat mudah,5,0,2.2.7,2026-07-06 14:18:39,,,2.2.7
c3789871-1493-4d1b-a455-61fe67d7165a,Raju Muhamudin Wali,https://play-lh.googleusercontent.com/a-/ALV-UjUYr3VcnBAV6e0WVJxR9_aPvnLESsGQAYKZfvhmsGuEUvFvr8Jx,aplikasi apa ni gak jelas ngebug mulu🙃,1,0,2.2.7,2026-07-06 14:02:53,,,2.2.7
a70a8628-7efe-4dae-a7e8-1549e43bace5,Deni Fareza,https://play-lh.googleusercontent.com/a/ACg8ocJdbu6R7SmBxSvyYLQ5azvrupsDz7vrE9-ZACHrUueF7JkHeAw=mo,"Sudah cukup bagus, tapi cuma mau usul, kalau bisa pembayaran seperti pembuatan SKCK tidak hanya lewat BRI saja. Diharapkan bisa melalui bank-bank lain juga. Sebab ada juga yang tidak punya rekening BRI.",4,0,2.2.7,2026-07-06 13:59:44,,,2.2.7
215e047c-654c-4a01-8f7f-a9c7ec54a48c,Wawan Nurcahyono,https://play-lh.googleusercontent.com/a/ACg8ocJ5eoh4r6XKpN74ZUxioV1e5DuNzK8zgSBpt1A6zNS3ZyR5Ww=mo,"aplikasi mudah digunakan dengan petunjuk yang jelas, sangat membantu untuk pembuatan dokumen",5,0,2.2.7,2026-07-06 13:50:50,,,2.2.7
3df5416a-ef22-473e-8c50-deb7e1552f77,Rani Agustiani,https://play-lh.googleusercontent.com/a/ACg8ocK1dNfgQeE-91tVagl8aSVy4NASU7EAmVp8686F-qWBYs571Q=mo,"gmn si ga becus, aplikasinya ngelag bngt pdhl pake wifi, penyimpanan aman, aneh",5,0,2.2.7,2026-07-06 13:34:27,,,2.2.7
76365357-6ad1-4333-8fb4-700a7bf43b54,Evri Yannur,https://play-lh.googleusercontent.com/a/ACg8ocK1qJ8HIgZ5gigRoUwIT93Uv7EAOwXTeujlF6LBHK6NmmUetw=mo,mantap banget,5,0,2.2.7,2026-07-06 13:34:04,,,2.2.7
8e5e0c9a-6fc6-4bf6-8a7d-0a24dd8906b4,"Syafrial Nurdin, S PdI M Pd",https://play-lh.googleusercontent.com/a-/ALV-UjWFP3FS_pNzf6STHfqYrE7xc_rwPMR8_Gv3yVb7tfu2d3spJOu5sQ,sangat memudahkan,5,0,2.2.7,2026-07-06 13:28:28,,,2.2.7
a58024ba-34df-44a4-8ff2-9766dc932538,Pengguna Google,https://play-lh.googleusercontent.com/EGemoI2NTXmTsBVtJqk8jxF9rh8ApRWfsIMQSt2uE4OcpQqbFu7f7NbTK05lx80nuSijCz7sc3a277R67g,Terbaik,5,0,2.2.7,2026-07-06 13:15:59,,,2.2.7
f7fa58e6-fb67-45dc-b17c-97a303b12204,Dewi Aprianastuti,https://play-lh.googleusercontent.com/a-/ALV-UjXFw8PpsIix61KVO9PCStFKL9svtUu_wQkryBxz1sXBRqSqhPrmuQ,terimakasih 👍,5,0,2.2.7,2026-07-06 12:22:13,,,2.2.7
6661bddc-749b-49f4-95a6-0e778094d30f,Irfan Alfarizy,https://play-lh.googleusercontent.com/a/ACg8ocK0Gnt2vYuhYNXm2xmM54G4Iroq8scyMUen86iGq5YQUFzFgQ=mo,sejauh ini baik,5,0,2.2.7,2026-07-06 12:07:15,,,2.2.7
8604e22d-e799-41f9-b172-4bd2acbb7ea9,Danang sunu Hariyadi,https://play-lh.googleusercontent.com/a/ACg8ocIyOIqFmdJpaAu21h_hd_OcOqlvwcnMDYbRi7VaEf8A3kc6ww=mo,ᑲᥲgᥙs,5,0,2.2.7,2026-07-06 11:29:51,,,2.2.7
4e15e18a-4426-4d73-9a2a-901818c48574,Hardie,https://play-lh.googleusercontent.com/a-/ALV-UjVVflZ3SBSQtA12Ya3YI8_Eby0nlv3VfVBjHHBcUlqbv4mU1Dot,luar biasa Aplikasi ini.,5,0,2.2.7,2026-07-06 11:15:24,,,2.2.7
a46296c9-a217-45ce-911f-a37866467976,03.Aditya Dwi Setyaji,https://play-lh.googleusercontent.com/a/ACg8ocJkwaeR-2npU0RTFNsV4ZyB4mQmAJEI-tm8gRkchFF9RMXdEQ=mo,tolongg diperbaiki lagi mau daftar akun baru Lodingnya lama bangett,3,0,2.2.7,2026-07-06 11:04:42,,,2.2.7
55fa3a61-2fe6-4417-959f-912ebf3808bb,21. Miranda,https://play-lh.googleusercontent.com/a/ACg8ocL6j27uJubHiZe1w6oeY8mAbTstYbhLxwH21iqv60blG2qK9A=mo,"kalau belum siapa buat aplikasi nggak usah buat aplikasi belum matang sudah dipaksa digunakan, banyak banget kecacatan aplikasi ini terutama pada saat pembuatan SKCK dan masuk tahap pembayarannya, saya sudah bayar tapi statusnya tidak berubah malah nunggu pembayaran terus saya sudah hubungi helpdesk tapi tidak ada solusi terus ujung-ujungnya expired, bukannya membantu malah mempersulit dan RIBET",1,3,2.2.7,2026-07-06 10:20:20,,,2.2.7
0b0e8c93-e225-447e-b48a-3025a9491ba9,Casnakim,https://play-lh.googleusercontent.com/a-/ALV-UjVi8UPRxVJKebkTlyrkBDnVR3hvIDR6J-Dmk0Ei8raBUGwQ3rYG,mudah digunakan,5,0,2.2.7,2026-07-06 09:59:17,,,2.2.7
425d5ee8-ca48-440e-8de7-be2f868f8e1b,Anton Nurjaman,https://play-lh.googleusercontent.com/a/ACg8ocKMQ_HWcaPr3VZad-qbi35rVxCrd_uxqAqazZfWuiTY6xTKaQ=mo,puas,5,0,2.2.7,2026-07-06 09:21:17,,,2.2.7
e20a9953-a925-48ba-81a7-3e2d07d16df6,Muhamad Zainudin,https://play-lh.googleusercontent.com/a-/ALV-UjWOZBi8VuhJykhWuIMhHvWWQ3eoQ26ILv2YhncC1MOiLocOF9w,"sangat membantu,good job polri",5,0,2.2.7,2026-07-06 09:21:12,,,2.2.7
43607d32-138d-42da-a3d8-ddc6c520e682,erfan muhammad,https://play-lh.googleusercontent.com/a/ACg8ocIPSutXhtkA9evYSIyUf4YkSCnE6OoAgKM3zUXOcavnzcN23A=mo,mempermudah urusan,4,0,2.2.7,2026-07-06 09:13:01,,,2.2.7
cce77e07-d623-4f17-a290-ee6a90ccabab,Mas Reo,https://play-lh.googleusercontent.com/a/ACg8ocKWQw_A-92UeiV2rQR21aWg2opPJ5NzeXdVXoCZNJn8urLCBw=mo,👍,5,0,2.2.7,2026-07-06 09:12:43,,,2.2.7
a1e8f60d-047c-4f65-a94e-0248951fe0ef,Rojimah Jimah,https://play-lh.googleusercontent.com/a/ACg8ocKrcYq3ysDF3kzLpi_z7mefL0FWH8OrsjkhlSoTdebf1bQZ6A=mo,"bintang 5 biar semua tau kalo aplikasi ini jelek, tolong dong di perbaiki masak dari kemarin verifikasi wajah saja nggak bisa sedangkan saya mau buat SKCK nggak bisa bukannya adanya aplikasi mempermudah masyarakat malah mempersulit kalo nggak bisa mengelola lebih baik offline saja",5,0,2.2.7,2026-07-06 09:04:16,,,2.2.7
a077d344-4135-4618-9f81-9622ae22b7d5,Wirawan Frastiyou,https://play-lh.googleusercontent.com/a/ACg8ocIU9V3EoV-w4-52EpSK76VsnIpyeBL_5XSIGuWnPmw6JbGD_Q=mo,mntap,5,0,2.2.7,2026-07-06 08:39:15,,,2.2.7
1a4f61e6-36a6-4a2e-97cc-e435f61f00c1,latif wikunirmono,https://play-lh.googleusercontent.com/a-/ALV-UjXCOGlK6F3viKZofPBXO3kx-sFYjog6_xLjnqfPo1o2nHXR04se,👌,5,0,2.2.7,2026-07-06 08:32:24,,,2.2.7
78460e37-ccb8-4994-8ff7-8a1671635f86,sriana,https://play-lh.googleusercontent.com/a/ACg8ocIKIprVVc0Gs1PVtaOeKHOLByU4razk2wN5-fd2BbvMcEqw2g=mo,sangat memuaskan,5,0,2.2.7,2026-07-06 08:24:30,,,2.2.7
f9aecfca-e7ee-4ed3-9f99-10924ec22a1b,JASA-UKUR,https://play-lh.googleusercontent.com/a-/ALV-UjVkB3eDT_sdmZU-yNVxNg7yIKf9qUEU3DNIYCJwAzt25bQosRrj,buat skck online masuk,5,0,2.2.7,2026-07-06 08:22:48,,,2.2.7
7515b564-4783-4ce5-9b6d-36a4a576a039,Markus Boy,https://play-lh.googleusercontent.com/a/ACg8ocIAOH3Obyv8AVmbC_tquyGb-ssEA1Tl1aPivOG-sNbApOVvYw=mo,good,5,0,2.2.7,2026-07-06 08:12:45,,,2.2.7
db9de829-40ab-4c3c-8e1a-7c0306477590,Nadia Ayu Shafira,https://play-lh.googleusercontent.com/a-/ALV-UjWDTd2lVjHEwIfGSxlvCTrnITWVCM4KF9qrMuT0PQLP04B-12NI,ganteng,5,0,2.2.7,2026-07-06 08:08:37,,,2.2.7
dc4d529c-e86e-4029-bd09-e0c301bb09c1,MAULANA,https://play-lh.googleusercontent.com/a-/ALV-UjX21jv1gpzFE6vMwCj6NlHPE9JPXygmDmGnMvPK_cc0WLpvK_8X,mantap,5,0,2.2.7,2026-07-06 07:58:35,,,2.2.7
0109ad9d-dad4-467c-9a94-5d249c158c1e,Nisamayada Aryanaputri,https://play-lh.googleusercontent.com/a-/ALV-UjUVebYJL85J1FnQV7z1aLHMGk_0tYZvfzWviqA0CVsNoGeP2k5x,pelayanan masyarakat bagus,5,0,2.2.7,2026-07-06 07:49:27,,,2.2.7
49a637ca-9fd5-48d7-bec0-0519934e7fec,Babyhuj Babyhune,https://play-lh.googleusercontent.com/a/ACg8ocLOlHhEgB6Y3iFRkQfmvxfX7JXI1aHHC4NDIHmx-RRQlqRTVw=mo,LEBIH MUDAH,5,0,2.2.7,2026-07-06 07:39:04,,,2.2.7
3eec6bd9-d7cd-4ef8-8f1a-ba3e18ae99af,Jeti Mulia,https://play-lh.googleusercontent.com/a-/ALV-UjWS_DqUpDxVIEnseKvDLIlLtabS_QO4610ypl1NfaXpGodwWyZ3,keren,5,0,2.2.7,2026-07-06 07:10:14,,,2.2.7
90dd7dc2-0d04-498f-a2b2-6160eb16878b,Jon Driex,https://play-lh.googleusercontent.com/a-/ALV-UjUYUUa_Vcp02NZgBMnzB3zkuHmtc1eAlZHeZnjMQw0GTg9V-ump,bagus,5,0,2.2.7,2026-07-06 07:07:54,,,2.2.7
8d90afb8-c378-41ce-84e6-35df6bbdd298,Andik Gan,https://play-lh.googleusercontent.com/a/ACg8ocL1VADugS8NRatGBXZQoidwJqDiZnwIwFxPIfbW7o0h3gMzLw=mo,"1. katanya online, tp tetep harus ambil skck di polres, polsek tidak bisa (sepertinya hanya polsek besar yg bisa) 2. Fitur unduh file skck hanya bisa dilakukan jika kita sudah ambil skck secara offline di polres. Jadi fungsinya online ini apa?",4,0,2.2.7,2026-07-06 06:58:49,,,2.2.7
3c9046d1-1015-4d95-923a-61e9bea39c2d,Nabila Latifatun Nisa,https://play-lh.googleusercontent.com/a-/ALV-UjXhQln7G5bRjHGO3QbpNDBK64P2mc4TfKDr9d85PMWuKXhSL-Ce,sangat memudahkan prosesnya,5,0,2.2.7,2026-07-06 06:56:53,,,2.2.7
5260737b-42f5-41bd-b45a-4cadc0baacdc,Roni Hidayatullah,https://play-lh.googleusercontent.com/a-/ALV-UjWemdgBvzjsXAB-ehnbkstLjOdjsmUBWdvpy6UWqpCm97nZ_YhcLQ,cara ganti poto profil akun gimana ya min?,5,0,2.2.7,2026-07-06 06:46:25,,,2.2.7
67b82de8-bc10-43d8-9f9c-72f212c82bfd,Arull Kocak,https://play-lh.googleusercontent.com/a/ACg8ocL4vAqREAjVUanTdYEoWmfqgBFi7NzHQD8ZIF7mfJ8UfU3F4w=mo,sangat berfungsi,5,0,2.2.7,2026-07-06 06:41:38,,,2.2.7
afff163f-6922-4e46-a82d-3617a65773b0,Khairul Anam,https://play-lh.googleusercontent.com/a/ACg8ocL6_Wbd16SxaNSpr6O7frbms1JXbFlDyBLl9h0Zpl93PiH8NQ=mo,mudah dan simple,5,0,2.2.7,2026-07-06 06:41:34,,,2.2.7
82aa560e-8740-4bcd-9707-386451e10bd8,Janeta Usma,https://play-lh.googleusercontent.com/a/ACg8ocK7SNZhx925-U6gPsjDQhbGeqkeDv2pHKzlsrW3oCaV7WTdxg=mo,oke,3,0,2.2.7,2026-07-06 06:30:33,,,2.2.7
74ad23e0-caff-4787-806f-29fd9ee3e53d,Nayla Cahya,https://play-lh.googleusercontent.com/a/ACg8ocJDboaeM84ykHu2APOddinvxYG8AcMUtxXmrzkIggQRgDbGtQ=mo,ok,5,0,2.2.7,2026-07-06 06:22:06,,,2.2.7
cbede46e-ff13-439d-af7a-f36e31754900,Rendi Riansyah 01,https://play-lh.googleusercontent.com/a-/ALV-UjW4bbZeaTOQe7T8Y8tqGX_c-YUMGyKBhVBaaoV1-JThgbXIMZXN,mantap,3,0,2.2.7,2026-07-06 06:20:17,,,2.2.7
a86734bd-0cde-476c-a7e7-9eeca8b730eb,ahmad Suhaimi,https://play-lh.googleusercontent.com/a-/ALV-UjUo5EC5KNjXUdu6FGE049P4SJZW-Nk5lKu0bKRBhPGQnbC4ag,Harusnya ada fitur bayar pajak kendaraan dan perpanjang STNK juga ada fitur Photo profile. semoga setelah ini diadakan.,5,0,2.2.7,2026-07-06 06:03:28,,,2.2.7
9bc18d03-2e40-47d3-b6be-beb3c936374e,novel Abuno,https://play-lh.googleusercontent.com/a/ACg8ocKgbl5DzCGD9IPz9m3iWrZw9s9s6rWZmXHkoZaI04FD_rJFrw=mo,proses cepat,5,0,2.2.7,2026-07-06 06:02:57,,,2.2.7
bfafe15f-9be3-4ae2-8682-0008a5c5f3ea,X hoby,https://play-lh.googleusercontent.com/a-/ALV-UjWKwkFjcDAHjL1BuG5BqiFj0KAer2xo1zNNqvMUs68H9h48RGiRsg,ok terima kasih sangat bermanfaat,5,0,2.2.7,2026-07-06 05:36:20,,,2.2.7
79de7576-8b1e-47a2-a764-8492434bec4d,Najwa Ziya,https://play-lh.googleusercontent.com/a/ACg8ocKVMLPv5Z82gVOOOUBJe1iheJwko_PvOjx3s6cb6yRhEBQCyw=mo,"sangat membantu, dan baik",5,0,2.2.7,2026-07-06 05:13:35,,,2.2.7
da7488cf-e2e6-4370-ba1c-f6ad13377132,Anjar Anjar,https://play-lh.googleusercontent.com/a/ACg8ocIgUMV5zlBSbf9mfcDQOJBmvZYYiuZUTqY8kyUINzjvItIskg=mo,lancar,5,0,2.2.7,2026-07-06 05:03:23,,,2.2.7
fb01972e-2334-4edf-ae7f-7154a8567e86,Noneng Sopiani,https://play-lh.googleusercontent.com/a/ACg8ocJ-ziRTF76IG1xl4fIQZWtul1vgVr1VMnf3QoGYEYwbojNzFQ=mo,bagus and cepet,5,0,2.2.7,2026-07-06 04:58:31,,,2.2.7
c360e7ff-9f0b-49b5-8436-e0aab7653767,rinja dwi,https://play-lh.googleusercontent.com/a/ACg8ocJJYc-VNHhbcs8DiXZFQAbe_aqLnUyXryuRNhjR-w8S348Ns8g=mo,semoga kedepannya di ambil skcknya gak harus ke polres,4,0,2.2.7,2026-07-06 04:35:30,,,2.2.7
d796d6e6-91a0-4544-b8e6-2b06d17e5fed,Win Windratmo,https://play-lh.googleusercontent.com/a/ACg8ocK6R0BTHV3nN-yPS3_5eqVZQOSjubzFxOeDY4DSyhMK57Oa9g=mo,memuaskan bagus sekali,5,0,2.2.7,2026-07-06 04:30:48,,,2.2.7
e365f6f4-bf7e-44ad-8b63-fc2016d4dd25,Joko Suparta,https://play-lh.googleusercontent.com/a-/ALV-UjVXrbZfiId7E7tECG4xcDOHozbDahYaka2F7-juffLDftriH-8,Sangat simpel bisa dikerjakan dirumah tanpa antri,5,0,2.2.7,2026-07-06 04:25:27,,,2.2.7
03735115-6339-415a-bb83-c5df323ea333,Jaedah Aedah,https://play-lh.googleusercontent.com/a-/ALV-UjXA_AFor1-YzxfTL4mm5zIFtgCW6fgH6siYYWvuSQI507Ncy7lBbA,Sangat Bagus,5,0,2.2.7,2026-07-06 04:10:16,,,2.2.7
c28474f1-e03b-4247-bc16-9e2290d7bf63,Clerisa Batara,https://play-lh.googleusercontent.com/a/ACg8ocJMw-uzXAkAOLxylXojjuImr1DWSZFh_c-doY9ttF-7P7-5QA=mo,sangat cepat dan mudah di pahami,5,0,2.2.7,2026-07-06 03:34:52,,,2.2.7
c87a20af-8b77-4bf8-8321-1ba7473d17e9,penjol tengu TM,https://play-lh.googleusercontent.com/a/ACg8ocKgMMK8mnrcTOj7mxa-Z-2Q2adVrjok6qS3UZ-DrbjcADJpig=mo,👍,5,0,2.2.7,2026-07-06 03:26:29,,,2.2.7
df2d772e-7868-49c3-aa93-9cb448e88961,Apsriani Apsriani,https://play-lh.googleusercontent.com/a/ACg8ocKHIZ4cCj9V-xH4bLUwF75dyPU0QdUrxxcftVsg3obywbs98Q=mo,mantap,4,0,2.2.7,2026-07-06 02:59:54,,,2.2.7
0e40c480-4745-4cc4-854b-274813bd941b,Lobo parengkuan,https://play-lh.googleusercontent.com/a-/ALV-UjVqw8GY-USuPrn7q2Q2r-6sZynUZF1NWWUKRs8uV5WIIx8LvGO3,respon T O P.,5,0,2.2.7,2026-07-06 02:59:11,,,2.2.7
952e1a56-1f1f-4e7c-b35d-097467036351,Alfan Dorez,https://play-lh.googleusercontent.com/a/ACg8ocIF-woApAAoOghD-218AcAfm8hRrgq8d-7B5CQZseiEsmObJQ=mo,makin ribet,1,0,2.2.7,2026-07-06 02:53:02,,,2.2.7
d32fe4bb-cd47-482a-b022-6183b9d4362d,wahyu satyawan,https://play-lh.googleusercontent.com/a-/ALV-UjUzVNLF2cIi3hSMGaQP2qD-JdUlRssRR7w8B_n7wsK6D6a4QZjfrw,keren banget,5,0,2.2.7,2026-07-06 02:44:15,,,2.2.7
9e184546-b3a0-4268-8c2b-9ccd27275cc7,Ferry Setiawan,https://play-lh.googleusercontent.com/a/ACg8ocLa99y0BbZax1R_9HimEinHNiGWMsi1IRQsOAX2TVpYSa94Mg=mo,sangat baik,5,0,2.2.7,2026-07-06 02:34:00,,,2.2.7
9f142816-ff85-41bf-bb73-43f7ad42c622,Reski Reski,https://play-lh.googleusercontent.com/a-/ALV-UjUtnbW3iPFt3Pb-qeZDiBjHZGxqTezodMcq6EOYvGNQ4fir9Iw,kenapa g di email pdf aja mengingat polres dari tempat tinggal kita jauh,5,0,2.2.7,2026-07-06 02:16:53,,,2.2.7
66086683-0f5f-4769-a7ce-0a53a0659d2b,Zulfa Febriansa,https://play-lh.googleusercontent.com/a-/ALV-UjU8b8KppBw7OBMPCKOWqgZGQnNSL-8FuipmgcVCIGciZ6c8vkSP,baik,5,0,2.2.7,2026-07-06 02:13:15,,,2.2.7
3410a073-b424-4a2f-84c8-1ab72eb904d3,Muh Iksan,https://play-lh.googleusercontent.com/a/ACg8ocIlTwS-oWUCG4uSYfMwHb9As6gEE2QhTrvwKaCto0EEpbM5BQ=mo,sangat puas,5,0,2.2.7,2026-07-06 02:08:31,,,2.2.7
29ce39ce-35a1-4116-8289-4e522dc20a9a,Nurul Islam,https://play-lh.googleusercontent.com/a-/ALV-UjUFV1gX54gE3yHH9Y8GczxVF-Wx23SweNDZC9NBqaDgZipitf-o,praktis dan canggih,5,0,2.2.7,2026-07-06 01:55:16,,,2.2.7
64de3a06-d9f8-4446-8dbe-b3a88fc3a758,Zaki Ananta,https://play-lh.googleusercontent.com/a-/ALV-UjV1FnyxZCHGUoyK0C8aL9Qm_6pOGEF2EFLc-ifvkLrrFU62yjFZPA,"Payah,mau login doang aja ga bisa🤬 pdhl udah step by step",1,0,2.2.7,2026-07-06 01:47:54,,,2.2.7
dbf5e752-91ef-4082-ab04-71a8531a8b55,Rafi Daniswara,https://play-lh.googleusercontent.com/a-/ALV-UjW0XcUdR6YvtclM1ECIt-vqzYanxzB3tFGL_YTHCJJ1BWrX-786,"nama doang super app, kek yang iya aja, tapi dalem nya ga berguna, login aja susah, untuk dibagian login ada button selanjutnya,itu gabisa dipencet pak gimana dong pak",1,1,2.2.7,2026-07-06 01:47:48,,,2.2.7
25f38b1f-2ec2-49de-b7a7-95fc3343ef9e,Kania Dasilva,https://play-lh.googleusercontent.com/a-/ALV-UjUZQXIbgC7lZuE3OeVo0P7243NPQXUaylJekIhhTWMyzdQn5SA,sangat puas,5,0,2.2.7,2026-07-06 01:37:49,,,2.2.7
e9564548-adf0-436e-bba6-e4e300079e9f,Yusep Munandar,https://play-lh.googleusercontent.com/a/ACg8ocIjHUTCMUx7lQUIUgv8DIvlK8NGWik8E9NGmcB0Nj_rbzwqEQ=mo,sekarang lebih enak cara buat skck..alhamdulillah engga banyak proses cukup isi biodata selesai tinggal ambil..makasih polri semoga makin kesini makin banyak program yang lebih baik lagi,5,0,2.2.7,2026-07-06 01:32:32,,,2.2.7
b7830aeb-cc32-4cc8-b9bf-769efb9f989b,Faisal Mahendra,https://play-lh.googleusercontent.com/a-/ALV-UjWQRhyvmTcEHbEcerd7OL1D-p1vbJkR992LGdhFuc2ajk9sUQEI,berguna,5,0,2.2.7,2026-07-06 01:21:32,,,2.2.7
d25b121d-9911-410e-be2e-e61cde5a18b8,yanuar rahman,https://play-lh.googleusercontent.com/a-/ALV-UjV5FvycGoWAiZbivDfMTU-etgFMwkUxi0hVsCYVYUtTpnmzMUgluQ,Terima Kasih POLRI untuk Loyalitas Tanpa Batas,5,0,2.2.7,2026-07-06 01:13:21,,,2.2.7
a52893d1-1766-4116-bad0-a783455561e9,Ana Arumi,https://play-lh.googleusercontent.com/a/ACg8ocKZU5Pof3ZwHZ2t_Zr_aNdbpcZtQudWKdZkatTzQgg9Whbhcw=mo,simpel mantap,5,0,2.2.7,2026-07-06 00:51:21,,,2.2.7
c15734bb-d9a6-4962-a3b6-a57a1b98eb76,sonny hurulean,https://play-lh.googleusercontent.com/a-/ALV-UjVRRsDTUxkQNZCBgMvELZEDOEx_PQMwDr1xmS46PmFatCdTe1ZF,sangat bagus,5,0,2.2.7,2026-07-06 00:30:45,,,2.2.7
c8b7cd9c-4153-481c-9009-2214049b58ec,Netti Hairyani,https://play-lh.googleusercontent.com/a-/ALV-UjWxTEqDOspHiBCheF-ox09d4hXOwNXV-gfOEzVZEXA8De1UeSQ,good,5,0,2.2.7,2026-07-06 00:25:24,,,2.2.7
d45d54ae-4f81-46ee-a4f9-e892b59a41d5,Idelvina,https://play-lh.googleusercontent.com/a/ACg8ocK6_NaoL1iofPuf0DoLOk0mIq9ZJSKWRgNb4-WITRUbt7TFJg=mo,tolong di perbaiki lagi app nya ini bukan mempermudah hidup tapi mempesulit saya mau bikin SKCK tapi pas isi bagian ke 3 malah gak bisa di isi malah cuma bisa di geser ke atas ke bawah aja,5,0,2.2.7,2026-07-06 00:19:34,,,2.2.7
571cbbae-7a47-4796-90b2-38a296bade7c,Felissa Nurizza,https://play-lh.googleusercontent.com/a/ACg8ocK-wrJfkyQtNmz1oJ_oW2sIU5fZC1pZodX2d38PSeboFI7sqA=mo,ok,5,0,2.2.7,2026-07-06 00:02:13,,,2.2.7
2848c754-9011-43a1-ba2f-547842334b40,Noiz Khalifa,https://play-lh.googleusercontent.com/a-/ALV-UjX28rg2GBz78SLtkaeFK_BAXOMW5-WNwFoykbWXqh9soAVQHK6M,sangat memuaskan,5,0,2.2.7,2026-07-05 18:25:18,,,2.2.7
8f799105-ef2d-498e-90a9-06289cd74ca1,Bedri Mbetz,https://play-lh.googleusercontent.com/a-/ALV-UjWy9Ik75Lk36p8c0NAIBhZhDFbUIJkkxWRccUT-7a8MGzEpKS0,Mantap gercep,5,0,2.2.7,2026-07-05 16:45:04,,,2.2.7
c2c61727-47ea-4ae5-8e59-65c7d293fdc6,CHARLI IBNU CHALDUN,https://play-lh.googleusercontent.com/a-/ALV-UjUSR3CwwQzNmxRUGZIlCiA7_yuiQ-tNoJGPiI4z-_NQTPY0L9_Q,baik,5,0,2.2.7,2026-07-05 16:39:40,,,2.2.7
a8c2edd5-165b-4956-bd73-674ceb69f517,Rio Pieter nazareth beffers,https://play-lh.googleusercontent.com/a/ACg8ocJMDH3Sg0SFDSBAp7OID74MNfl12Bpy938JQA3NV9j1c8gVe8zE=mo,sangat membantu utk pengurusan surat,5,0,2.2.7,2026-07-05 16:11:41,,,2.2.7
8c3b165e-f0cd-427b-8dae-a8771e5de531,bambang budhiwiyarso,https://play-lh.googleusercontent.com/a/ACg8ocI5pkFQCxm8Bqk6MgatuOeAQm3wJiywiNKg_OzTONlgdk_u3A=mo,"Buat ngurus SKCK, paktis gak ribet",5,0,2.2.7,2026-07-05 16:11:00,,,2.2.7
e115c009-7365-4165-a340-ad441d72826b,Deshinta Rizqitasari,https://play-lh.googleusercontent.com/a-/ALV-UjVpk13BWrCCYoT2awp2-ZtEFmSiDlNZHUl9o9D1CobAHWRSa53QgQ,membantu proses pengurusan dokumen menjadi lebih praktis dan efisien,5,0,2.2.7,2026-07-05 15:02:19,,,2.2.7
21fa333d-e015-41f0-a7a8-178583557468,Karsono Jebak,https://play-lh.googleusercontent.com/a-/ALV-UjU_xWxoaIHURhoykgBtguo5evXcVaacpnHnUinF9VObv1GpIIhz,baik,5,0,2.2.7,2026-07-05 14:44:00,,,2.2.7
fa673a62-83fb-46d9-9f76-a52e042415f9,Hardi Hendrayana,https://play-lh.googleusercontent.com/a/ACg8ocLd5Op25RtPgE2AHzBmbslk8YCm_sD-NdQlJLmYhHsJp-8y2Q=mo,ok,5,0,2.2.7,2026-07-05 14:39:35,,,2.2.7
94078867-d43c-47db-9ab3-f4b796aaf260,DeRa Betawi,https://play-lh.googleusercontent.com/a/ACg8ocJa22txHE_Pz5mfcnRJz3cMKSX6K5HtMgF-GEHSDpBypmK1CA=mo,BAIK,5,0,2.2.7,2026-07-05 14:35:53,,,2.2.7
4f00ae04-1a60-406a-9e85-3b59bcb05e65,Aldi Setiawan,https://play-lh.googleusercontent.com/a-/ALV-UjXZ-PfIqcQ-HysQAfZIJ3S0n00WhbltYs2HF_fpk8GtL7pfxeBI,baik,5,0,2.2.7,2026-07-05 14:30:46,,,2.2.7
a086b549-c494-4e59-98f2-5b96dd5cf23b,ali akur,https://play-lh.googleusercontent.com/a-/ALV-UjUq_AtNI5623JOp6XBYcSP93ke-o7XeGgO6vR6z_xoB7yukmTnO,"Sangat Membantu,",5,0,2.2.7,2026-07-05 13:55:19,,,2.2.7
0252aae0-b466-428b-8117-25c3db30f2db,Erna ningsih,https://play-lh.googleusercontent.com/a/ACg8ocI6oXQSKMlo-lF2syK5dtRHOk4k_JVav8KL2qMEhjeB3bl6zA=mo,baik,5,0,2.2.7,2026-07-05 13:05:37,,,2.2.7
0ea07f5d-3918-4750-8c50-31993ed941bd,Sloan Harrison,https://play-lh.googleusercontent.com/a/ACg8ocJRUDArM0Nmp__2Gzu-oy11k65M5FT2uq1tJSo4g9XhABcC4A=mo,good,5,0,2.2.7,2026-07-05 12:27:05,,,2.2.7
752c6577-0ea3-49f0-bdfc-e8f3cf957151,Kocak Geming,https://play-lh.googleusercontent.com/a-/ALV-UjVEioN4mf3erWCco87N9V-4zDnRESSaeUx1MoA6zVa5fNTx-5Y,"aplikasi nya sudah sangat bagus dan mudah untuk digunakan. kendala saya hanyalah pada laman membuat laporan kehilangan, dimana pada pengisian keterangan provinsi dan kota pilihan lokasi nya sangat terbatas. niat saya ingin membuat laporan kehilangan KTP lewat online agar memudahkan, tetapi kendala ini cukup menghalangi. mohon segera diperbaiki.",4,0,2.2.7,2026-07-05 11:02:11,,,2.2.7
7ebf9840-4ae3-4577-bb24-d30b761b0864,Jael syathir ahmad,https://play-lh.googleusercontent.com/a-/ALV-UjWKTgj49jUmZ13WDbIYRHYbmQPYekUs9hUdmHBviPAM3GwxS78,sangat membantu,5,0,2.2.7,2026-07-05 10:18:59,,,2.2.7
c3fd2d69-5869-4327-9e73-a9176496f530,Agung Kusmana,https://play-lh.googleusercontent.com/a/ACg8ocLmi54yo3NBxWT-Q7FJPw0M_myZ2TNxeDiXL9qR2JH3S4wusQ=mo,app polri mantap,5,0,2.2.7,2026-07-05 09:15:39,,,2.2.7
7f922343-463d-4931-a960-73fadf7f4c63,Ayu Ria Lestari Sijabat,https://play-lh.googleusercontent.com/a-/ALV-UjVBxv10mt04qieMOj1mZ8id3bsyyJCCIR61cl6Pcgi5yxEEOw7t,mantap pollll,5,0,2.2.7,2026-07-05 09:09:33,,,2.2.7
4186e81a-cf68-4074-b2ed-56effee83a79,Dikdik Firmansyah,https://play-lh.googleusercontent.com/a-/ALV-UjX-Mf35ybOPexTPqEosiBbQHFmZc7oQ0vVnjbtuxf-SZLzPZ51t,sehat,5,0,2.2.7,2026-07-05 06:43:15,,,2.2.7
6616f796-166d-4ede-98ac-9513040db598,mawan muhdar,https://play-lh.googleusercontent.com/a/ACg8ocJZGXhogCOPCz_rsS-QjLNXtP4goSE75fMv-LtL1Z4fdKnKHA=mo,luarbiasa,5,0,2.2.7,2026-07-05 06:20:03,,,2.2.7
330b4f9d-8cfc-4312-b6c2-ced4d2d010df,ROKHIMAN,https://play-lh.googleusercontent.com/a-/ALV-UjWWzBEfAkZeRqLIE0SwgWAYPHgWx4GHw2sNSurQC9vAD9R9Qf4,sangat memuaskan,5,0,2.2.7,2026-07-05 05:41:47,,,2.2.7
3049eecb-c4aa-425e-bc10-f9539754db77,Husnullah unung,https://play-lh.googleusercontent.com/a/ACg8ocJcTPuDiSv_Fa7w6E4GkJZmEEUN1AwzJP6mzwygPji5hY48vA=mo,ok mantap,5,0,2.2.7,2026-07-05 04:46:17,,,2.2.7
e22b9d92-b2dd-4880-86cf-a6843a790c8f,afan taufik11,https://play-lh.googleusercontent.com/a/ACg8ocL5zLmjbYaK5w1sxPKgvlxP8Dsc5Vpg94NQRl24ERj3IQRsnh8=mo,mantap,5,0,2.2.7,2026-07-05 04:23:50,,,2.2.7
69e27afc-e5b1-4322-bcca-bf0afc59decd,Dedixx Ganteng,https://play-lh.googleusercontent.com/a/ACg8ocJUwlv6-JmUEE3lLE1wJkDnVW1axNlxiPQtUfivGdQzwWNJ1A=mo,baik,5,0,2.2.7,2026-07-05 04:13:52,,,2.2.7
c2bb4854-294b-470e-9518-66b0dc4b48d8,Winer Velicity Zega,https://play-lh.googleusercontent.com/a/ACg8ocLf90367WFE6qYZS6V-9Lqk58qyFmJO7dlSs9cs5aC2dEfThA=mo,good,5,0,2.2.7,2026-07-05 04:13:10,,,2.2.7
53862b77-d98e-440c-8ae4-a0941ae24169,Dika Afri,https://play-lh.googleusercontent.com/a/ACg8ocJtB7Pk629H1bYVyt34UXyiDfzRhY4q1wXU0-SRXiAyPcv0Qw=mo,baguss,5,0,2.2.7,2026-07-05 03:35:57,,,2.2.7
efe2f629-8958-438b-bbb3-878d31645365,Oktovianus Hale,https://play-lh.googleusercontent.com/a/ACg8ocLLyOwQl94AZSB6zHWTMgFag2ciO53dfhmHwWzneaATk-tBYw=mo,muda dan cepat aplikasinya,5,0,2.2.7,2026-07-05 03:12:56,,,2.2.7
80d2f642-10b7-4fb2-96f8-bf90071fcc5e,Arul Amri,https://play-lh.googleusercontent.com/a/ACg8ocK7J_nRQ1lm7reZFwptdGUSG94847Zru1NH4BNSIY9vxLGMSw=mo,good,5,0,2.2.7,2026-07-05 02:38:25,,,2.2.7
8a4642bd-9bba-42dc-ab3f-9546669b363a,Siti Hajar,https://play-lh.googleusercontent.com/a/ACg8ocLfzxBIEdK-TEz_ALDRkJmvKM3vJ56D6F5RrMkNOSJ1_83Mgg=mo,Alhamdulillah lebih mudah dalam proses pengurusan berkas,5,0,2.2.7,2026-07-05 02:20:34,,,2.2.7
e6fcb5bf-aa74-441c-bfa0-a3d72cafeb65,Panji A Pratama,https://play-lh.googleusercontent.com/a-/ALV-UjUO7vxHbqFyoYCUdKAPKlkzY3bRahEIURpzNJrXZuEozUHpzDCT,kemarin2 ketika diminta verifikasi data selalu gagal padahal sdah mengikuti arahan dari aplikasi tpi sekarang sdah bisa dan lebih mudah verifikasinya sangat membantu 👍,5,0,2.2.7,2026-07-05 01:40:24,,,2.2.7
71e9a8c2-a349-4a5e-a457-ec964b4ea338,Muhamad Fadil,https://play-lh.googleusercontent.com/a-/ALV-UjVQ5_SjnmjWuKNMC393WLXWWXrTH7ih88A6sdT-6p_GPyJ2PpEo,"aplikasi aneh, semua kolom field pengisian SKCK udah di isi semua tapi pas konfirmasi ada notifikasi file masih kosong dan harus di isi kan gajelas bikin SKCK online seharusnya lebih mudah malah makin ribet....",5,0,2.2.7,2026-07-05 01:15:55,,,2.2.7
54c86b4e-4ed1-4181-9819-832227a7f79b,Moh Syach,https://play-lh.googleusercontent.com/a-/ALV-UjW6SWvmoApkHFBKxaK8shBSgI5-A4dvi5SseZsNkdV7LE7P4_M,untuk saat ini ok,5,0,2.2.7,2026-07-05 00:03:32,,,2.2.7
788feac4-f7b1-4391-bef2-4c18a7082050,Boyan M,https://play-lh.googleusercontent.com/a-/ALV-UjUC8vD2LuxN-H2ICLXhTIK4reB4hGm7RDcRYiMpjoAOV1R489kd,bagus,5,0,2.2.7,2026-07-04 23:45:26,,,2.2.7
e9c34cf5-0044-4f4a-9f50-8df0be3007f2,DODI IKHSAN,https://play-lh.googleusercontent.com/a-/ALV-UjXxgNakortUivy8XQq4fn_Hb-oNR9O41HAQ4JostBH4BjiM8-82,sangat membantu sekali,5,0,2.2.7,2026-07-04 16:15:01,,,2.2.7
c556db58-1ed9-414a-81aa-1111dee45191,Yuli Yustari,https://play-lh.googleusercontent.com/a/ACg8ocL7lf8WT-NK7atsL7bUKwgJmbWdRHofHQ0zTNbY9wFpJRWBJA=mo,mantap,5,0,2.2.7,2026-07-04 13:15:30,,,2.2.7
e80ab6ce-0c57-42d7-b2ca-de2c8d5796ab,Rifal Renaldy,https://play-lh.googleusercontent.com/a/ACg8ocJSYk41X9Bq_4UVZu-SwVYfhe4DRe0t5q8h9GL5PJe1sR6P0g=mo,aplikasi gajelas ngajuin SKCK udah bayar prosesnya lama banget,1,0,2.2.7,2026-07-04 13:08:44,,,2.2.7
2723a865-6617-4349-8975-d6be263a5a51,Irna Ina,https://play-lh.googleusercontent.com/a/ACg8ocI6USwVzysvQC33D_I38NMdumk9utbkXMhGiWk-ypx8A1SWvw=mo,sangat bermanfaat,5,0,2.2.7,2026-07-04 12:44:42,,,2.2.7
df4702bc-2680-4230-9ed3-c0aceeed139f,Iwan Hermawan,https://play-lh.googleusercontent.com/a/ACg8ocKUMAgl_L6kRPkq4tMLJT0C4N-t_q0qj0P_LuNMLPBv_b3FvA=mo,mantap,5,0,2.2.7,2026-07-04 12:06:37,,,2.2.7
cb1dfe76-ec89-4193-9357-e6cb5a771cde,Alone is happy,https://play-lh.googleusercontent.com/a-/ALV-UjXBxYWc147CVbpQ8UUB3FohknBat4IUhZxu_iiZEg9MegSM6kg,"pengen bikin SKCK online tapi untuk tempat pengambilan untuk yang di bogor gak ada... rata² kebanyakan jakarta, bekasi, depok, tanggerang, depok, Sumatra.. yang pojok² daerah ada tapi kota yang dekat dengan ibu kota (seperti kota bogor) gak ada satupun tempat pengambilannya, aneh.",3,0,2.2.7,2026-07-04 11:10:15,,,2.2.7
7d735c00-5234-49ca-b7d1-6406c5c9e7a3,zulfatunnisa kamaliah,https://play-lh.googleusercontent.com/a-/ALV-UjXc4zeHY4jBSacScxCpqjqNvqdQcb20AdE0-xdrTpLvmttIMXkZ,aplikasi jelek tidak bisa dibuka mau perpanjang skck aja jadi susah gimana si,1,0,2.2.7,2026-07-04 10:47:10,,,2.2.7
63d45151-8365-48c2-a753-da0f4f88015d,Sahil Rizki,https://play-lh.googleusercontent.com/a/ACg8ocK4MfOZt64_qgGwHSu_bJmHPHkBdUldRvG3S3qXjaoLrGDm_A=mo,baik,5,0,2.2.7,2026-07-04 09:47:59,,,2.2.7
fa292a0e-403f-4778-83f9-6a4972bf4713,Sam Rachky,https://play-lh.googleusercontent.com/a-/ALV-UjXBLU4YvJCWJ7IQDiCjEs5qelkNRYxeLqj6BPJ0FnsBh8R6pRSv,exelent,5,0,2.2.7,2026-07-04 09:21:18,,,2.2.7
88458429-56d0-46c0-a88f-93a4a456585f,Yudistira Prabowo,https://play-lh.googleusercontent.com/a-/ALV-UjU0nCtLqZBZgQYkhgdlEyb0-EwuwGHuOYJIR10SmyrIK5aGju0I,mantap aplikasi nyaa sangat membantu.. semoga pada saat pengambilan tidak terjadi kendala..,5,1,2.2.7,2026-07-04 08:18:20,,,2.2.7
962eb880-2718-4319-841e-be3a96668fcf,Maulanadhani 527,https://play-lh.googleusercontent.com/a/ACg8ocLbFF0rRvn6AoKlDpyAL4lc3qDlIpZ0bl9sG5SUMTxmA_bT8Q=mo,"di perbaiki dong bagian scan wajah nya, nyusahin bener",5,0,2.2.7,2026-07-04 07:37:57,,,2.2.7
9b9e946b-af14-4c4d-8b59-112f3c79671a,Abid Leksono,https://play-lh.googleusercontent.com/a/ACg8ocIzJOmKLwNOU7uWhx76TqPrHYKuaMPdEr4jKrgLc0BMM0r7RA=mo,mempermudah bikin SKCK dan bagus,5,0,2.2.7,2026-07-04 07:28:39,,,2.2.7
0f54ff8f-c3f8-4967-bd64-4e0396892f61,Samsung,https://play-lh.googleusercontent.com/a/ACg8ocKP-5y21S9sr1aMtbnjWNjDiRBzLnnPEGnrJuSkLM0TpX_nEg=mo,good,5,0,2.2.7,2026-07-04 06:59:24,,,2.2.7
d39ef3bc-afbf-44ec-9276-6ab03bbf5df4,Fendi Prasetiawan,https://play-lh.googleusercontent.com/a-/ALV-UjXVHa4cm8daUGsTS1EJd4EfIIsGihLlmyyEH3GsAYy9y6KQ0Bww5Q,mantap,5,0,2.2.7,2026-07-04 06:10:41,,,2.2.7
09890a1f-f365-4dd0-b939-f0ab9b0e2287,Ikhwan Hdr,https://play-lh.googleusercontent.com/a/ACg8ocIfl88-1W0mAHPlUSlgXEV8O2jl8_bSE62g7PAU9znlvZ8Stw=mo,"TOLONG APLIKASINYA DI BENAHI, TIDAK BISA LOGIN DENGAN NIK MAUPUN EMAIL, SAYA MAU PERPANJANG SKCK JADI SULIT",1,0,2.2.7,2026-07-04 06:01:08,,,2.2.7
7ff8ec89-6bc8-496a-8e49-62c9fd806f91,Jonatan Bahgi,https://play-lh.googleusercontent.com/a/ACg8ocJqDq2rbH41KB2BUgK7nFntCOpFW96Q7f5MwqDpWVfz_WHELA=mo,sangat bagus,5,0,2.2.7,2026-07-04 05:09:19,,,2.2.7
4e81be6c-2eba-4cf2-a1f3-c6ca3dd711da,bagas susanto,https://play-lh.googleusercontent.com/a-/ALV-UjW5ySapfX-6FYSLeFoBNHZXUB124bAuHCA4tmcPnpSkCOZMZtDe,ok cepat...sang untuk bikin surat kesehatan ga bisa,5,0,2.2.7,2026-07-04 05:05:38,,,2.2.7
743d25f1-40bd-4ee3-ab9a-62196bf05b3d,Eko Prasetiyo,https://play-lh.googleusercontent.com/a/ACg8ocK2-UGalTfFAIdkTd6S_OXVK059o-SSQSO3s9dsmcdd62UG4g=mo,"sangat memudahkan masyarakat untuk membuat data seperti skck dll, mantap, pertahankan dan tingkatkan",5,0,2.2.7,2026-07-04 05:00:26,,,2.2.7
3d4adb84-fcf2-444f-bf89-b08900dd2ba0,Ulya Faudiyah,https://play-lh.googleusercontent.com/a-/ALV-UjW4Pg_q4tdNi3-f2EN089bJMopSrMU5e3lsIxBZX3-_rkLmH2M,bagus cuma bagian verifikasi lihat kanan kiri itu gimana sih? sampek pegel pegang HP😭,4,0,2.2.7,2026-07-04 04:42:37,,,2.2.7
0cf812ea-e7ed-41e9-892c-98aa438465fe,Ari Inrada kambuno,https://play-lh.googleusercontent.com/a/ACg8ocKJCvEXYUhS3gIqj2rhNfW4ujkwFghpMKtlx7_93h5H238VpQ=mo,"sangat puas, karena bisa lebih cepat untuk Pengisiannya, dan mudah",5,0,2.2.7,2026-07-04 04:37:03,,,2.2.7
e4e1aa40-78db-4404-a67e-076ebe1a15c8,Sadam Husen,https://play-lh.googleusercontent.com/a-/ALV-UjW2e65mjzMO4P_13zOirapZo_Ph7rERJrHrfded_-4cK98V5_5f,good,5,0,2.2.7,2026-07-04 04:32:21,,,2.2.7
2a61b05d-aef0-459a-8177-450d85f03650,Diki Diki,https://play-lh.googleusercontent.com/a/ACg8ocIwQGpaxutFUYUx-d9IuvEYrV2DR1VhewP6Q9vOU2gI6oNztg=mo,sulit,5,0,2.2.7,2026-07-04 04:20:53,,,2.2.7
9b705dd5-d981-4251-b3e7-1c39f4d25d81,Des Store,https://play-lh.googleusercontent.com/a-/ALV-UjVKJQygj_-SZayKa8dmtnl9xiNhoyBinDIyAOfDDyodZlhNZzw,sangat berguna untuk keperluan,5,0,2.2.7,2026-07-04 04:03:05,,,2.2.7
fd42b5ab-2819-462d-bf6a-b9ca28e2f9d6,Guppleh Smpur,https://play-lh.googleusercontent.com/a-/ALV-UjUzuyheiVrkAGY0GJrigJtX0p6HBzm-mDTepXjSrpNLAv-slq-R,mantap..,5,0,2.2.7,2026-07-04 03:54:11,,,2.2.7
b0656d07-2c38-41c3-932a-f4291d6af89d,Zekri Adi,https://play-lh.googleusercontent.com/a/ACg8ocJ0a8Pq2qE3kLub_MpbPTQRgX-EibnZtSnVZNGSNUoM9jcDPQ=mo,sangat membantu,5,0,2.2.7,2026-07-04 03:32:00,,,2.2.7
d39c4ec7-e7d7-4c6a-aa3c-111622d7b204,Zein Za,https://play-lh.googleusercontent.com/a/ACg8ocKmeTrJAtGRF35-zbm8P4tWb--50raUO05AgkooAz85z1jvnQ=mo,ok,4,0,2.2.7,2026-07-04 03:10:43,,,2.2.7
214569b4-6f88-400a-872b-3129be109a04,Khiel Jr,https://play-lh.googleusercontent.com/a-/ALV-UjV2AG8oKXyNcWIhuPcOAf9-3DvGOsI4aD-OhX2CQ7D0RUnQqcmLvg,sangat membantu...saran..kalo bisa untuk pengambilan di tambah untuk BISI di plsek terdekat komandan...,5,0,2.2.7,2026-07-04 02:52:03,,,2.2.7
d8a200ec-297d-4599-9016-babd7e5b96da,Mariska Anggu,https://play-lh.googleusercontent.com/a-/ALV-UjVm6v94rS98XlN-lH4KiDM8WsLC5d9-Zqba5uh6gVI07sKmjBFz,terimakasih... sangat membantu,5,0,2.2.7,2026-07-04 02:25:07,,,2.2.7
4f3e38eb-b6ef-4f54-b333-093e9dcf7be9,farhananggara Anggara,https://play-lh.googleusercontent.com/a/ACg8ocJKsLqBCTi1R0AKMF2FbRBTt8-uCfde2rj2sJzsz_f8UNX3zQ=mo,proses gampang,5,0,2.2.7,2026-07-04 02:07:54,,,2.2.7
70cc4da0-e58a-40b5-9787-2a16e75e0641,Karbinianus Doyo,https://play-lh.googleusercontent.com/a/ACg8ocJ5VNzCWU2KdSiv5xA_pCJpRvQq4JdVGatyMhBTELSYJJQXuA=mo,bagus,5,0,2.2.7,2026-07-04 01:53:38,,,2.2.7
dd16aca1-c9bd-48b6-9fab-f2de8aa3d9a9,Fahri Maulana,https://play-lh.googleusercontent.com/a/ACg8ocJo8L9wzwn7ULAhuaLZE1H4PweF8IXDu30rgGSYhI3BQy2llQ=mo,"saya melakukan pembayaran skck dan pembayaran berhasil dan uang sudah terkirim namun proses pembuatan pending dan malah expired sudah hubungi helpdesk namun responnya tidak membantu sama sekali dan membuat saya merasa rugi, tolong diperbaiki sistem nya dan mungkin uang saya yang di terima bisa dibalikin ataupun dilanjutkan untuk membuat skck secara terpisah melewati email atau saya dapat mengunjungi langsung",1,1,2.2.7,2026-07-04 00:46:26,,,2.2.7
4d3d0792-7a4e-4c21-bae0-75cd815a9b52,Delon Gene,https://play-lh.googleusercontent.com/a-/ALV-UjXFl4w5U-M0f7sWTjmzX3EU3PmIs3ra5WXGrFNd4n7ojmiGlTY,sangat bagus,5,0,2.2.7,2026-07-04 00:33:51,,,2.2.7
8c4671f5-0f19-4799-8343-6c21f617700c,Silvia Andaresta,https://play-lh.googleusercontent.com/a/ACg8ocKGIfDl3umFOIW-kKPTky0cGbGJEkncp4jRZ5AyACi61-TO7oM=mo,Mudah sekali pembuatan SKCK ✔🌟💌👍🤙,5,0,2.2.7,2026-07-04 00:31:14,,,2.2.7
dec9dd06-7f8e-4d73-96fb-3bc4fdd43ff9,Nino User,https://play-lh.googleusercontent.com/a/ACg8ocLDHdqCA4r-Txveb__JYgsOn_nhB_cTbY2E7S57h9ZnqoUD1w=mo,sngt membntu,5,0,2.2.7,2026-07-03 23:11:41,,,2.2.7
8a795944-c3a4-419f-b5eb-9a38863d3048,Satir Sarkas,https://play-lh.googleusercontent.com/a/ACg8ocJVUBFgjSA36CGy4jmDokXWJFybUE4xoPfpb5GITc3tInxG0A=mo,"aplikasi dongo, scan foto susah banget, isi pertanyaan juga gabisa bisa padahal udh bener",1,0,2.2.7,2026-07-03 17:24:02,,,2.2.7
adb2a204-07de-47fe-9e21-8b111a84b341,Eni Een,https://play-lh.googleusercontent.com/a/ACg8ocIZprrnhNNkZHRYhCHx6pdIo_6FFxeGcAxM3pN2yXuUuYzS4g=mo,oke,5,0,2.2.7,2026-07-03 15:58:47,,,2.2.7
914976da-6ace-4c0f-82e8-2abb4451e202,Agam Budi laksono,https://play-lh.googleusercontent.com/a/ACg8ocJBl-uDeoSCMMdeEfZ3vu9tCCRUB96zzsDXc4AQWeTIB2IlLQ=mo,",👍👍",5,0,2.2.7,2026-07-03 15:34:33,,,2.2.7
904008f5-a76e-42b9-9fd0-2d7c7e59aa6e,Novan Ardisona,https://play-lh.googleusercontent.com/a-/ALV-UjX0GMJFd12GL1OTELA1hgW3N1pqnb7o8XGi_Rdvnc8DAVZPdUI,"aplikasi sudah bagus,hanya saja saya sedikit kecewa,kenapa SIM C saya tidak dapat di deteksi untuk lisensinya jdi tidak bisa diperpanjang secara online.",3,0,2.2.7,2026-07-03 13:31:11,,,2.2.7
a031247b-af8a-49bf-a4eb-a8c13eccf21c,azka karinding,https://play-lh.googleusercontent.com/a-/ALV-UjWSikhLamjp0Y87NkrVfHsKDlbsEFhj1W0Cswe-7jvYNDgpksY,mumudahkan dan membantu dalam pembuatan surat surat,5,0,2.2.7,2026-07-03 13:23:02,,,2.2.7
088e90fd-835b-4598-9f1e-d2b7f5307ca5,Kamiran,https://play-lh.googleusercontent.com/a/ACg8ocIHAIEdaNePe9IofO1u1qNtC7g-dPUlh9OiuZc9nqvw0XPXYg=mo,ingin mendaftar kerja,5,0,2.2.7,2026-07-03 13:11:17,,,2.2.7
bc0c7406-b9ce-493a-8092-830c76c543ea,Ilham winki Winki,https://play-lh.googleusercontent.com/a/ACg8ocJIB393tRQW3J6_cfYp-Ih-vF22NdgelqZdxuasLSslbTi-vQ=mo,jos,4,0,2.2.7,2026-07-03 13:05:22,,,2.2.7
871eb16a-908d-4cbb-b69d-b78cacff77a0,david bonavid,https://play-lh.googleusercontent.com/a-/ALV-UjUGolW18b8gvzKMj0SZ-icGCB3Hm9At6fPmqRMqdMKVp4wLYqI,suipp,5,0,2.2.7,2026-07-03 12:54:51,,,2.2.7
9352fd1b-51a3-45da-b154-330858dbbb41,Ahmad Sudirman,https://play-lh.googleusercontent.com/a/ACg8ocKt3VrJ9k0lPwH5pvx0aivYRmVBHVRO8xJ479o4Z8OEvSYnuA=mo,masa gak bisa ke ditek ngeliat ke kiri ke kanan nya,2,0,2.2.7,2026-07-03 12:25:26,,,2.2.7
8022bb8f-c84d-47fe-9af8-91b96c3bb235,Dati sulastri,https://play-lh.googleusercontent.com/a/ACg8ocIqHu2ALd1Pvw5qGpzE4FEfpt0XFEp6RcR1XmevgwMipLBWJA=mo,proses cepat,5,0,2.2.7,2026-07-03 12:22:11,,,2.2.7
cde3a083-2ccd-4559-bf98-427f285bf239,Lutfi Afriansyah,https://play-lh.googleusercontent.com/a/ACg8ocKjt06aqx8lTvjxrZSthwhwyGjSs621nHeQHpTxnb4VE_rpYA=mo,membantu,5,0,2.2.7,2026-07-03 12:05:49,,,2.2.7
843dd663-9551-4b5f-a2b5-cf0abc29c204,Ibraa IB,https://play-lh.googleusercontent.com/a/ACg8ocJ5OEJbjWZf-gFp27fbn3MCkbQaEokdVwDUppRtkqH-4ssgfg=mo,Aplikasi Super App Polri ini benar-benar mengecewakan. Dari segi performa dan fitur jauh di bawah harapan untuk sebuah super app resmi.,1,0,2.2.7,2026-07-03 12:01:26,,,2.2.7
a108d5dc-ba68-4d67-93a6-d991faa9ef0d,Efi Susanti,https://play-lh.googleusercontent.com/a/ACg8ocJm7M1gEudZYo3KszEw58knJdPmHdEKQQkcEYWfpVqsOWnViQ=mo,sangat mudah untuk mengurus skck,5,0,2.2.7,2026-07-03 11:45:44,,,2.2.7
7dc92e5c-5e47-4372-b836-05e128336d8b,Heri Sudrajat,https://play-lh.googleusercontent.com/a/ACg8ocJBtfwhSFDtbMwfDe43SpTAtsgP8Nj6rTu11SmexZJnuxD9FA=mo,APLIKASI POLRI EMANG BERMANFAAT DAN MUDAH DIPAKAI.,5,0,2.2.7,2026-07-03 11:29:58,,,2.2.7
7d507b35-892a-4047-863c-64432b40de6a,Yohalim Sukamto,https://play-lh.googleusercontent.com/a-/ALV-UjWTadFg8tjXY9J1faYvd_wyZNXTYRAdtaAqmyE2UtJmH3o0f3E,"Mau perpanjang SIM tidak bisa, ketika tambah SIM selalu muncul tulisan SIM tidak aktif, padahal SIM saya 15-07-2026",1,1,2.2.7,2026-07-03 10:54:20,,,2.2.7
e82b21ba-df87-44ef-bb31-5d33ef96ff8b,Supandi,https://play-lh.googleusercontent.com/a-/ALV-UjVi3Rc8DEo93UEqo-eQY0NDqNMcqWrq6KmPkcKxxdsQ1ERjdowr,banyak ngk support lokasi cetak polsek,1,0,2.2.7,2026-07-03 10:49:43,,,2.2.7
788f551c-5585-4168-9052-a96de591fd61,rosi kurnia,https://play-lh.googleusercontent.com/a-/ALV-UjXEE-YZI2C0xYr4F4gbe9zhxTLyLxpsLUiO8DLQ6cc1pJ_3DNUz,baik,5,0,2.2.7,2026-07-03 10:43:21,,,2.2.7
2eb84b31-2526-49ec-872b-3e4471785b0c,Awal Pemula,https://play-lh.googleusercontent.com/a-/ALV-UjUa3ztOQYh-4aAdsXx4SPMQmKlX1JSlg47JhRYjzafdjNsguKJY,sudah daftar cuman g bisa ganti foto profil,5,0,2.2.7,2026-07-03 10:40:51,,,2.2.7
33a7f87e-9391-49fc-ad0a-b2e36af1e616,Andri Prianto,https://play-lh.googleusercontent.com/a-/ALV-UjX3lUTk49x7gcDNnpw3oTUwifGKROpSxZaTvhddJcTUI4h9s8ZH,saya buat laporan tidak di konfirmasi terus ya,2,0,2.2.7,2026-07-03 10:34:23,,,2.2.7
3f6e4ef5-2d8c-4ed7-b6b8-79493c7e3fe4,zuman Pirmansyah,https://play-lh.googleusercontent.com/a-/ALV-UjVK6l3mV6X5-sG7Lv-H9Zi2CdxopCjZhJid6Ec-JQy4iaJYPfQ,sangat memuaskaan,5,0,2.2.7,2026-07-03 10:14:28,,,2.2.7
c1f070af-af1c-4997-b635-475768687926,hendra dado,https://play-lh.googleusercontent.com/a-/ALV-UjUO0NSeOfTEWbo9rBPZkt-H3CwxukZ-Sc5T-ODIfIdmQ55gNaWu,Mudah digunakan,5,0,2.2.7,2026-07-03 09:52:08,,,2.2.7
2062e7cf-b67b-4c0c-a7f9-d2500f94fcc8,Soni Setiawan,https://play-lh.googleusercontent.com/a/ACg8ocLzUEHLf7i58UkxDKnoXaCd_it1IcOB2Q4qQPR6N0RL1vlLBlw=mo,mantap,5,0,2.2.7,2026-07-03 09:20:54,,,2.2.7
2a77ff14-2d86-413b-bf02-7daf53617391,Bocah Ingusan,https://play-lh.googleusercontent.com/a-/ALV-UjWFn9YrD0i_gC0rzFqV2rlzQRrN7suST0iaTu5ywHO9BBQeTe_w,"KEKURANGANNYA CUMA SATU! (GA BISA GANTI NOMOR HP), KALAU NOMOR HP YANG TERDAFTAR HILANG TAMATLAH SUDAH, MAU MEMPERPANJANG SKCK GA BISA, MAU NGURUS ADMINISTRASI GA BISA KARENA DIMINTA VERIFIKASI NOMOR HP, MOHON UNTUK ADMIN SUPER APP POLRI UPDATE APLIKASI INI AGAR BISA MENGGANTI NOMOR HP! SAYA MUAK MEMPERPANJANG SKCK HARUS MANUAL TERUS BAYAR 50RB ITU JUGA PELAYANANNYA BURUK! SAYA SUDAH MEMBAYAR PAJAK DEMI MENGGAJIH POLISI TPI KENAPA HASILNYA SEPERTI INI! BUKAN MALAH MENGAYOMI TPI MENYUSAHKAN",5,0,2.2.7,2026-07-03 08:48:35,,,2.2.7
89dac43a-937c-4c29-80ca-14ecf915eafd,ilo aprillo,https://play-lh.googleusercontent.com/a-/ALV-UjVBuqLa-jdo6HWoQo5PatveaTXi16cxNnsNreTUamOi8TobrvI,sangat membantu sekali...,5,0,2.2.7,2026-07-03 08:32:58,,,2.2.7
f0a83d42-eb6e-427e-a2c6-f00c7efb3eaf,Ervina Riri,https://play-lh.googleusercontent.com/a/ACg8ocKVAx8ASSvhzlXLSTxegS9TozmJPPiV4IypNrnueJHcEqON0w=mo,ok,4,0,2.2.7,2026-07-03 08:28:09,,,2.2.7
b753364e-a487-4c4d-b69d-5f3d44ecdb2a,Ahmad Fr,https://play-lh.googleusercontent.com/a/ACg8ocK5nCIRk8sJUKMS3OghOof-KJ5NCk4NMxpWU0HM-b1LvKBqbw=mo,cuma support bri.,4,0,2.2.7,2026-07-03 07:29:10,,,2.2.7
c9a210af-2b07-4714-80df-8f63f69a2834,Agus Triono,https://play-lh.googleusercontent.com/a/ACg8ocIZHDG4JDrct_NkXx7Xopjz69jbHjhFGAmKfNyrKkgqv2xdVw=mo,"respon lambat, sistem jauh dari harapan",5,0,2.2.7,2026-07-03 07:21:18,,,2.2.7
c97e8616-9a04-44f0-8e76-904362f7d964,Edi Wahyono,https://play-lh.googleusercontent.com/a-/ALV-UjUbXvgitzuXcyF2x543sUzhq-7qV5niWnv-xeeBPW55Uj9B1vg,sangat membantu,4,0,2.2.7,2026-07-03 06:57:48,,,2.2.7
7860e172-9f2d-45e9-90a4-df824f4fefdf,Natalia Tahulending,https://play-lh.googleusercontent.com/a/ACg8ocIe52gc6ayTY9LMeD_8cTFv21wgeqW_vgdOE6aULTy6IRR3cw=mo,sangat membantu,5,0,2.2.7,2026-07-03 06:37:53,,,2.2.7
17cea726-6527-41db-80bb-cfd4f9e103de,nunung nurhayati,https://play-lh.googleusercontent.com/a/ACg8ocKGqX3rv1SveRSHULKIrci_BymzFBXHkadVP1BtLW0DkqS40g=mo,baik,5,0,2.2.7,2026-07-03 06:25:48,,,2.2.7
6a5834f0-de17-4aa0-bf62-18d436733f66,Priyo Trisaputro,https://play-lh.googleusercontent.com/a-/ALV-UjUu1wft1BxTIrNumkYINucCH8wQC1CyNHeWEdyIMO85yQzk7-Q,memudahkan untuk melakukan pembuatan dokumen tanpa harus menyita banyak waktu 😊,5,0,2.2.7,2026-07-03 05:59:59,,,2.2.7
1478d6ea-44b2-4975-a318-1c618febed2b,Susiyati Madya,https://play-lh.googleusercontent.com/a/ACg8ocLW-1Gyjjy-my50EZno8sYOnHIZ2XW5qOh6kJTdSHCABJuVDg=mo,sangat mudah di pahami dan di laksanakan urutan pembuatan skck,5,0,2.2.7,2026-07-03 05:41:49,,,2.2.7
26663d21-0bdf-41dd-8661-3ccdee4aa3b6,Irarikil 123,https://play-lh.googleusercontent.com/a/ACg8ocJcYjh_tpmyhccCN8q5NXVg7FR7QEbAd3HGyNqCYJICz5c6HQ=mo,pelayanan cepat dan ramah,5,0,2.2.7,2026-07-03 05:36:11,,,2.2.7
b6bebcff-74f0-4293-91b0-246da4e9099b,Hasan Atmaja,https://play-lh.googleusercontent.com/a/ACg8ocLzDdxyNU0WT77K2HsDPqG6DnHSqM88Sp30W7IvnX1JEbe-Gw=mo,petugas lapangan lalai saat pencetakan SKCK tidak di cek ulang dan harus bikin 2 kali DAN BAYAR 2 KALI !!!,1,0,2.2.7,2026-07-03 05:06:28,,,2.2.7
7172d7f8-82aa-453b-9531-cfbc883a38a6,Lolita Magdalena,https://play-lh.googleusercontent.com/a-/ALV-UjUQ-ggBQnx6EVml0j4Pyw2bgLO2f5LUldLlp9bh8Db3GL1GtPM8,"mudah di akses, cepat dan tidak ribet",5,0,2.2.7,2026-07-03 05:01:36,,,2.2.7
be49cd1a-de82-4dd6-a18b-edfe575d14b7,loro uteg,https://play-lh.googleusercontent.com/a-/ALV-UjUqk7CoOAHJLmV2z5C4_S3m0UCLmLEngxEbR2Jv56QwFAWLa7Ro,"bagi saya sih lebih ke arah GAK BERGUNA,,bikin SKCK aja jauhnya kebangetan,jarak terdekat dari tempatku harus ke POLDA dimana itu jaraknya jauuuh banget sekitar 2 jam lebih perjalanan,enak dulu bisa di polsek tinggal bawa syarat,bayar,kelar",5,0,2.2.7,2026-07-03 04:50:12,,,2.2.7
0f6ab5c3-3062-4aa2-87e5-9ee0fa72e515,Ketut Ari,https://play-lh.googleusercontent.com/a/ACg8ocLkra_Xc1xIylsfCXDAIozcW2P5p5ooHPFyWt4UqbPQ1YWGaA=mo,sangat bagus dan mudah,5,0,2.2.7,2026-07-03 04:40:22,,,2.2.7
56c31880-6d39-4826-a270-034e3b974297,Irwanto Bedengung,https://play-lh.googleusercontent.com/a-/ALV-UjVRKd7TfIAi42TU5DTNbj1C02CytNEbWG38OlTst546OiCtCouv,baik,5,0,2.2.7,2026-07-03 04:32:27,,,2.2.7
6763c445-3ea6-479f-b11d-867df8f64166,Korpri Yanto,https://play-lh.googleusercontent.com/a/ACg8ocJIVNJi9sKiWtWGWm8nIpxvDN3ldZfTYC9SaogTFPhy_MQsSA=mo,tidak ngantri dan lebih cepat,5,0,2.2.7,2026-07-03 03:43:13,,,2.2.7
9f47043f-2817-4335-a69c-79106e7a0be2,Muhammad iqbal Firdaus,https://play-lh.googleusercontent.com/a/ACg8ocIfC9MspaeUqmvLm6Rrclqmm0LrvQ9-hauy_MTr44i7tStKjw=mo,"pembayaran cash aja pak , ribet pakai ATM.",5,0,2.2.7,2026-07-03 03:09:56,,,2.2.7
3a202676-61e2-4707-84a1-e31b86ab5fd1,Jitro Wonley,https://play-lh.googleusercontent.com/a-/ALV-UjXUxQ4lZeMuvpLlFrJvE14IEkFh_JzAUri2smbTbvMq-g-n9xo,sangat bermanfaat,4,0,2.2.7,2026-07-03 03:02:26,,,2.2.7
04f72ba0-652d-40ad-bf5e-9b54201e174f,Sigit Vengeance,https://play-lh.googleusercontent.com/a-/ALV-UjVR3t3oYOjj4j69_-FwOv8lkjQ28-CfXK4vn1j7aBK7F6WjU4k,good job,5,0,2.2.7,2026-07-03 02:56:34,,,2.2.7
a72bc910-489b-4b81-8008-66e60a1d9431,BULDAN SAORI,https://play-lh.googleusercontent.com/a-/ALV-UjXEz_ezhadYkoec0XF2OtBtQSNgmiKxjpZajHAf8XHt41wXLk1E,kaga bisa masuk jiirrr erooor,3,0,2.2.7,2026-07-03 02:49:27,,,2.2.7
44731af9-add4-4e14-b9c0-72eaddece0ff,Harmono 77,https://play-lh.googleusercontent.com/a-/ALV-UjU5RIKpvSbyg0iQbPNCuH8Dg3m3esJcmCVBrrwzhRvIBlJPbVSDwQ,mantap,5,0,2.2.7,2026-07-03 02:38:22,,,2.2.7
d0899a24-a640-4cc5-b370-df2eea6a0ec5,erik ey,https://play-lh.googleusercontent.com/a-/ALV-UjXxoYr3qlH9O7QuhHgenaw94b-hk6Eu5dO3uOg_gRFto_AaYFQ,baik,5,0,2.2.7,2026-07-03 02:38:00,,,2.2.7
8975775f-7651-46de-a245-4602b23baa9d,DPAC FKDT CISEWU,https://play-lh.googleusercontent.com/a-/ALV-UjVwDT4wT1-u9hCtPEskugQAy20Hb-ttaRZ2JvYJzRa0Oor7HaM,matap,5,0,2.2.7,2026-07-03 02:37:50,,,2.2.7
e6667889-cf60-4fd9-8632-b0bafb8d3506,dedi1806,https://play-lh.googleusercontent.com/a/ACg8ocK6goDDyMNjLCAVzn8DmKd-7T3WKb170Gs9IiOy78rJ4dGDRQ=mo,matap,5,0,2.2.7,2026-07-03 02:31:05,,,2.2.7
ce8827cb-f2a9-4008-a526-3fe62df91dd6,Dominggas Sefa74,https://play-lh.googleusercontent.com/a/ACg8ocI3C7oIr-6MesoEmFdZ4rgUlRj-HD6JJci8Z2SGYXJGYrmqLQ=mo,Sangat mudah dalam pembuatan SKCK,5,0,2.2.7,2026-07-03 02:29:52,,,2.2.7
4e2e3201-7466-4ba3-848b-b01ebfd5a768,dwi cahya,https://play-lh.googleusercontent.com/a/ACg8ocL9OIWqC93cazO2N1CGbgbdrxsc6JUR2vnLnGnhz3if4mXGOA=mo,"pelayanan nya baik,sopan dan gak ribet",5,0,2.2.7,2026-07-03 02:02:46,,,2.2.7
3a67297c-4327-44c5-b022-10c2ff4bb082,Vijay lana,https://play-lh.googleusercontent.com/a/ACg8ocI1ALdZ3WoWjtQQ8mwW7HKOqzJC0_X1BTDAyghNq78SC2xGmA=mo,mudah dan cepat,5,0,2.2.7,2026-07-03 01:46:27,,,2.2.7
37bec4b3-1c23-4a8c-8ffa-70bf8fdaf8e2,Setiaa Setiaaa,https://play-lh.googleusercontent.com/a/ACg8ocK_jIT9KeMKhhdS9UGpmPhYVGxDW-XBXY07Nwk_yNoyYbiL9w=mo,josjisss satset,5,0,2.2.7,2026-07-03 01:29:06,,,2.2.7
a9491ad4-82f5-4c19-8c72-619dfed476c3,Rafa Syah,https://play-lh.googleusercontent.com/a/ACg8ocJZjkjjyO4UueevNJZaXhsaaPW7RrEmyCOKigwFxG286PmPVA=mo,bagus sangat membantu,5,0,2.2.7,2026-07-03 01:19:35,,,2.2.7
e51d8462-2aab-446b-aeee-4465c2216b26,Rival Dianto,https://play-lh.googleusercontent.com/a-/ALV-UjUWXV3CvVSdibpE15gNnZOBHZSWmjhBhsQkG3aFkvhW_DhTS-g,Bagus untuk daftar di rumah,3,0,2.2.7,2026-07-03 01:15:03,,,2.2.7
737a12df-d163-4f52-8e60-272d7f8d7f65,Evelina wulandari,https://play-lh.googleusercontent.com/a/ACg8ocJunA-lrAJ013O-1ofQEs_SE4-VmHeJcxns5h3ykTKPu8PdWg=mo,ngeselin aplknya,1,0,2.2.7,2026-07-03 01:03:19,,,2.2.7
e151fe0c-0cef-4008-9035-9ee43ee54b96,Desi Wahyuni,https://play-lh.googleusercontent.com/a/ACg8ocLv_gOdDnvXH18dFmuGARbbfxAi35owXXPKqHrTS2cjWxnFRg=mo,sangat membantu,5,0,2.2.7,2026-07-03 00:59:48,,,2.2.7
59bf22ae-0cee-41a3-988f-dbe7553b794e,Afifudin,https://play-lh.googleusercontent.com/a/ACg8ocL7eBdr7Cm1hZkowhnC2hNE1vYctGBob6gqdV1uS85Df-GsVg=mo,"download surat kuasa pengambilan SKCK kok susah, gabisa didownload",3,0,2.2.7,2026-07-03 00:55:32,,,2.2.7
1e89d542-f4a0-4a64-a426-cc1e7b52085d,Rohidi Roy,https://play-lh.googleusercontent.com/a-/ALV-UjXe7ZkIGk5-R2njmMXQ8WY9JCSU74jP-w-MKOpmQTKE_TxCAcgj,sangat membantu polri mantap,5,0,2.2.7,2026-07-03 00:48:21,,,2.2.7
5010360d-a2b7-469c-820c-0da5df923735,GamesIn,https://play-lh.googleusercontent.com/a/ACg8ocLDG3144I6BTrzDj-tYTCEBHB2iPUoiLfoyQzIUFURi8H-L3g=mo,"memudahkan proses administrasi, good job POLRI",5,0,2.2.7,2026-07-03 00:31:21,,,2.2.7
d63a6abb-428d-4691-9464-2180ae8f8995,Lelangayaq Ria,https://play-lh.googleusercontent.com/a-/ALV-UjU1OWQBw96GffgMpgTZ3Phj9TberP_JR1305i76ROWRxKT-FkNv,tolong perbaiki bagian scan wajah saya berulang kali scan wajah tapi tidak berhasil!,2,0,2.2.7,2026-07-02 23:38:13,,,2.2.7
31155236-0202-46fc-a4c4-8ed9c632e311,onesimus dandirwalu,https://play-lh.googleusercontent.com/a-/ALV-UjWGfCmx_UsyyPKK4ROj62d8aK8mmxObjedyB4y7OBZKOt0tBgUe,mudah di akses,5,0,2.2.7,2026-07-02 22:55:08,,,2.2.7
071192d6-34fc-4b1e-9654-a9276a746ec8,Lu Pus,https://play-lh.googleusercontent.com/a/ACg8ocJVkiP1Ya6clM548c_qBlhuawRP4WtMN6GI9_NMd55LQVt1eA=mo,apknya kurang bagus,5,0,2.2.7,2026-07-02 22:44:30,,,2.2.7
7109ab31-fbc5-4af1-a678-69c48807ab56,Fella Nuriati,https://play-lh.googleusercontent.com/a-/ALV-UjXBRlgWu1zOB7XMj3_UJQhGMrVTnTLmDLhjBNAHqgI8_uxy46g,sangat membantu,5,0,2.2.7,2026-07-02 18:50:53,,,2.2.7
2692be33-f990-4e8f-b754-d20ffbb4d185,Anggarda Putra Giantara,https://play-lh.googleusercontent.com/a-/ALV-UjX8aFupOYtpBEk2DjPKG4yVoddJSNnFxw1bQJkddjNaS3fNVtg,jos,5,0,2.2.7,2026-07-02 17:49:24,,,2.2.7
7298f164-b38d-4a36-8775-b5eee93a7215,Ahmad Ariannor,https://play-lh.googleusercontent.com/a/ACg8ocI5dA4tltNw-ANCIHHsXq5aXzy34FSAXeIos7d_zohpPq25wA=mo,praktis jadi gak ribet lagi,4,0,2.2.7,2026-07-02 14:48:26,,,2.2.7
642f2aae-7d3e-4c88-98d5-44a37f52e5e4,Sitiasma8 Asma,https://play-lh.googleusercontent.com/a/ACg8ocLHhS_gcCppR_aU7g7zCnQujYlBTiKQEsQTbgb_Vn-Y8TxeqQ=mo,baik,5,0,2.2.7,2026-07-02 14:41:20,,,2.2.7
08fb7847-5d9e-438a-91a5-56eab45c280e,Nolis Purbasari,https://play-lh.googleusercontent.com/a/ACg8ocLh02qmxtPXk9XaxPyZUkDBAe0mcWDV88pe2Bn7HoYfyVW3Ew=mo,sangat baik,5,0,2.2.7,2026-07-02 14:23:21,,,2.2.7
2e8dce0f-03b5-444a-81fd-f8fe8006ed38,Ddn Fke,https://play-lh.googleusercontent.com/a/ACg8ocIPMyn9b0s281NP-rubiUzxuHgjJ2cVOQEnBlqzXIq-jePyWw=mo,tidak membantu error trs sudah d byar,1,0,2.2.7,2026-07-02 13:39:15,,,2.2.7
13a1ece8-4516-4fd9-8c0d-f04a0e577060,Juna M Joe,https://play-lh.googleusercontent.com/a-/ALV-UjWnGtNWivrAIL1vIxWFH-rU9r-rHWj3hPFXCPzF7e5XPNlrySM2,"lebih mudah, cepat dan aman dengan apk M Polri untuk pelayanan SKCK",5,0,2.2.7,2026-07-02 12:42:38,,,2.2.7
f268e8a2-81b1-4540-9f61-e88171bcae01,Alfian Hasan,https://play-lh.googleusercontent.com/a/ACg8ocJXV6u-CN5uqmFWLe_Z5wJvyrjpDO0TRw5cEL9Kdl7d_OH6iQ=mo,"Jelek banget nih aplikasi, Benar mempermudah tapi sama aja Ribet, masa iya masih tahap verifikasi wajah, muka gua udah gua pantengin berjam-jam step 1 verivikasi muka ga bisa sama sekali, udah Gitu juga mau Buat apapun BAYAR, kalo gratis mah oke Jelek kek gitu, udah nih masyarakat Bayar Anggaran gede, hasil selalu Nol, Ke gedean Korup nya aja",1,0,2.2.7,2026-07-02 11:52:34,,,2.2.7
06f543cf-fc5d-4d91-9f9d-d87c300b0658,Hasan Basri,https://play-lh.googleusercontent.com/a-/ALV-UjUsJFn3S7m5FJyp4dKR3jwBZ-dJINTWuWGMC0yb11h6Lg9ubMBo,sangat membantu,5,0,2.2.7,2026-07-02 11:08:27,,,2.2.7
87b310f6-16f4-4c0b-98de-3c7cb2d7dc69,Erna Ratnasarishalihah,https://play-lh.googleusercontent.com/a/ACg8ocKBDLBkRHzxDy7tkCn811ONx3-kYb8vWpT_nGNBTWWTbQjIug=mo,belum bisa ambil di polsek terdekat,3,0,2.2.7,2026-07-02 10:19:30,,,2.2.7
167c436d-a44d-4532-ad89-21c9acb9d890,Tirta GBK,https://play-lh.googleusercontent.com/a-/ALV-UjWsP2GoJ3TGsDMZS9hnIehJFOK2u2F7oQZSkRmsCn-IRxHSvSUY,"Terima kasih Polres Metro Jakarta Utara. Sy mengajukan surat kehilangan lewat aplikasi ini, tidak sampai 1 hari sudah jadi Surat Keterangan Tanda Lapor Kehilangan dan hasilnya pun bisa di download sehingga tidak perlu repot2 ke Polres. Mantap!!!!",5,0,2.2.7,2026-07-02 10:13:31,,,2.2.7
f2127016-ed76-442e-b693-9e08c7e63052,arsya25 kenji,https://play-lh.googleusercontent.com/a/ACg8ocKX2znYH5cHI5wCbDa8WD9xgbnvj8oBOZZNjfITA7flm6Rq3g=mo,puas bngt,5,0,2.2.7,2026-07-02 09:56:23,,,2.2.7
49b7390a-850a-4a77-b193-8db2bd0fe309,Dody Saputra,https://play-lh.googleusercontent.com/a/ACg8ocI_Ldlg87U2goDzVgRsTBHcdv5roXrBlUHkMNpIT1eB3eKdQQ=mo,sangat membantu,5,0,2.2.7,2026-07-02 09:27:47,,,2.2.7
ed8ebb4b-3b33-4ce1-bb79-0fb2af4224ca,Iis Hadianti,https://play-lh.googleusercontent.com/a/ACg8ocJO01s9bpmmM0wSoV2ZbHh_zLrW2pIGAzKEVIxjho0fgZGT9g=mo,sangat membantu,5,0,2.2.7,2026-07-02 08:42:44,,,2.2.7
d61269cf-821d-44c7-b818-f4e0190ee85e,albarsani noer,https://play-lh.googleusercontent.com/a/ACg8ocKNe7WPsqlHK_xsG4H2oehSNlEfGIkXVng9dM3-4B_2NmPjPQ=mo,lelet di scroll aja gak bisa,1,0,2.2.7,2026-07-02 08:41:23,,,2.2.7
a8725570-0ec3-48bb-b9f2-6a71c8843fcb,Karinaalisyah06,https://play-lh.googleusercontent.com/a/ACg8ocISzOeKdm5yYAQC3G1ei1qbhZEYGmgdzl9bYriIjoUa_wZhrw=mo,"allhamdulillaah,,,tidak terlalu rumit setelah sekian abad lama tidak mengurus SKCK sekarang lewat online jadi lebih mudah",4,0,2.2.7,2026-07-02 08:32:22,,,2.2.7
e1f9edac-fb51-4bf6-9b63-0a532574bca4,Ririn Cahya,https://play-lh.googleusercontent.com/a/ACg8ocLaamBWm65hAApMTOzL1AJermW1hs9MJgYyIrWRCfIeTNmomg=mo,mantab,4,0,2.2.7,2026-07-02 08:03:06,,,2.2.7
134598d5-edf0-4b08-b76a-b341c77e00aa,Emang Eta,https://play-lh.googleusercontent.com/a-/ALV-UjUNsOIqHaNvY13LSlyrWAMlXudUdLUYLwud_J56ZPfz8fpmFI4,bagus,5,0,2.2.7,2026-07-02 07:39:02,,,2.2.7
f0d76e02-6362-4a34-986a-289049d37a75,Bella Pra,https://play-lh.googleusercontent.com/a/ACg8ocKByxUevQZyC8Z0iBd9ChZbWiMLNOv34bg391t-ZGSvV5OfeQ=mo,good,5,0,2.2.7,2026-07-02 07:25:26,,,2.2.7
3afa9e35-c08e-4c72-82c1-ba79c93f806e,Kamal,https://play-lh.googleusercontent.com/a-/ALV-UjVZNsklmGJcFG5MDw5tYryxqI-TfYc8Ifc8uEtyPQqzfC8T95E,oke,5,0,2.2.7,2026-07-02 07:08:41,,,2.2.7
a350deb7-2255-49a1-adb5-98fac8a161a5,Fugo Frinks,https://play-lh.googleusercontent.com/a-/ALV-UjXl4FzwVzQFIGr943bzzS0CB-rm1A8dRmO5hdIuzDWYWYzyPAk,buka apk aj scan muka lama bgt anjengggg,1,0,2.2.7,2026-07-02 07:00:02,,,2.2.7
3df6de77-c694-4412-b4fb-b27d558b5878,kiki subagja,https://play-lh.googleusercontent.com/a-/ALV-UjXLMJ9yWGDfGPNmH8fcKv30jwrryvNwdSwURVBimPVdz_0cW6c,"lebih cepat,tida makan waktu begitu lama.",5,0,2.2.7,2026-07-02 06:44:57,,,2.2.7
a5185c95-4b55-4289-9e91-e2eebdc0082b,Definit Goelo,https://play-lh.googleusercontent.com/a/ACg8ocLv4gOZ0hDXM84hDJDlpS5pSZKrNaJFxQbhv5m8wcu6DRdRSQ=mo,keren,5,0,2.2.7,2026-07-02 06:31:46,,,2.2.7
f33af381-4498-4b28-a969-90e5ba7e8b99,rahman siregar,https://play-lh.googleusercontent.com/a-/ALV-UjWBWG0o7UU0yzMq74QIdLJzZmAWfSa7YbLP2Q-auMmoVVfHUH8,cepat sekali,5,0,2.2.7,2026-07-02 06:24:56,,,2.2.7
78dd27d0-e34f-4567-9faf-e48bae92364b,Gusrah Bonsai,https://play-lh.googleusercontent.com/a/ACg8ocJDoEKxvMF1_9lz1CmHc1AhC9BiltjIn-4QdjYS6YyOVYgxvw=mo,Makin Mudah & cepat,5,0,2.2.7,2026-07-02 06:17:59,,,2.2.7
687d87c8-1400-4b70-94aa-d74588b56848,Papah Ghaisan,https://play-lh.googleusercontent.com/a-/ALV-UjUSuibrpvjhJbFrpgsXYcGcLIho1lLDe8H6_qpi9msUFRXnplA,good,5,0,2.2.7,2026-07-02 06:06:44,,,2.2.7
df20f9ce-d268-40b8-93d5-3bf92f285c59,Sutasim Tasim,https://play-lh.googleusercontent.com/a-/ALV-UjVHH6jqS7zPY0bW5dPdwDei3B9pjIEABu1IBc9CSmahI8LbBLc,oke,5,0,2.2.7,2026-07-02 05:52:23,,,2.2.7
97d75583-2448-42c1-815a-f58858ca5df6,Firman Aditya,https://play-lh.googleusercontent.com/a-/ALV-UjXsukg5Q_9XdXZljWwg_-E5Ey0b9rl7L4-SjZUXO_4pdn578cNN,kenapa aplikasinya error bampuki,1,0,2.2.7,2026-07-02 05:48:54,,,2.2.7
6dd2a2a9-ea8c-4195-a4ad-5eeb00ec298c,Vika Pasaribu,https://play-lh.googleusercontent.com/a-/ALV-UjWe_uapHSTIPeuQOU57mN5eZ3f5I4AB8UVRoQDaxOXoXiegGq_n,orang nya ramah2,5,0,2.2.7,2026-07-02 05:41:08,,,2.2.7
55365de1-bc43-48b8-bf46-e0e0f110fcf9,Edgar Reza,https://play-lh.googleusercontent.com/a/ACg8ocKlVdVnbU67Z-abLvBBUk9nrI6w4voU0bk2CwdUGVPLgWHGKg=mo,👌,5,0,2.2.7,2026-07-02 05:19:03,,,2.2.7
b9ccee06-64e5-4a55-9ce0-268fc3c3f94d,Tri putra Abd rahman,https://play-lh.googleusercontent.com/a/ACg8ocJuy8sL5AODV3fPQaYPRAQbLrfmloYyXkO6UWSGaF8gFK7QEQ=mo,BAIK,5,0,2.2.7,2026-07-02 05:11:29,,,2.2.7
d4bacd9d-3028-4577-bb6a-f8eea8d500c1,irman fitriawan,https://play-lh.googleusercontent.com/a-/ALV-UjVsNJ3eI2uqTbn6Bj2RXsJ1IyAwiOszqRNuJizer8gV4lr4fcQ,"kenapa aplikasinya ga bisa dibuka, cuma layar putih aja,,, sudah 2x instal sama kaya gt",5,0,2.2.7,2026-07-02 05:04:41,,,2.2.7
492d763d-e2a3-40ac-9451-20822c06a814,Rahmat Tulloh,https://play-lh.googleusercontent.com/a-/ALV-UjUbdiQ5Aa0JRncWDYDaT1Ohtetz_1xiS-gZN2RGxGg2Es2nLnEF,mantap,5,0,2.2.7,2026-07-02 05:01:34,,,2.2.7
9ab0e03e-105c-40fe-aa17-a0d0d979245f,Tri Yanto,https://play-lh.googleusercontent.com/a/ACg8ocJVYkwG6f5C4hvyrXpMe_fUAS70CZqI8TWnyLmu0smTVGV-hg=mo,sangat baik,5,0,2.2.7,2026-07-02 04:42:12,,,2.2.7
19cd0d51-7abc-468c-8de1-00c403aabc52,Erik Mulyadi,https://play-lh.googleusercontent.com/a-/ALV-UjXB8u6LgDGeHb6Ewo7ITc8ekTVo2_SMqBg3ItgPwOUARUIMZrsY,okkkk,4,0,2.2.7,2026-07-02 04:29:35,,,2.2.7
38661996-a8a8-413a-9a62-f2658419f8ec,Lanangboja Abilowo,https://play-lh.googleusercontent.com/a-/ALV-UjU5V3RdWAx5lDnOKUjhRRrR1r-1irlOv0Lsq6MdGWHDoS1ja_bd,LEMOTT,1,0,2.2.7,2026-07-02 04:11:14,,,2.2.7
b30df28c-0a75-462d-bee3-5d14d558a4a1,MAIN DEALER MOBIL SUZUKI PT TRANS SUMATERA AGUNG,https://play-lh.googleusercontent.com/a-/ALV-UjVUdXVgOmrfcC2oo5f_g2ZfIhb5eFsYwWVS4eJITF35Z5kPu1Q,"bagus, tinggal menunggu SKCKnya di polres",5,0,2.2.7,2026-07-02 04:11:14,,,2.2.7
3f2a02d9-1796-4952-9708-504ccce098d1,Zul Lumban Gaol,https://play-lh.googleusercontent.com/a-/ALV-UjUPX91lEDq7wIxQDZGgjapHY7xRt-OJ8d3M-xfUeHxiPMho5ahf,good,4,0,2.2.7,2026-07-02 04:07:02,,,2.2.7
80d18c99-c3cb-43a0-b39d-5df2040555af,Asep Jumadi,https://play-lh.googleusercontent.com/a/ACg8ocKfk15dFxY_Sr2YXvXEbgZUZSPi1xCF0ADljhajVdi8HUKHTA=mo,ok banget,5,0,2.2.7,2026-07-02 03:49:09,,,2.2.7
6ab4d433-008c-4bd5-a68c-db2c64aca151,Marwati Exa96,https://play-lh.googleusercontent.com/a-/ALV-UjUa6oIWenvwecjaBh5JtMPi2eZ_SGm0gqj4cyx1jsEs5sJcWb0,"sudah hampir 24 jam setelah verivikasi data tapi untuk mengakses ke formulir untuk membuat SCKC selalu bermasalah layanan external, sudah berkali kali menghububgi bantuan tapi tidak ada solusi dan hanya direspon oleh BOT dengan respon yang tidak jelas.",1,1,2.2.7,2026-07-02 03:41:21,,,2.2.7
ce6d2576-97ca-49ad-ad2f-51cc6f2fb7e3,Muhamad Pratama,https://play-lh.googleusercontent.com/a/ACg8ocI65EMR6N0RNAzLL-frd6TRUFI-uT99WG40_d54ZF9Fwz0O=mo,ok simple,5,0,2.2.7,2026-07-02 03:31:56,,,2.2.7
c3b5c352-6480-48b9-80ae-319e0286ed0f,Zamaludin 090397,https://play-lh.googleusercontent.com/a-/ALV-UjVj9YrqtGSKRGhJEmvrSCE_aDZU1YhAuIO_druHo_HxiAbZB81l9w,okay mantap,5,0,2.2.7,2026-07-02 03:15:30,,,2.2.7
301571d9-f02c-45a4-bdc4-e617d33bf85a,Rivelda Pharera,https://play-lh.googleusercontent.com/a/ACg8ocLwzIdLJyBtZNOWV51OHJliuFe8-FVaHunbdFk_uvb313uP5A=mo,terimakasih sangat membantu,5,0,2.2.7,2026-07-02 03:07:58,,,2.2.7
7ad262d3-1d15-4049-8ada-e68e53965441,Erwan Yusuf,https://play-lh.googleusercontent.com/a-/ALV-UjV0FQJxT0LayqoSz71lHpARHZ6FLA65OVMk5-NJmWQDtAnwbRas,aplikasi yang bermanfaat dan mudah untuk keperluan,5,0,2.2.7,2026-07-02 03:00:16,,,2.2.7
7ba135bd-57e1-46e4-99f7-ac53d731645d,mur hadi,https://play-lh.googleusercontent.com/a/ACg8ocKZPJDWNWkSq2oDI1-mcSp0BRLoAhCJI68tX45ZyGPbYYN_=mo,pelayanan luar biasa,3,0,2.2.7,2026-07-02 02:59:30,,,2.2.7
f59672e7-4c1b-4380-8580-6ac8b33f5038,Iqbal Purnama,https://play-lh.googleusercontent.com/a-/ALV-UjVWHaqqDsDK_lERj0MqnmEV_2ALqaMwsW0ZqyIKaHphEIBwTX9i,sangat membantu dgn cepat tpi klo bisa di berikan tutor tunkuk org org awam/ blm ngerti dgn era digital,5,0,2.2.7,2026-07-02 02:53:51,,,2.2.7
4f5dca09-de1b-401e-84ab-21e9b4039c0f,Mario Nugroho,https://play-lh.googleusercontent.com/a-/ALV-UjVrVDIleGsgg2U5l_3H18gxvzfyOr3OIP1QUFoiTbAELxbrfGsO,"PELAYANAN SANGAT CEPAT, MANTAP.",5,0,2.2.7,2026-07-02 02:34:45,,,2.2.7
5f6d8dde-5466-4c4d-992e-9369a13d98a0,Sulaimin Min,https://play-lh.googleusercontent.com/a/ACg8ocKtUoFRbywHzCvommbwv_4J--f431tv8AFtkcJQ5m1O--xWpA=mo,bagus sangat membantu,5,0,2.2.7,2026-07-02 02:23:47,,,2.2.7
7134a806-4719-46af-b230-3b6c2b9842ba,JUMA DF,https://play-lh.googleusercontent.com/a-/ALV-UjXayKztz8EZLJZDJexzbbC_dr_5oTCS_f_dSjf-jZI5tdB2oPva,baik,5,0,2.2.7,2026-07-02 02:01:06,,,2.2.7
9c3c8368-eb15-452a-acb2-38f08357c7fe,joko susilo,https://play-lh.googleusercontent.com/a/ACg8ocJbTd3y2TYSFTNb6MIe6YsFFS4Z3zjN32ANh3t_6bkaO-IVxA=mo,Mantab,5,0,2.2.7,2026-07-02 01:58:39,,,2.2.7
fef2e12e-0b23-453c-915c-a3ae0eed06f7,Ridwan Sirajuddin,https://play-lh.googleusercontent.com/a-/ALV-UjWNrYgsj1RcMsc35vPmk75DzZrYaE7fsW8VRmZpdHn-JY4-_BIB,"Untuk pengembang, Mohon untuk lokasi pengambilan semua daerah ada, jangan hanya daerah Sumatra. Kami yg di Sulawesi mau cari polsek, polres daerah sini tidak ada pilihan nya.. Mohon diperhatikan....",3,1,2.2.7,2026-07-02 01:57:58,,,2.2.7
4dfa1c26-5af3-4fd7-b248-71532090e333,Amin Udin123,https://play-lh.googleusercontent.com/a/ACg8ocKAGRCF_iLvNPH4UyPfXYMPhW5qcvMwXxEfSZP6lrETriEeTQ=mo,sudah buat aku verifikasi akun dak bisa scrol kebawah anehhhh,1,0,2.2.7,2026-07-02 01:54:12,,,2.2.7
7bebdcda-a67c-4bef-953a-35a732ca2765,Nafi Kaka Attsilah,https://play-lh.googleusercontent.com/a/ACg8ocLAMEGLbp4jagWvXkvaAio8Fe061n82OK909dw6ZIDb4FxnQA=mo,"makyusss,POLRI MANTAPPP",5,0,2.2.7,2026-07-02 01:45:31,,,2.2.7
5a5d8289-0a74-4837-b78b-00d540ff2ee2,Denny Agustiawan,https://play-lh.googleusercontent.com/a-/ALV-UjXpDEZbdfSMkuRUZAnlROAmnion9ohimAEjX5DSo2HBvzmkFanNrg,ok,5,0,2.2.7,2026-07-02 01:28:59,,,2.2.7
6d973657-0da1-4ebe-9d49-5c4e0db70baa,nuli norlina,https://play-lh.googleusercontent.com/a-/ALV-UjWrvUmQHkbanD_Lz1Ay32t3D_QgijRvs9X4vl8GaV3cN5Gsyi0,keren memudahkan sekali,5,0,2.2.7,2026-07-02 01:06:39,,,2.2.7
598bba8c-7277-4b15-931b-db5ab0dd060f,Fakhri Lesmana,https://play-lh.googleusercontent.com/a/ACg8ocL99r7fDJimDqS3UUj7WKDXJ707xp8ZxPLEEbbiytVEPMko4g=mo,baguuus,5,0,2.2.7,2026-07-02 00:43:16,,,2.2.7
458bee40-8a41-457b-9a7c-d9641bbca84d,Mitrawati RenciMete,https://play-lh.googleusercontent.com/a-/ALV-UjWT0N3YrEC1pQZznxsBlZ6MblmF3YZWBUanEY4G8j1fg8XH2wg,bagus dan cepat. Pelayanannya mantap,5,0,2.2.7,2026-07-02 00:21:37,,,2.2.7
6944aab8-078f-4094-9948-9dfc949582d6,Mariya Astutik,https://play-lh.googleusercontent.com/a/ACg8ocIq2g5EphBtGD-xf9a69t5JNz90Iy-sHoqfJW5SPPEPuCvW=mo,sangat mudah,4,0,2.2.7,2026-07-02 00:03:59,,,2.2.7
abe61757-7d2a-4f85-9b54-446431ba9f4f,Brayen Felubun,https://play-lh.googleusercontent.com/a/ACg8ocLrtBB6kbNTVxbMzyxpkF8fTivyyuJrhVfciL-p5R_G2wKzxg=mo,Sangat baik aman dan cepat,4,0,2.2.7,2026-07-01 23:45:39,,,2.2.7
1fb25399-fb57-4286-89ba-2d82086082ef,Aku Xyz,https://play-lh.googleusercontent.com/a/ACg8ocLxnfvnhFBk3XViFk7Ie0GrZaM89Qk0urGDEbg9gQM7TubENg=mo,"Proses verifikasi pembayaran lama, di keterangan harus nunggu 2x24 jam tapi tetep aja jadinya expired, udah chat lewat help desk malah ga ditanggepin. menurutku lebih baik kayak dulu ga ribet kayak sekarang",1,4,2.2.7,2026-07-01 23:18:42,,,2.2.7
f8bb1114-6cca-4046-81b0-f98da321f5a4,Rafif Tsaqib,https://play-lh.googleusercontent.com/a/ACg8ocILiuqxNNwq0KWRAVEwQH2IPCKasPDcqPvrqP-Myxe5X0HaFJs=mo,"maaf app nya lag parah, kejadian saya seperti bug stuck lag dalam jangka waktu yang lama dan tidak bisa berjalan dengan baik. padahal saya telah menggunakan wi-fi yg lumayan dengan kisaran 120 mbps. mungkin ini disebabkan server overload atau bug akun maupun sebagainya. kalau memang dari server yang offline seharusnya dibuat 24 jam tolong perhatikan dan perbaiki bug ini terimakasih.",1,2,2.2.7,2026-07-01 22:56:50,,,2.2.7
f7affe63-992b-4ecc-aabd-6089da2a0084,Imah,https://play-lh.googleusercontent.com/a/ACg8ocJBv6o66jwzBwnYcvJ3q6GK05ZjOs68JIh7i6vIae_UESqQVQ=mo,pelayanan sangat mudah dan baik,5,0,2.2.7,2026-07-01 19:15:48,,,2.2.7
1708d124-6970-4a21-ae8a-82c41770cc0f,Marita Hana,https://play-lh.googleusercontent.com/a/ACg8ocJ2CfGojM5AzYqUWy8Zqrm2hLNZT5RM4lX2P7mqr7IIbWxaNw=mo,keren aplikasinya baru tau dan sangat membantu sekali.,5,0,2.2.7,2026-07-01 19:13:27,,,2.2.7
0852d6e9-99e6-4bfe-af6a-31d1525b9fd4,security apjs,https://play-lh.googleusercontent.com/a/ACg8ocIkaANuMAsJVKSuePmwYwBD94C5ccKs4IvopWH1qHKJ7vUbPQ=mo,bagus,3,0,2.2.7,2026-07-01 18:09:38,,,2.2.7
a2156636-cbdb-4d51-bfbf-085110f096b0,Esterfince Kulas,https://play-lh.googleusercontent.com/a-/ALV-UjVt4RUIJgPxABxqIzd3SPkWUMiR-JuI2nINFHTUbZ2H7eRMFWj9,keren,5,0,2.2.7,2026-07-01 16:31:06,,,2.2.7
ad3db6cf-c77c-41ae-91c9-cec653e76f2d,Satrio Synyster,https://play-lh.googleusercontent.com/a-/ALV-UjUZAEdgvKMSw1T7ac1hmZGFAUF4Jq9_6Q-Oz1ql3exlZZ_7N8Wq,perpanjangan SIM lewat aplikasi ini udah sebulan belum juga ada progress jadi,1,0,2.2.7,2026-07-01 15:15:55,,,2.2.7
92775ce7-5405-4c33-bf48-cfa51ce8b9ae,udin Gibran,https://play-lh.googleusercontent.com/a-/ALV-UjVjccmUZZLP35unenkQFWMMf9quFfOpTnOvGgz8Z5PI7Lhg_lE,mantap,5,0,2.2.7,2026-07-01 15:05:08,,,2.2.7
50a965e3-e5f0-4b0e-b8c5-8e734f7abfd1,Bagus Boga,https://play-lh.googleusercontent.com/a/ACg8ocKOxIwL5seOY8oZGAVfPnypLccYnq4qxiLw6m05wv_cOfrRYg=mo,aplikasinya oke sih. cuman saat pengambilan ke kntornya muka judes manusianya. @polres i Gusti Ngurah Rai bali,1,0,2.2.7,2026-07-01 14:21:21,,,2.2.7
4b66e692-608a-4424-a364-3172afc38d90,rofi hidayanto,https://play-lh.googleusercontent.com/a/ACg8ocL-n7tckq-AtfIa0ZVm2yYI5b4o14oNwL6WfUKN90MD2J128g=mo,pelayanan cepat,5,0,2.2.7,2026-07-01 13:12:16,,,2.2.7
78f4dbcd-798d-49af-8d9f-e75eaa7562d6,Heri Natalia,https://play-lh.googleusercontent.com/a/ACg8ocKP8KMZzz9jwNP4W2J4sgUcE8wYAkBXNvGg0wYReJ6HMnhSBw=mo,Pelayanan yang sangat bagus,5,0,2.2.7,2026-07-01 13:10:37,,,2.2.7
f8163c32-4271-4d21-97c2-f2f6c4fd7909,Bunda Yuni,https://play-lh.googleusercontent.com/a-/ALV-UjXYbFcVFCgU8DkBp4-nXPI3seMV74b0M55D6LN2KF-7W_78-bk,semoga dimudahkan,5,0,2.2.7,2026-07-01 13:03:28,,,2.2.7
9926a3a4-f932-4bd3-a5c8-cb28f0b01b8d,Rehan Azrill,https://play-lh.googleusercontent.com/a-/ALV-UjUzl4Wee2HK94DfZcEJfq-_YgAIoarw1EdTWHJ-kl9DitLdwE-3,bagus baik,5,0,2.2.7,2026-07-01 12:38:27,,,2.2.7
c60f0ea8-cadd-492d-a8a9-55486cd35823,Candra Girimukti,https://play-lh.googleusercontent.com/a-/ALV-UjXFx846IaEsGKZLeR1VhJYzXJCsJJGjm45j9oHpDR11PgwHEad0kg,cepat,4,0,2.2.7,2026-07-01 11:55:28,,,2.2.7
5b12c122-41e8-460d-9e6d-b892246499c0,difatul mu'minah,https://play-lh.googleusercontent.com/a-/ALV-UjVZecBp0_W-LTYfBuQ6h6GHp6WAMjDHPIAfSjbCjPCt4ngOVxdB,good,5,0,2.2.7,2026-07-01 11:47:51,,,2.2.7
7c3d71e0-0578-4693-b4d2-fb887a9c0531,Pengguna Google,https://play-lh.googleusercontent.com/EGemoI2NTXmTsBVtJqk8jxF9rh8ApRWfsIMQSt2uE4OcpQqbFu7f7NbTK05lx80nuSijCz7sc3a277R67g,top oke,5,0,2.2.7,2026-07-01 11:33:40,,,2.2.7
b51b77ee-63e0-42c0-9096-e64d2033e1a1,Vanesa Maharani,https://play-lh.googleusercontent.com/a/ACg8ocLMryVCe_m_nPSP23UQM10pkZkz3y1oIY2mUdZCZHJcz9C2kQ=mo,siip,5,0,2.2.7,2026-07-01 11:27:58,,,2.2.7
d4847633-2e00-46c4-89ad-02df85262079,isan movic,https://play-lh.googleusercontent.com/a-/ALV-UjUFYrBXf0MVUkyONwAImLrB-OYWyF0a3epkd4iS6ifmN89VWc7X,"aneh aneh aneh, gw buat SKCK online salah dikit, suruh buat ulang, mana administrasi 2x, knpa ga d edit aja si dikit biar ga buat online 2x aneh aneh aneh aneeeeeehhhh",1,0,2.2.7,2026-07-01 11:24:42,,,2.2.7
912415e2-86fb-49da-ba4c-1a376dcfe0d0,Mahfudz Efendi,https://play-lh.googleusercontent.com/a-/ALV-UjWnEhzfi-CrLUmvhPkVvkcWCP8oeGwWEp-XsgYenGTFsaKn0DQ7,sangat membantu dan mempermudah,4,0,2.2.7,2026-07-01 10:26:56,,,2.2.7
90e79ffc-f7bd-4256-ab45-e2ab25273d6c,Heldi Arisandi,https://play-lh.googleusercontent.com/a/ACg8ocKnWi0MjwUDsJJpKwWHtCXwxRCWDuee7OsRmrf6eS9JxJvvBw=mo,"semoga membntu, sayamau biqt sksc ko kotanya d ketik ga mau searcing y pa🙏🙏🙏🙏",5,0,2.2.7,2026-07-01 10:16:48,,,2.2.7
64497cc1-5124-4368-b400-719e68c66a88,Jihan,https://play-lh.googleusercontent.com/a/ACg8ocJ77M00HX6J5bOYWmR94zN2Loq9r0hyn1DRyKaIXGhK41rd6g=mo,sangat bagus,5,0,2.2.7,2026-07-01 10:12:01,,,2.2.7
47487385-f1ad-47b7-b1cc-cb44b8998163,Faldhy Berhitu,https://play-lh.googleusercontent.com/a/ACg8ocLnW_mhV7x-STNQMVdLD2nCNMPzwmEA3z2vpJjUsapr3lXSkg=mo,sangat membantu,5,0,2.2.7,2026-07-01 09:56:58,,,2.2.7
61f8d327-f239-47b5-a210-8c1da85ab027,Mohamad Nurdiansah,https://play-lh.googleusercontent.com/a-/ALV-UjUcW8iT5nDFXLkvHb1lppasF1PFyUJufBWyFPamxpPpzjKo6qQ,good,5,0,2.2.7,2026-07-01 09:47:50,,,2.2.7
9351e154-79a8-4bf5-9f78-ad36e1d9d2c5,Muhammad Agus,https://play-lh.googleusercontent.com/a/ACg8ocLUkcMNFfJEitOHVYAIPTNgKmYs7gQNkuMygGGN-B4aB32ypg=mo,ok,5,0,2.2.7,2026-07-01 09:18:10,,,2.2.7
a9b29c93-5cce-40c5-9f05-3e28d6239df2,Iwan priyanto i-1937,https://play-lh.googleusercontent.com/a/ACg8ocK3u8CbjweKx_oH8_XV6qNpYUT9wpqOb1V0EJr2--coZZ4pDw=mo,aplikasi apa kiye lah gawe SKCK ndedek foto Rai maning Ra dadi dadi ngisin ngisn na banget soale gole gawe Ning njero polres dadi de deleng wong terus AREP mbayar kudu online aku ya sebage wong desa ora due rekening dadi ndedek bolak balik meng konter Tulung lah gole mbayar ana offline ana online dadi kepenak 😁👍tapi suwun lah ngo Polsek Purbalingga pelayanan ne ramah & sabar dadi aku teyeng gawe skck lan olih kerja 🥳 ngo batir ku aja dadi pengangguran beban keluwarga & negara 🙌,1,0,2.2.7,2026-07-01 08:50:31,,,2.2.7
88ca050b-b52c-4a44-976a-19ede97860f6,Riyan Nur Fajar,https://play-lh.googleusercontent.com/a/ACg8ocIrjM5dktoo0gZRhWKNuCksrZbqcoZWEAZoFRKr0JNmmRUSLg=mo,memudahkan dan cepat selesai supaya tidak mengantri di loket,5,0,2.2.7,2026-07-01 08:30:34,,,2.2.7
ca7c900d-ad9a-48af-9738-6af2b2c6deed,Renataones Panjaitan,https://play-lh.googleusercontent.com/a/ACg8ocKk7zoHtY6VVK6fzvZJ3YuFpsgEBwMq_BYT9wsDn8OIZJj72w=mo,"cepat dan tepat, bravo polri",5,0,2.2.7,2026-07-01 08:16:30,,,2.2.7
327acb6c-f81f-49e1-a378-98e439be9389,Sri Wahyuni,https://play-lh.googleusercontent.com/a/ACg8ocJxr1RODAV7TGM_7cXI0XKVTIWwPEyUjfD7bZ4P1XerbD82Dw=mo,"sudah sebulan saya tidak bisa menguggah foto diapk saat pengajuan, saat ingin mengunggah selalu balik ke halaman pertama , tolong ini gimna ya?",5,0,2.2.7,2026-07-01 08:12:50,,,2.2.7
8ffc06cf-2b8b-42a7-8aea-e2837beeebcc,Niken SS,https://play-lh.googleusercontent.com/a-/ALV-UjV-SZ9ljOgZfa1RMDoVPhKP4dO5w3f-wxfsFmjMlNnsYQACxodx,sangat cepat,5,0,2.2.7,2026-07-01 07:40:03,,,2.2.7
13b46351-5ff3-4210-8e7a-86de1646c38b,Iwan Kurniawan (Iwan),https://play-lh.googleusercontent.com/a-/ALV-UjUPzmt9Ueiu1Y188JB0o7H6m_KOm5E4MzBMnu5KD1ETzx8W9v_q,polri mantaaaap,5,0,2.2.7,2026-07-01 07:37:50,,,2.2.7
d35631e1-048d-44d0-a5d9-1876cfc2afdf,Incemuh Iqbal,https://play-lh.googleusercontent.com/a-/ALV-UjUwIk78ulHyeAbCKKO42lKHsUaDyRwddH7QrAUkl2u1sPf-5_v-,mantap siih,5,0,2.2.7,2026-07-01 07:23:58,,,2.2.7
f3f8598c-918d-4cc7-ab27-16f096f2e4b4,ali mukhtar,https://play-lh.googleusercontent.com/a-/ALV-UjUOwY_LXdB1SKAdQM2r8NtauvvDdtKIcoCNrCXytE5BmghzP6k4,sangat mudah proses bikin skck,5,0,2.2.7,2026-07-01 06:51:40,,,2.2.7
d71cda38-e017-4ba8-a8bf-d442c40a6eec,Muzakkiy Ahmad,https://play-lh.googleusercontent.com/a/ACg8ocIHA4XCt-UQZ3Ooz98Q7_bhxaGqXghBg-tejVAQP1wD0ZJvXg=mo,saya buat laporan cyber di sini g di gubris sama sekali,5,0,2.2.7,2026-07-01 06:47:52,,,2.2.7
10b9491b-2f79-4886-9a8f-c8de61e1501d,Anton Supriyadi,https://play-lh.googleusercontent.com/a/ACg8ocJZ-rFXoGY5XpxN8_1R-7btrUqA0b8gVNpeQ7-OdbPKQ0IxAQ=mo,memuaskan,5,0,2.2.7,2026-07-01 06:45:15,,,2.2.7
a69b524d-a2cb-4aa4-b55c-aa66ddfa0276,Fahmi Dirga,https://play-lh.googleusercontent.com/a-/ALV-UjXmnXXgJ9OCtEIz0mlncJD85-Hu9bc5w0hkOn8VjITu95y-YFA,sangat mudah untuk keperluan masyarakat terima kasih,4,0,2.2.7,2026-07-01 06:32:37,,,2.2.7
46ba2525-2953-453b-afe6-fdddaa7df903,adi ponirin,https://play-lh.googleusercontent.com/a/ACg8ocLyHCFj29ijiPD1Pntu9xi8na2PrquBlmEDkQ9PZm4O9qZtlQ=mo,terima kasih Polri,5,0,2.2.7,2026-07-01 06:27:42,,,2.2.7
83339967-77b7-43a0-b173-9fdc6b5feab1,Akhmad Nirwan,https://play-lh.googleusercontent.com/a/ACg8ocKLaupDJbr7as_tbPga7FxEvlKVEnVUpFyeEwyg8ofza7bP=mo,ok,5,0,2.2.7,2026-07-01 05:56:19,,,2.2.7
4218322f-cd0b-4768-bc5d-b2480c0ff9c1,Adi Siima,https://play-lh.googleusercontent.com/a-/ALV-UjUwKY3T5YB7m67ELuaQIf_Ag5qaDfOVn0P5WHfEnGFgsPUr3C4,terbaik,5,0,2.2.7,2026-07-01 05:41:03,,,2.2.7
b8b09ba0-daaa-4ee9-b545-d3e7c42409b7,Fathul Rozak akbar,https://play-lh.googleusercontent.com/a/ACg8ocIf3IxWsFTW4XZSP_bi1ypV72Hnxus_vmcdTdcr00Ue194fgg=mo,katanya untuk rakyat Indonesia tapi hanya melayani Sumsel DKI Jakarta Banten Jabar Jatim dimana daerah lainya,1,0,2.2.7,2026-07-01 05:28:45,,,2.2.7
35f5430d-f4bc-4570-b008-abb5b92223d0,Libertus Skd,https://play-lh.googleusercontent.com/a-/ALV-UjVvsCZKTiZB5DKpLsYS53CKJGPIgjN0N8bGJ5irkwxABp1enVTe,baik,5,0,2.2.7,2026-07-01 05:27:45,,,2.2.7
d8a2521d-d794-4811-a74e-943d71f7d60f,Sance Kece,https://play-lh.googleusercontent.com/a-/ALV-UjWxn-qTi7pxc7CDihklF8gtENgYCBQD9MzearfWmBmGnHXfC6-u,pelayanan dikantor sangat lambat. padahal antriannya panjang . harap agak diperbaiki staff pelayanannya,3,0,2.2.7,2026-07-01 05:18:49,,,2.2.7
e55b1e3d-96b5-48fa-9d78-8af7f27b4aa5,Manalu Daniel,https://play-lh.googleusercontent.com/a-/ALV-UjUG_TIO-H8BmkY7gLgcxcsnLy6qMgePfh_02GwL9pfJ_RAR4vc,Sudah baik,5,0,2.2.7,2026-07-01 04:47:17,,,2.2.7
c1097a93-070b-4b3f-bdb4-a43f5ad672c7,Huda Upara,https://play-lh.googleusercontent.com/a-/ALV-UjXADogCtHe00ALklFpooQ2j1Y196WWYtcoG0xP9_-xjZr_Acqt-jQ,aplikasi ini sangat memudahkan saya dalam pembuatan SKCK tidak perlu menggunakan lama terimakasih.,5,0,2.2.7,2026-07-01 04:39:20,,,2.2.7
ffaa230a-4dc1-4cef-be5c-3735de22e18c,Azis Kurniawan,https://play-lh.googleusercontent.com/a/ACg8ocJ5VfQcofvwcKsQ1UpldVf0HkY2_mo7c8tN1CUbviIQIdgHsQ=mo,Aplikasi ribet udah kaya Mau pinjol,1,0,2.2.7,2026-07-01 04:31:02,,,2.2.7
b47897eb-2843-4006-9a74-7fa0294700e5,Muhammad Muadz,https://play-lh.googleusercontent.com/a-/ALV-UjUDVG7st1XM3zodo1UA9M2FVXw_OB-6XRQ8Aq0JYQ2DJq24lhdf,sangat baik,5,0,2.2.7,2026-07-01 03:52:02,,,2.2.7
c665284d-0fb5-4431-be03-fdeabb2af2b0,Zultan Sultan,https://play-lh.googleusercontent.com/a-/ALV-UjUE6DAuYsHCjzt9QhyPLe__XS6Ow_zN0AcYhmrvGtnzASKFkSs,👍👍👍,5,0,2.2.7,2026-07-01 03:36:44,,,2.2.7
1990735c-8ffb-497d-a567-8ca4ef039f72,saiful anwar,https://play-lh.googleusercontent.com/a-/ALV-UjVxQgw0zIj8ecnVgT5i-Yn5MK6hKmWMFHo-5jk9r62qi85E7kA-vQ,ok sangat mudah operasional nya,5,0,2.2.7,2026-07-01 03:28:02,,,2.2.7
4b08fdb6-2441-4c0a-b1b5-f3a68dafcea1,Fyrus Mangunsong,https://play-lh.googleusercontent.com/a-/ALV-UjUGLliRlZum6Pbap2nLpNkd3UPKIyh_radlDkoK6EIoVOoQ36Ev,keren,5,0,2.2.7,2026-07-01 03:25:59,,,2.2.7
d7ebc721-afb3-4df6-b6e1-40d05c02cac3,Ilham,https://play-lh.googleusercontent.com/a-/ALV-UjUQS2KmJVozZpsOppz_voJTk1OKSB8sw4Nh8yOItv8zZ8qLhpUc,"aplikasi apa ini, server penuh 1 minggu mau perpanjang SKCK aja susah, telepon call center nya malah disuruh ke polsek, sampe polsek disuruh online",1,0,2.2.7,2026-07-01 03:24:03,,,2.2.7
79cb6008-e8ff-4b48-8428-4d1f38a81876,Handika D.Martin,https://play-lh.googleusercontent.com/a-/ALV-UjVPXTyUYHhI6sj03wVONnxTn4j57xWTguoxkSst914R2wYG5ck,"sumpah ini app jelek banget banyak bug loading lama dan gak bisa ganti foto profil. Jadinya saya sebagai pengguna merasa susah saat butuh layanan, mana harus wajib online gini. Bukannya mempermudah malah mempersulit",1,1,2.2.7,2026-07-01 03:06:18,,,2.2.7
114b30e4-83e8-4b3b-9943-1ca1605b6a50,Achmad Rafly Junaedi,https://play-lh.googleusercontent.com/a/ACg8ocKb-lddugCqWwwTOAXpWyXM2En4YEzDhoFLuVnRhr2-gh2d1A=mo,sangat membantu,5,0,2.2.7,2026-07-01 03:01:50,,,2.2.7
ba7ec8e7-5a3c-47d5-b584-f23781d0c391,Nyoman Tomas,https://play-lh.googleusercontent.com/a/ACg8ocLugPLebGqiezjV9iJT5lu-C5bZhM0rpa5YJWxcEW0svsr3cg=mo,bagus,5,0,2.2.7,2026-07-01 02:59:19,,,2.2.7
6f3a703d-7010-45d0-9f9f-6b6e94136dde,Afif Makmun,https://play-lh.googleusercontent.com/a/ACg8ocKTjoT_QSYcptUeJyxgwaYaRGxvsUpz8ucgWdvzBVaVsMNgxQ=mo,ok,5,0,2.2.7,2026-07-01 02:18:49,,,2.2.7
fc659cdc-2e0b-4da9-87da-91796602e6e4,Rahmat Maulidan,https://play-lh.googleusercontent.com/a/ACg8ocLMEbpzFc_hnNoGwUMBkaxcs5tE7RZmbVdCdy5pmh9yHMagbw=mo,besttt,5,0,2.2.7,2026-07-01 02:14:37,,,2.2.7
9d9e2e21-a952-4c03-94f8-ab5c35b11fed,Yenny Yennypadang,https://play-lh.googleusercontent.com/a/ACg8ocJVD7YFq7zarHzMWGHNTcGWKSrY9m6P853rTq1PUibaf4q-ZA=mo,mudah,5,0,2.2.7,2026-07-01 02:11:34,,,2.2.7
bf038802-fd8d-49d1-80c1-260f9ff14458,Rahmat,https://play-lh.googleusercontent.com/a/ACg8ocJSvaf_2Y-zaxHXABMsu8DZk3bu8QjKJ7UH02WTDpGqXNbzuw=mo,pelayanan yang cepat,5,0,2.2.7,2026-07-01 02:07:57,,,2.2.7
b26d4ba1-9186-453a-8b39-40a41613ebc5,Dini Andriani,https://play-lh.googleusercontent.com/a/ACg8ocKvVluhkJtTknlNHPivmLwP2RFmSSrUDZZsBY9f4tU9-qkepA=mo,daftar jumat sampe selasa belum kelar juga,1,0,2.2.7,2026-07-01 02:04:40,,,2.2.7
9ffd6b6c-5010-4188-b740-811abd85965f,22_Marvel Damanik,https://play-lh.googleusercontent.com/a/ACg8ocIt-NDfZKs_bdjZ5IuH4mqHbFl-jR2M6a4jCkHJa3BNjrqDiw=mo,aplikasi sampah,1,0,2.2.7,2026-07-01 01:51:25,,,2.2.7
98b8b7e9-ebc5-4162-9923-8a3abc26ad63,Dewi Mutia,https://play-lh.googleusercontent.com/a/ACg8ocLIBBTjjEAd3a2C9BpNLI5kMdnPFNI5H6Cky6kxbNhUqQTPNw=mo,nice,5,0,2.2.7,2026-06-30 23:45:13,,,2.2.7
2b7dca18-5e9c-438e-ae11-8d1d552c6e34,Gigih Wisnu,https://play-lh.googleusercontent.com/a-/ALV-UjV1uTzoukFlRBiv2p_Bsumyn0i7chy9QT5B-9g_3Gl8hITJzYhu,eror mulu dah,1,0,2.2.7,2026-06-30 23:19:01,,,2.2.7
bbd642b1-c326-4753-aded-fc1332cfb40c,Ardiana Rock,https://play-lh.googleusercontent.com/a-/ALV-UjVsaBv3A9jqyLlz6HQBY54tZ0wDRf9Y06RrIlr0k-OkKs4bUup0,aplikasi membantu.. ngga isi ribet buat skck dan ngga perlu kesana kemari ngurus fotocopyan mantappp,5,0,2.2.7,2026-06-30 23:17:26,,,2.2.7
6f96f531-6787-4a3e-9cca-27c01fe0a96c,fahira handono,https://play-lh.googleusercontent.com/a-/ALV-UjUO_gr4bHtGN7HlZ6OQUYeknIVphG0meUK1XdykZUupfDQGX7M,ini saya mau bikin SKCK bayar 30ribu dan metode pembayaran BRI sedang kan saya gda BRI,2,0,2.2.7,2026-06-30 22:03:35,,,2.2.7
cef0287a-3216-43fe-ae2e-1cb6736c10e2,Refandri Tosafin,https://play-lh.googleusercontent.com/a/ACg8ocL7YlotuCbExTb9nRpM-kWunZItvFRmScPInK-sy62BBiaJ7g=mo,sangat membantu,5,0,2.2.7,2026-06-30 21:18:55,,,2.2.7
c6b01af3-0c90-4778-a9fa-93a6e9a5dc7b,mimin hermini,https://play-lh.googleusercontent.com/a-/ALV-UjXA49I21GMGDdByqRcuY6sM4SIEmFPNiVx1FXjvdm470OW9RzON,good,5,0,2.2.7,2026-06-30 20:46:12,,,2.2.7
b74306c1-e50c-4f2d-ac67-119caaa3b317,Zyxphyr,https://play-lh.googleusercontent.com/a-/ALV-UjVkwMgog-X5CMzbx_fl4uyxVIbBNzHbA2MpoSKcE-bKa40MFvv9,"Template surat kuasa cuma bisa terdownload, dibuka dan dicari pun ndak bisa",1,0,2.2.7,2026-06-30 17:52:33,,,2.2.7
a08c4818-9c46-40c2-b955-d8326ebd9097,Rizky panglima,https://play-lh.googleusercontent.com/a-/ALV-UjV2XxMQdaK2LZwBw1rd7lT7pH9lbGWXAfv6c00sKQk3R7fysTnw,sangat membantu,5,0,2.2.7,2026-06-30 17:12:16,,,2.2.7
1f6d1dd1-092a-4b47-a863-6c9cf3ab5f16,Josep Artanto,https://play-lh.googleusercontent.com/a/ACg8ocK1M-yUeLCgLpB91l9yjfQWIVEP4KcmQKYRPGb0ObryjgFVrA=mo,saya berterimakasih kepada institusi Kepolisian Republik Indonesia. Dengan adanya aplikasi ini memudahkan masyarakat untuk pengurusan surat penting seperti SKCK.,5,0,2.2.7,2026-06-30 15:51:10,,,2.2.7
e7a751b1-4c0c-469d-842e-bdb5b3ba79ba,ramadhan Muhammad,https://play-lh.googleusercontent.com/a-/ALV-UjWYSLrs4FsBg6J_V-1YhJam8ZgJeyONZXISSns-kisVPU3FcLI,mantap lebih mudah,5,0,2.2.7,2026-06-30 15:39:21,,,2.2.7
064bfabf-a692-4614-bbb2-a1ed230fdfa8,Suryo SINAR UTAMA PALARAN,https://play-lh.googleusercontent.com/a-/ALV-UjUYSxxgTo7vEvfXlUGgFNB5taUXbVNl0Hd-o1nFe5K02MIAaDQAJw,selamat hari Bayangkara 1 juli 2026,5,0,2.2.7,2026-06-30 15:32:27,,,2.2.7
95843383-daee-4382-bfd2-eb73ca4f3f69,ZTIAN Gaming,https://play-lh.googleusercontent.com/a-/ALV-UjV9DXWovSmiQyr0E2FQtyTSrXpWBobAlLY5bSdInBzfEZBWXZRA,Sangat Membantu🙏🙏🙏,5,0,2.2.7,2026-06-30 15:06:01,,,2.2.7
d720b6d3-f4a9-4288-bfae-ab5318cb5555,Mariatatyrumpaidus Maria,https://play-lh.googleusercontent.com/a/ACg8ocJq4ep0z9A7Qggr4DJwBjOyooKyfcSRkNfEZ2VeyHs9qLnJ6Q=mo,saya membantu dan mudah untuk digunakan,4,0,2.2.7,2026-06-30 14:49:12,,,2.2.7
6cba7b95-f8ca-4944-8662-d7ba8f94704a,ARYA,https://play-lh.googleusercontent.com/a-/ALV-UjWFVDXPvFwGgHN856Vmola2cKgcbstE3p2cR0H6VSkCKo2eXC1o,"sudah bayar status siap cetak , help desk boot kalo memang belum siap launching jangan di launching udah bayar g jadi jadi ,minimal pdf laaaa , aplikasi untuk memudahkan looooh",1,1,2.2.7,2026-06-30 14:16:15,,,2.2.7
48c86017-6567-44be-87df-d91c1885ad42,Alfath Jahri,https://play-lh.googleusercontent.com/a/ACg8ocKfsQpBp5b3CdqUKoImT2-CU80j59gr9UA9htH5LxKQ7gZ3DQ=mo,bagus aplikasinyaa,5,0,2.2.7,2026-06-30 14:11:45,,,2.2.7
df990293-6bf2-4d8d-a436-f71b598d37e7,Septian H,https://play-lh.googleusercontent.com/a-/ALV-UjUSHYL3XAaffi5OIDvsO6WKug9I8o8mR7eY33jjaSanXCG4QimU,keren,5,0,2.2.7,2026-06-30 14:07:52,,,2.2.7
cfabadc3-d79f-449f-bfea-2cbccae08a38,Tri Utami,https://play-lh.googleusercontent.com/a/ACg8ocKyiR9tGD9kiDygppZpBKYFYM7dzY9jc2WeSu71-wUKdTdglQ=mo,keren banget dan sangat membantu,5,0,2.2.7,2026-06-30 13:52:23,,,2.2.7
2eb3765d-966f-41c1-be9e-20ce30f2f194,Ag us,https://play-lh.googleusercontent.com/a/ACg8ocJzC3_2pYimqeR3WjDJCttRhcEgP38EWlzd6VcMMJybCIqbBQ=mo,baik,5,0,2.2.7,2026-06-30 13:36:28,,,2.2.7
46342790-c70f-4265-817a-197dd3adff7a,Reza Bukide,https://play-lh.googleusercontent.com/a/ACg8ocLn9piRrmHmPgdpp4l6CT9kOKQAhCoxYx50El-Fma_kwXvSLw=mo,"memudahkan masyarakat mengurus SKCK, mantap polri",5,0,2.2.7,2026-06-30 13:23:32,,,2.2.7
f65b1cef-d545-4c42-a165-cbaf473887b6,Novi mutiara,https://play-lh.googleusercontent.com/a/ACg8ocLBhva4rqe1qClqjuZu05yIUYosTwnLX1RMLLREA_qDHFIdXA=mo,terimakasi atas apk ini saya bisa perpanjang secara oneline,5,0,2.2.7,2026-06-30 13:21:36,,,2.2.7
b2627eea-894d-492d-99eb-83d61cec629e,Pengguna Google,https://play-lh.googleusercontent.com/EGemoI2NTXmTsBVtJqk8jxF9rh8ApRWfsIMQSt2uE4OcpQqbFu7f7NbTK05lx80nuSijCz7sc3a277R67g,lebih mudah dan proses cepat,5,0,2.2.7,2026-06-30 11:34:15,,,2.2.7
eb3377c9-9066-4c05-8111-025309b5f3be,Imam ali nasrudin,https://play-lh.googleusercontent.com/a-/ALV-UjV733wwBmzaNEIA9AZ6RN-XT0sNgFNCXL7fYHOZkIOJNvFgHsM,bagus modern,4,0,2.2.7,2026-06-30 11:33:59,,,2.2.7
4aeb074e-aa20-4395-8f5f-7b032d8c3cd9,Wiwin Sriani,https://play-lh.googleusercontent.com/a-/ALV-UjV0sbzYpWVVznwJPE1teSm5BFLrzlOwAB5UYYnmPW9UxAiqwFo,mantap aplikasinya saya puas,5,0,2.2.7,2026-06-30 11:28:11,,,2.2.7
7527d6a8-856d-4a07-9572-ecd8f6edcc02,mr be,https://play-lh.googleusercontent.com/a-/ALV-UjX9UYcAPXbGsJbnPbv65dh5Hh_EJYniIzQKSOhtAP2Hk1kQKwIQ,baik,5,0,2.2.7,2026-06-30 11:17:01,,,2.2.7
869593c0-f9ef-486d-84cb-06e6421073b9,Lava Jaya,https://play-lh.googleusercontent.com/a/ACg8ocJB2W4RsW0MDaj1V0m63MT_j5UlFHb9U4q1i9rhnlg1brRrpfk=mo,puas,5,0,2.2.7,2026-06-30 11:06:45,,,2.2.7
32a85644-e6bf-471b-8cca-9101a817cf40,Danang Bagas,https://play-lh.googleusercontent.com/a-/ALV-UjWrOUs7XHqZnT95A2aquctk_Vsdt6yUOPLtmQqitTkP9Ku_J8qc,sangat bagus,5,0,2.2.7,2026-06-30 10:55:54,,,2.2.7
3929ea70-5cb9-4ef1-880d-b9710d95059a,Rendi Ytej,https://play-lh.googleusercontent.com/a/ACg8ocLA3qJTl721NTQHMiHnf5_G8uNgimxbXNGfzl0uxJ6FwagYUQ=mo,hee cokkkk akuu pilih polsek terdekat gk enek mksotee opo cekk picekk,5,0,2.2.7,2026-06-30 10:28:25,,,2.2.7
ddb48a59-61f6-4a49-bb34-7ac9eef4a57b,Yandi Suherman,https://play-lh.googleusercontent.com/a-/ALV-UjVOwyYfh5Qx256YPuJ7Y5893EGJGWDDvmzNqRJf_CWdikcJVTQ,mantap,5,0,2.2.7,2026-06-30 10:21:42,,,2.2.7
1e45c3e1-b91b-464b-ad35-3a774b92b379,Joseph,https://play-lh.googleusercontent.com/a-/ALV-UjXRacR4uTAb9h9HOVgMEmvj8qYx_G9fJYMgR-pa9rGyyGcyhc00,"BINTANG 5 KALAU BINTANG 1 tenggelam. APLIKASI RIBET login aja ribet, isi data harus berulang kali baru bisa dan gk bisa di edit kalau ada kesalahan, bikin SKCK udh isi data harus bawa printout juga, buat apa kalo harus bawa data juga mending bikin di tempat, harusnya kalo bikin online bisa langsung ambil atau dikirim, barcode nya juga gk muncul2 udh 3 hari setelah daftar, bayarnya harus bank BRI lagi, udh gitu ngantrinya lama banget. bukannya mempermudah malah mempersulit mending offline aja",5,3,2.2.7,2026-06-30 10:11:42,,,2.2.7
27755562-7ba6-4583-afed-d19ceddb4a79,Bocah Letter R,https://play-lh.googleusercontent.com/a-/ALV-UjW7y4dfxTBffHd1wxc_ybCzNmZejTPZG8wvODQgO7WP0ZgOF5mt,kenapa untuk pengambilan skck didaerah jkt semua yaa gada di jawa tengah pdahal saya orang jateng masa pengambilanya di jakarta tolong pak diperbaiki lagi untuk pengambilan di polsek terdekat dengan rumah atau tempat tinggal sesuai domisili Dari perusahaan suruh bikin skck sedangkan mau bikin aja susahnya minta ampun,2,0,2.2.7,2026-06-30 09:41:21,,,2.2.7
83d7e64e-9066-41f8-8005-11789a4a0cb3,Johar Udin,https://play-lh.googleusercontent.com/a-/ALV-UjU4yqkmzgrp7TlLVsHajOCD7Cakle-skfVY4seS8NDUJjiv6UI,gk ada pilihan polsek buat daerah saya... ke polres jauh bgd... tingkatkan pak pol,5,0,2.2.7,2026-06-30 09:23:32,,,2.2.7
bc0c64c3-e332-4796-be11-1129c6772867,Dikri Dikrillah,https://play-lh.googleusercontent.com/a-/ALV-UjXv83NRuy09yN1kVIgaTD8i7c8ojbY1SgGi17jw8fJmzgRrS_Pl,ngisi data polsek aja gabisa ga lengkap gimana ini hadehhh,1,0,2.2.7,2026-06-30 09:11:57,,,2.2.7
48e384a8-03eb-4b4d-9290-1a96cc1d0e90,Muhamad Aldiansyah,https://play-lh.googleusercontent.com/a/ACg8ocKoO-JjLDmZL_WIRStFQO1-jQkWHT6Ngm-MppX7eu_D1xNQ5g=mo,"polseknya tidak lengkap, Polsek Pangulah Baru tidak ada",5,0,2.2.7,2026-06-30 08:25:53,,,2.2.7
4f2a161f-39c0-435f-8bbc-8715d86fd114,Marianus Nando Mbanga Wula,https://play-lh.googleusercontent.com/a-/ALV-UjVTVEcwVvSklVzFyQa44NtYZzVvj-S6oNom7jtNin4kmNC1199PDg,PELAYANAN ONLINE NYA SIMPEL,5,0,2.2.7,2026-06-30 08:13:37,,,2.2.7
83d4f2c5-c6fd-44f5-8df7-5402d1412b09,Salsa Putri,https://play-lh.googleusercontent.com/a/ACg8ocKj4OImzYh4hpWmpCmOCyfAeu0xyY_mWN1XbOfnTAQJrcg7ZA=mo,puas,5,0,2.2.7,2026-06-30 07:53:11,,,2.2.7
2a6c536b-cb13-4ec2-9531-8cd487dbf238,Wasap Wasap,https://play-lh.googleusercontent.com/a/ACg8ocIth7TrXoe9VJzKhP2smLfXNUQoHRzCn1lykTasMbL_SQVTSQ=mo,aneh di apk sampe jam 3 pas dateng jam 2 udah tutup pengambilan skck nya ga bener,1,0,2.2.7,2026-06-30 07:42:00,,,2.2.7
1ee90e19-d644-4354-b4d8-1652d9374548,Yusuf Padilah,https://play-lh.googleusercontent.com/a/ACg8ocLQc_5I5GBa4bKJYL4zSJMqXUbtaoNc63KAFx2cdy0Gon9K=mo,"tolong dong yang buat aplikasi, applikasi perbaiki lagi supaya aplikasi nya lebih mudah dan tidak ribet ketika verifikasi data pembuatan SKCK. ini soalnya udah beberapa kali log out terus tapi tidak bisa di ubah lagi.",1,1,2.2.7,2026-06-30 07:12:06,,,2.2.7
0dae2f89-5cc2-4e00-8f01-dd4c6d729a7b,Reno Tegar,https://play-lh.googleusercontent.com/a-/ALV-UjV2EA3n0_ph0gszPvWre8Jz3hyZTt07hlpUiPmRhdGwl-RpBO2o,"pembayaran nya wajib bri, sedangkan gak semua orang punya bri",1,0,2.2.7,2026-06-30 06:48:39,,,2.2.7
095bead9-a9cd-46d7-bac0-ad9058c24f00,umar hanif,https://play-lh.googleusercontent.com/a-/ALV-UjVUKjA8SeYMKoFoDfQY_RNGtpbblKDqdf10lHNpIwaYrUjsH22h,siiip,5,0,2.2.7,2026-06-30 06:30:17,,,2.2.7
32385b59-9ef0-4c7c-8f86-b7a8eba3a84e,Joko Permadi,https://play-lh.googleusercontent.com/a-/ALV-UjWu5vhjWViiWDmNmfWSIZwsDHHc8UR0U9XAHOmGFSKBh0p6lIg,sanggat membantu,5,0,2.2.7,2026-06-30 05:49:20,,,2.2.7
3b5b6bf7-dd8b-46c6-b113-a0bab2e1d74d,fahmi 04,https://play-lh.googleusercontent.com/a/ACg8ocLzJS_MgdcMjlNEeXx07fiszTGdEJoKIKPJcSrHNDH4tOFQiA=mo,bagus,5,0,2.2.7,2026-06-30 05:47:22,,,2.2.7
3fcc1e40-6af8-4c80-8601-ff51b8efc06e,Julyan Dodengo,https://play-lh.googleusercontent.com/a/ACg8ocL_lgztV78HrgP9TReUnUmuxZOrSdR5EgFCMZFEea7D1mcIHg=mo,sangat bagus,5,0,2.2.7,2026-06-30 05:21:37,,,2.2.7
5a5336e8-1a35-4598-9e6d-040b5e794486,Najib Murobbi,https://play-lh.googleusercontent.com/a-/ALV-UjWoEO_isWCaMFixQ3XPqNjB_5lTLaDBvr-Bb2yPRB_OGGu_aLAW6Q,simple dan mudah,4,0,2.2.7,2026-06-30 04:55:17,,,2.2.7
072b1622-e03c-4273-93e4-889fc847a279,agus 2N46,https://play-lh.googleusercontent.com/a-/ALV-UjVpmQr9rFbi4NNwNGiDXfhK6U5nMR-6d7KvrlQIMViTbaJEk5o,"Mantab 👍 pembuatan SKCK tambah mudah, pengisian data,pembayaran,lokasi pengeprinan juga mudah.. tidak ada lagi foto² copy an.. aplikasi lancar jaya. pertahankan, Bravo polri 👍👍👍",5,0,2.2.7,2026-06-30 04:41:51,,,2.2.7
31643b18-d1d9-402f-a912-cbe5de875448,Anis Noviyanti sragen,https://play-lh.googleusercontent.com/a-/ALV-UjXEsRltaeTkjfxDt8KmwaFPJOpa1v0zOHO5rHKI26tBUSFct13Q,good,4,0,2.2.7,2026-06-30 04:40:39,,,2.2.7
a0e7c380-9b7b-446a-93f4-ba6b32c7f6f3,Codename: Terumi,https://play-lh.googleusercontent.com/a-/ALV-UjWnVHC38e6fNfUs78PgXR9tl7p4OsKhPtoltdfKmig2nAq_Ebcl,"Isi data untuk membuat SKCK dipersulit, terutama pada bagian biodata. Sistem aplikasi tidak memperbolehkan penggunaa untuk menyalakan opsi ""Isi data sesuai KTP"". Saat opsi tersebut tidak dinyalakan dan saya akan mengisi kolom Kota/Kabupaten, daftar Kota/Kabupatennya malah tidak muncul. Tolong dengan amat sangat, perbaiki fitur-fitur yang ada dalam aplikasinya. Seharusnya aplikasi ini dibuat untuk mempermudah masyarakat.",2,2,2.2.7,2026-06-30 04:23:34,,,2.2.7
6651bee0-8d10-4392-969a-2c9ae5bbdc3e,Nyayu Halimah,https://play-lh.googleusercontent.com/a-/ALV-UjVpY7KkbUo7XrPHjVm8c_egadfCMp_tQmXodUZmvucRuKw9vqs,"sangat memuaskan.tidak perlu lama membuat skck di kantor polisi.cukup via online,selesai.terima kasih Polri sudah memudahkan.",5,0,2.2.7,2026-06-30 04:17:49,,,2.2.7
a7640f57-9559-45f3-a1a4-573e93746504,Lalu Pahruzain,https://play-lh.googleusercontent.com/a-/ALV-UjVF_sUEhzkMpeWHS3NASp29WDNJ___S019CymLUfLa2rE1SWBRB,proses cepat,5,0,2.2.7,2026-06-30 04:17:02,,,2.2.7
6abaed2d-e230-4dc3-bfa1-b23a392bea6f,Hp Kentang,https://play-lh.googleusercontent.com/a-/ALV-UjVVAN8MH3fiYhbSpB2pPKfRm6FTwA7W2VsU19_7r4_c4V5X8m0,oke,5,0,2.2.7,2026-06-30 04:16:03,,,2.2.7
ecd3d349-3d73-4281-949b-38067fb3e271,sri wulandari,https://play-lh.googleusercontent.com/a-/ALV-UjW_ji5977oQNEuB8nTm8cOjYe5ilErtpAsL4kceTcgK6c403jBt,aplikasi nya sumpah lelet luar biasa. mau masuk kan akun aja 1 jam sendiri loadingnya belum lagi masukan data lain lain..ayolah lebih berbenah masa kalah sama aplikasi buatan sd,1,1,2.2.7,2026-06-30 03:43:07,,,2.2.7
9fd596b8-a1b2-447d-bc58-0eac70e9c5ae,Saman Poncol,https://play-lh.googleusercontent.com/a-/ALV-UjVcLciAm2BShpan_DgiTz3wGqm4XDyYZ3AhQv_xaSmHeaEE824,"sulit tetapi mendidik untuk jadi pinter top sistem, untuk kelancaran, sempurna.",5,0,2.2.7,2026-06-30 03:36:38,,,2.2.7
db70ae9a-028f-4e0a-a69b-ee7ea88a9fa4,Lana Lisa,https://play-lh.googleusercontent.com/a/ACg8ocLNjUUQ9MRaWMiMSk4PucA6xm6PGXlQ3YTuJvBI6eSQzv_efA=mo,pelayanan ramah sangat memuaskan,5,0,2.2.7,2026-06-30 03:34:33,,,2.2.7
93a3e997-7df7-45b4-b989-ceb3bfb8104f,Syamsul Maarif,https://play-lh.googleusercontent.com/a/ACg8ocK3Q8Phk7j40PQhXURPVxIiiLOEp-9_kGGearTq09PlRJ01kQ=mo,"lanjutkan akselerasi presisi digital 🚀mudah , efektif efesien, digital",5,0,2.2.7,2026-06-30 03:17:49,,,2.2.7
13b70c23-1827-4c92-8618-4cb3a7c7e35a,Efa Ajeng,https://play-lh.googleusercontent.com/a/ACg8ocJwHyz2Ni_qgr04KYfSOGbQ0lHiuded3_WjpiMAoosWfOjktg=mo,keren,1,0,2.2.7,2026-06-30 03:17:47,,,2.2.7
fbc6f313-0d1c-4963-b2ad-52423b656775,chana lokal,https://play-lh.googleusercontent.com/a/ACg8ocKMHpDLsYdQMbm8T5ohFJBl2wN9cej3TVohRKgni0qZjoOBsQ=mo,"pembayaran ribet, harus akses pake selfi megang KTP udah kaya pinjol aja",2,0,2.2.7,2026-06-30 03:12:24,,,2.2.7
d9d60bb3-0cb5-4eba-925b-594aaf8f49fc,Wiratno Buyung,https://play-lh.googleusercontent.com/a/ACg8ocKfa4IgPfWKdGiNLN7fDRW33Ri_Sy8DFX_rkHUkStWUlAOaMw=mo,sangat membantu,5,0,2.2.7,2026-06-30 02:29:34,,,2.2.7
9335cc52-7e7f-4a8a-b47a-ea009620e1fa,Hadia dia,https://play-lh.googleusercontent.com/a/ACg8ocKUdsXqzzlTWc9Nd75x9nvp_gxkQZZuW88172lfP3I-X1pDcg=mo,bagus,4,0,2.2.7,2026-06-30 02:28:15,,,2.2.7
5f04c443-5381-4d14-aa6f-61f2d58fe16c,dosmaria sitio,https://play-lh.googleusercontent.com/a/ACg8ocK_VGwRrI3Z2EoNAeJdAFJt62aL0soEyBXuycIntrAZWZEpgg=mo,Baik,4,0,2.2.7,2026-06-30 02:19:00,,,2.2.7
767e83e8-2707-4d4f-8179-da6e75236c78,ananta fauzia04,https://play-lh.googleusercontent.com/a/ACg8ocLAdAjyPHyiH5wWM2Xv10xZgH388Byc7FF7dwzSNdOpmil98Q=mo,pelayanan sangat memuaskan,5,0,2.2.7,2026-06-30 02:16:03,,,2.2.7
b34fa696-5229-44c5-b5aa-7f2f97c74618,Irfan,https://play-lh.googleusercontent.com/a/ACg8ocLgeUdZzswJllyKtiTHCFqJopa6g3KWNlKOeLqevUFtEcrqxQ=mo,"bagus dan simpel, transparan,",5,0,2.2.7,2026-06-30 02:11:23,,,2.2.7
24a6977b-52c8-419f-97db-cfb574035f0c,Rafly Santu99,https://play-lh.googleusercontent.com/a/ACg8ocIVNBJYYL2Jz0WCVKcC9u_wauKVDV_5HSMs7Ye9Rc1viEszZA=mo,bagus,5,0,2.2.7,2026-06-30 02:11:06,,,2.2.7
0e9912a7-b57d-4da3-8208-43e7d99d1832,Nurdin SE,https://play-lh.googleusercontent.com/a/ACg8ocI_9g1oQ9Z3BMYHvFmMqu_gVZ1OCPQdhuyXCC403e4G0iZKDw=mo,sangat membantu,5,0,2.2.7,2026-06-30 01:48:40,,,2.2.7
ce25d943-0bc6-491c-8028-109c10c5f065,Lia Nur Anisa,https://play-lh.googleusercontent.com/a-/ALV-UjWR8omAUeqMXdLMZe5wgeGSrbFhUI9oGJVBIF9BtNjL7tRxTr0,best POLRI,5,0,2.2.7,2026-06-30 01:36:57,,,2.2.7
86d8c1f8-4cd0-4ff3-8fde-9797436499f0,Yan Sophian Tuwoh,https://play-lh.googleusercontent.com/a-/ALV-UjV_z5kU8odZBIpLy8OxBhdHvxuNgJL_Sfh4huL5Abcy2arr7u0B,Mantap sangat bermanfaat,5,0,2.2.7,2026-06-30 01:25:06,,,2.2.7
4c24911b-67c1-4d3d-a550-e86c9b8119ae,Galih Pasker,https://play-lh.googleusercontent.com/a/ACg8ocLD9QeGE_D1y4mNJkGgBwTT2cPdGMh1lA1N1c4JsZDeqmwilg=mo,berguna bagi nusa dan bangsa,4,0,2.2.7,2026-06-30 00:56:21,,,2.2.7
6fbc8cb5-f575-45b8-b577-6a24d483e747,aldi MN,https://play-lh.googleusercontent.com/a-/ALV-UjULgqWN1wVjeRSSlZyRPOsNpvrNvITNJctemm9_zfZg0_DBitE,sangat membantu sesuai dengan kebutuhan jaman,5,0,2.2.7,2026-06-30 00:32:14,,,2.2.7
622562b2-f7f9-46f6-96fa-59b46e732771,Beejoe Quu,https://play-lh.googleusercontent.com/a/ACg8ocLCtvTS36f0fnMP9yDOYEBdzOoPD0OMG5c7hsJQ35mxuY4e2g=mo,sangat sangat bermanfaat,5,0,2.2.7,2026-06-30 00:22:38,,,2.2.7
cb6a0847-8b01-44b0-ba88-fe77c196a44f,Ithin Christina,https://play-lh.googleusercontent.com/a-/ALV-UjUXFM_DfyJivjawtu3LlvB4yf7G1VX98eColL4DTF_ElWZw56k,Sangat membantu,5,0,2.2.7,2026-06-30 00:12:34,,,2.2.7
334bc3e9-4b67-43f7-bbb5-dd9726d6b936,Alan wae,https://play-lh.googleusercontent.com/a-/ALV-UjXRNGRgr93bkcR2ACITtqgWMWs7NrJr4lP7PTRovcK99SAyJ4Xg,"aplikasi mempermudah pelayanan masyarakat , akan tetapi memang masih perlu sedikit perbaikan ,",5,0,2.2.7,2026-06-29 22:43:22,,,2.2.7
47e46013-b795-445b-84cf-3187c8019de0,Yadriw Ikunlovers,https://play-lh.googleusercontent.com/a-/ALV-UjVS2hTyWik4iCkGTQptYS4OukNtAag99r3iq8jdzWW_L3sA3Os,Sangat Bagus,5,0,2.2.7,2026-06-29 17:14:04,,,2.2.7
ca5b5fff-4fce-428d-96db-6a6c4cbfe9fc,ILMAYA SHOLICHA (bufferswearehere),https://play-lh.googleusercontent.com/a-/ALV-UjVAJfHfq4KmpRJ0k9kMHg9wJaGgYSJr1zpYKpLcVnrrdyh8aC6MXA,"bismillaah, saya pikir akan dapat keadilan ketika lapor, semoga Allaah tolong dengan cctv dan pengukur kecepatan laju kendaraan di banyak lokasi",1,0,2.2.7,2026-06-29 16:24:32,,,2.2.7
d8ebf155-03c5-4491-b787-9673dcbef275,Yakup Kuswara,https://play-lh.googleusercontent.com/a-/ALV-UjXBA8Ll1tgXvB2XcQJ8bMlsgjhe2yc-my40327l9sgh5HaaqT1i,mantap,5,0,2.2.7,2026-06-29 16:22:17,,,2.2.7
3fd9d311-6017-4ddc-9df8-9c6a8a2cd979,Ananta Gurusinga,https://play-lh.googleusercontent.com/a/ACg8ocIYkmIHuQ1Ge3jJOk4xE4KjlCXdc_QcV5utpYiTU47Z5Zpe9w=mo,sangat baik 👍👍👍,5,0,2.2.7,2026-06-29 15:30:54,,,2.2.7
5c9a6bbd-56af-4508-997f-cc13d6760f1c,Novie A. Mustova,https://play-lh.googleusercontent.com/a-/ALV-UjXjpp8aEyO-9mFmh8INO5n7OCPzkkWGBlfEPEVDydBU2Kellg,"seperti biasa, aplikasi bikinan negara servernya selalu lemot.payah",1,0,2.2.7,2026-06-29 15:06:01,,,2.2.7
09712909-7ced-45a3-a779-10432115d88e,Tiara Dwie Destiana,https://play-lh.googleusercontent.com/a/ACg8ocKIiDvctyowOELHPopSf7RCD96ALqjyJGJFFna9opSGVFPuHw=mo,semoga lancar selalu,4,0,2.2.7,2026-06-29 14:32:04,,,2.2.7
c4a93c54-c99c-4dba-9da5-96943f3198d2,Andrik Wahyu Saputra,https://play-lh.googleusercontent.com/a/ACg8ocKGlExQeSL8jTuT5azPRRF8jhNxh2vg3Z5h8k33v_qn-5nWHQ=mo,membantu,4,0,2.2.7,2026-06-29 14:25:01,,,2.2.7
72ef0936-e6a4-4a84-99e9-62e2512ed4fd,Ibam Mahardika,https://play-lh.googleusercontent.com/a/ACg8ocJjSqcIF-vGAF9MGDQJxP144BeMJDGtjlVT48FfwlzVsivSXg=mo,OK banget,5,0,2.2.7,2026-06-29 14:07:14,,,2.2.7
876908f5-265e-4704-9c34-47c75e3cd8bb,Yusran Arsyad,https://play-lh.googleusercontent.com/a-/ALV-UjUBVKHz2_OMJvguHItuvyPEShyPdxcujupWZQr9gYVXCGm85c_K,mantap,5,0,2.2.7,2026-06-29 13:47:56,,,2.2.7
57926773-a750-47a3-a6fc-c638232a5838,Ahmad Yasin,https://play-lh.googleusercontent.com/a/ACg8ocI8RIUzE08wucK9IMH5EOM-oOFb9zl8LOJOH1dU6H_XWVdh8Q=mo,baik',2,0,2.2.7,2026-06-29 13:43:28,,,2.2.7
7b9d6fb7-cb31-4fbd-8f47-d80a55c7f2c6,Egoy Irawan,https://play-lh.googleusercontent.com/a-/ALV-UjW1_jpm0C3-wPUi82dAspm2-9fwBVDIB_L9Z5uxWXweRPZ9iHs,baik,5,0,2.2.7,2026-06-29 13:14:42,,,2.2.7
35ce449f-1976-4388-a24c-2dbf636f790f,Ceisya Azizah,https://play-lh.googleusercontent.com/a/ACg8ocLO6aaAgAoXNB4_DzscAeoPH8ioFyePp-PjQInBK32FxKMP5g=mo,sangat bagus,5,0,2.2.7,2026-06-29 12:41:52,,,2.2.7
257a3aa2-e2e4-4e0d-8ac9-cc380d5cb429,Anaa Afrinda,https://play-lh.googleusercontent.com/a-/ALV-UjUso1bRjRv-c1Ra-_XAk9DUzG3DKfPyUJT-3ol48zS39zhMM-8,sangat bermanfaat,5,0,2.2.7,2026-06-29 12:29:07,,,2.2.7
bfdf27d9-94be-4b73-9650-db49123ceda7,Rizky Fatkhurrochman,https://play-lh.googleusercontent.com/a-/ALV-UjXXsu4nYm2ax_mHKW-awegEgwJeSM2AOWSz3pFY8aW6GS1ht5x-,"aplikasi sampah, mau buat skck aja udah mau sebulan ga jadi jadi",1,0,2.2.7,2026-06-29 11:50:50,,,2.2.7
ed27d895-e01c-4245-b1da-2c5a8e01b90e,Andi Supyan,https://play-lh.googleusercontent.com/a-/ALV-UjUhtFyl11DlCQRa-NFX23wV081OF5E9KCf9C4rwTGmaw6x9lX0,sat set,5,0,2.2.7,2026-06-29 11:38:41,,,2.2.7
fe5e9818-4172-4bfa-b499-bfed84f3236a,Imam Mq,https://play-lh.googleusercontent.com/a/ACg8ocIQF6F_N0ivBIo1CBPt3ZzBSleSjXhbTL8xuclGJSzshoY0RA=mo,ok,5,0,2.2.7,2026-06-29 11:17:03,,,2.2.7
e91eadfa-85c3-41cb-87f1-52c66caefc0a,Onah Astuti,https://play-lh.googleusercontent.com/a/ACg8ocJ_7XsZXcRg5pVx4ruT1rHd8rLy7reyWbqXShIHt_HrAdlwiA=mo,aplikasi lemot banget wifi kenceng feedbacknya lambat,1,0,2.2.7,2026-06-29 10:57:59,,,2.2.7
0ebd3eba-3a1d-40b1-8952-b159681a8404,Rita Yulianti,https://play-lh.googleusercontent.com/a/ACg8ocJJaesm58n19YANkIWndUZWc-7FlBgh9zrz2S1gF6WOzQS4wg=mo,oke baik,5,0,2.2.7,2026-06-29 10:57:30,,,2.2.7
f1243010-7fb9-4a6d-98d4-3f37c2987c93,I Gede putra Ike widhiana,https://play-lh.googleusercontent.com/a/ACg8ocJis0nn1HAwtVw4rweddigGo6is1BUyXw7bEDZAcMGHEYW_ag=mo,sangat mudah dan ringan klau mau keperluan apapun tnggal dirumah sj,5,0,2.2.7,2026-06-29 10:44:57,,,2.2.7
943c1ec4-5fdf-4ccd-8111-306e3c1ca9b6,REYNALDY HENUK,https://play-lh.googleusercontent.com/a-/ALV-UjU1SpHLb2Ej-pUsDVjoLoBRSCbX2m7bYM1TLPxhRC_q3wTq5k_D,👍,5,0,2.2.7,2026-06-29 09:58:33,,,2.2.7
adc420b1-8c2c-4178-b31c-8d139a2cdff4,Mandra Gunawan,https://play-lh.googleusercontent.com/a-/ALV-UjWsFRT5V8IsDwS1Ffd305kwk-cizNacOc9hyu4-0suNQCqr6vhq,pelayanan yang cepat,5,0,2.2.7,2026-06-29 09:41:34,,,2.2.7
5e344ecb-edf8-4d3d-a402-83bcba8e316a,Denis Juliansyah,https://play-lh.googleusercontent.com/a-/ALV-UjW6GLRUYRWO7O-kTTFwAMEvxYJRZE65TraflTAqKJuPqjrbEXN4Wg,"apk parah digital digital verrif muka aja susah, gimana bikin apk bukan ototmatis malah manual vermuk susah hadeh pantes kagak maju maju indonesia",1,0,2.2.7,2026-06-29 09:40:57,,,2.2.7
9907f6aa-0fb4-481f-bc0a-8769fa126380,Yogii Sepda0509,https://play-lh.googleusercontent.com/a/ACg8ocJ8TDKWKu6TxLsN8yvgB0Cs12VPXCJ1K4C9u4AiLDBJPnQNLw=mo,sanggat baik,5,0,2.2.7,2026-06-29 09:25:59,,,2.2.7
1bc801d5-60c4-4457-9b12-e8a8c7ebebfe,Dadang Jaelani,https://play-lh.googleusercontent.com/a/ACg8ocIA1JG1G-Y2D-yJ7utlPS-jlBK6GNAE22SUY7ZBFaYaKlSAWQ=mo,aneh aku buat SKCK masa pengambilan nya gak sesuai sama di KTP sih,1,0,2.2.7,2026-06-29 09:07:27,,,2.2.7
0b5e13a4-a6c2-4897-bdff-f5b07b3ba905,Rifal 041,https://play-lh.googleusercontent.com/a/ACg8ocJlkIR6T7lt-PVUrCxlGX8zlHQSddLAF4HCMU3yfTTNC4RMQw=mo,Sangat membantu,5,0,2.2.7,2026-06-29 08:51:17,,,2.2.7
268c65bb-77a0-4100-bf95-9aed11f98c7d,Panji juli,https://play-lh.googleusercontent.com/a-/ALV-UjUer27a1kn1CgDhW7yMEVA0_EAGCNlEo8kaB0ZjgcH0Px2iI_AQ,Aplikasi sampah,1,0,2.2.7,2026-06-29 08:18:25,,,2.2.7
0efaa407-96ec-4583-bbbc-8ec11c3f91fc,Endang Sumarna,https://play-lh.googleusercontent.com/a-/ALV-UjXg5x7z--LsYTlDWXwhUO2A6nF9zT8YSpFQwVfo4vI4jma8G6Q,mantap proses bikin SKCK lebih gampang dan mudah tinggal mengisi dokumen yang sudah tersedia,5,0,2.2.7,2026-06-29 08:16:43,,,2.2.7
95102e64-2043-412f-8fdb-b28ae1874648,Rangga Ardhi,https://play-lh.googleusercontent.com/a-/ALV-UjVE35hcvKZM8NuLqkizG2ccH8jA2l8dGyow9xGKVmZR4X7vY9Y,keren,5,0,2.2.7,2026-06-29 08:13:06,,,2.2.7
1e89a3a1-d5c1-4224-89a9-7269efc15159,angga,https://play-lh.googleusercontent.com/a/ACg8ocJLG_4MYkozBA6HO4-9qaNepNCuJZq7LUJmky48PHP5ilQp4w=mo,bagus,5,0,2.2.7,2026-06-29 08:00:34,,,2.2.7
05723b24-dd77-48e1-bb8f-4c183f2663f0,Ridho Fahmi,https://play-lh.googleusercontent.com/a-/ALV-UjX2F3uWa4yNol8c3Z-KjWudUY5YvYlFol9vSoqMvsf6YMmKj3e9wQ,aplikasinya setara buatan anak SMA,1,0,2.2.7,2026-06-29 07:58:59,,,2.2.7
e8d5f652-c6b8-463f-a9a2-9009727945d3,Fahrudin Din,https://play-lh.googleusercontent.com/a-/ALV-UjVxs1MahR0GFCq66RE-usNPVZ4AMgtLr7OS7HxPEBFqv5ueyg61,puwas pelayanan dari onlie,5,0,2.2.7,2026-06-29 07:35:26,,,2.2.7
5fade7db-d5d9-48ca-8098-23cb0bf9f640,Retno Sari,https://play-lh.googleusercontent.com/a/ACg8ocKT7qfOkf4wyx6DbKtHc_9BzNupruQrxU_5G5RlaqTCcPfDhQ=mo,mau daftar kok aplikasi macet ya...sinyal full.kuota masi banyak.tapi aplikasi nya di geser ke atas g bisa 😭,2,0,2.2.7,2026-06-29 07:26:25,,,2.2.7
6d8b3fd4-8cf9-4fdf-ace3-781c8e62515b,Karisma Karisma,https://play-lh.googleusercontent.com/a/ACg8ocJgBFIs0wSgl2gE2BPC16-mSdLN45-iZWJxoukxaZkss5OujQ=mo,sangat bagus,5,0,2.2.7,2026-06-29 07:16:31,,,2.2.7
b489c8d4-28f4-4833-a605-e194bc4aeddf,Arya Dillah,https://play-lh.googleusercontent.com/a/ACg8ocIKyqVl1BARqFMaija_InX_Cl2DknVw4n8_68JlT8b_GgwQqg=mo,oke,5,0,2.2.7,2026-06-29 07:14:47,,,2.2.7
42e80bb6-096f-45cf-ba68-0c5d50971d31,Ya Di,https://play-lh.googleusercontent.com/a/ACg8ocJRq713jGnPw5M8zgu0wBrUgL3t2BRlJb4r6stG0U3RhbdWZA=mo,baik,5,0,2.2.7,2026-06-29 06:59:46,,,2.2.7
b301aed1-d7e5-407a-8829-2fdd6dd94614,Sarah Amelia,https://play-lh.googleusercontent.com/a/ACg8ocLmKFYfv8GEGmAD4DfiAVdr116V_NlCXKvfNysGr5-kJQ9VGA=mo,terbaik,5,0,2.2.7,2026-06-29 06:51:39,,,2.2.7
f71d1f3c-5e8b-497c-9c65-58b98543bccf,Husnul Aini,https://play-lh.googleusercontent.com/a/ACg8ocJGlA2TayELhZLSzUbOmPH-jOfXbDQnUXc6JF84QgsvZRAUqQ=mo,bagus,5,0,2.2.7,2026-06-29 06:46:28,,,2.2.7
14feafb7-35f2-4afb-b2a7-571f38eca16d,Yatnaika Ika,https://play-lh.googleusercontent.com/a-/ALV-UjVFw26KeZgD91AKwMAhO5kfh4MkLjihJ5n7Y1PjuyjjDPq_Tt1O,sangat puas,5,0,2.2.7,2026-06-29 06:34:57,,,2.2.7
b2cd2fa6-7c8a-4ef8-9a8a-622870ab3552,Hoer Udin,https://play-lh.googleusercontent.com/a/ACg8ocJsNJ1i7BcZx-LbefqaYONFu9VmzDM-U0nvgeoUJiPUHqZKYQ=mo,okelah,5,0,2.2.7,2026-06-29 06:08:20,,,2.2.7
be2cc084-e33c-4bcd-9771-11c4bd12752e,iman Syahrudin,https://play-lh.googleusercontent.com/a/ACg8ocLP2rRaAJVhkniwF9-jfhe_0klYej31SME6VsoaGb25cTYceA=mo,mantap,5,0,2.2.7,2026-06-29 06:05:53,,,2.2.7
66536426-02e3-4e7d-9a67-c2a7e91572e6,roby afriansyah,https://play-lh.googleusercontent.com/a/ACg8ocJFsUfg-3Lz-hLxFW95gvP9H2rTv9ADoS10UQIZQcGxNpTQpg=mo,bagus,5,0,2.2.7,2026-06-29 06:00:30,,,2.2.7
66977510-6248-4495-b15a-db728863450f,Reyhan ll,https://play-lh.googleusercontent.com/a/ACg8ocLQ_UO-Dc3spukqDg8VDlhDL9GS2I-lEFYGs816OGYiKH8ysQ=mo,cepat cermat,4,0,2.2.7,2026-06-29 05:34:55,,,2.2.7
55d0c334-b195-4692-abfe-053e79103eac,Risqi Prayoga,https://play-lh.googleusercontent.com/a-/ALV-UjUF9-9e2rlsApI_iiFIP4dp7VZbBQnhBRS-V2HfZSn8HsgHW1bT,Sungguh aneh tapi nyata..... Saat diminta verivikasi akun.... Loading nya ku tunggu sampai 4 jam lebih... ga ada reaksinya....,1,0,2.2.7,2026-06-29 05:24:04,,,2.2.7
cfb54547-8ef0-4483-967a-06f6878ad853,Kevin Ferdiansyah,https://play-lh.googleusercontent.com/a/ACg8ocItYoN5qzlNbmx3er6Kmhh_cn6gL7Mml5faGIzI_RUq6os76A=mo,josjiss polri,5,0,2.2.7,2026-06-29 05:09:00,,,2.2.7
a37a28e1-f9e2-4028-bd07-df126170cf4b,nurra crafty,https://play-lh.googleusercontent.com/a/ACg8ocIswrSqaAd36YSLTNEWnzxqwRmz251fG7-d8l6CFZOeAIna_A=mo,"Mohon perbaikan layanan SKCK online. Jadwal di aplikasi menunjukkan bisa diambil hari ini, tetapi saat datang pelayanan sudah tutup. Sebaiknya sistem disesuaikan dengan kondisi kuota agar masyarakat tidak bolak-balik, terutama yang datang dari jauh. Mohon juga diberikan informasi jelas terkait dokumen yang harus dibawa seperti cetak bukti pendaftaran dan fotokopi KTP.",3,0,2.2.7,2026-06-29 05:07:48,,,2.2.7
e0ff30f4-dfcc-4727-b596-942801a8c691,Riski Alan junior,https://play-lh.googleusercontent.com/a/ACg8ocJf1e3BppQGRm0753_AGPepPdqz0x2rj8bpb3MdUMb_jKSDug=mo,mantap,5,0,2.2.7,2026-06-29 04:39:07,,,2.2.7
7e208cf9-3faf-49bf-b001-45a671b4c9ee,Ziya Zyo,https://play-lh.googleusercontent.com/a-/ALV-UjW-33Ds6Negp6XxgphW9wFQ-rcIqzHSXLD6B3C09IsLOczA71I,sangat membantu,5,0,2.2.7,2026-06-29 04:33:47,,,2.2.7
7642529a-b00b-40c9-8671-e23f795ce4ab,Ni kadek Asti swastini,https://play-lh.googleusercontent.com/a/ACg8ocL0hkS4Mm0Q5vJwLNjZfAJDf4E3hAZMbNhav9xVSpErRTzMyDDF=mo,polri semakin d percaya,5,0,2.2.7,2026-06-29 04:18:25,,,2.2.7
1584ffce-b825-4b49-86d7-973a045ec8ba,Siti Saripah,https://play-lh.googleusercontent.com/a/ACg8ocKZJpmB0tWjSK2VEMV9D4yua70ZtGZe_WhbS69VukW8d41DuA=mo,"mendapatkan pelayanan yang mudah dan informasi yang aktual,akses yang memberikan kemudahan dan kelancaran warga masyarakat dalam pelayanan yang dibutuhkan masyarakat",5,0,2.2.7,2026-06-29 03:31:05,,,2.2.7
cb4a1ed7-f3dd-4080-88ab-b2b5eaf8e92e,Wachid Poernomo,https://play-lh.googleusercontent.com/a-/ALV-UjUI6Xdt1aZL2K3_40N3aiJMWEBTQMuAmVPUxQIH8ivxVsH7ITo,terima kasih atas bantuannya,5,0,2.2.7,2026-06-29 03:24:55,,,2.2.7
b1423cf0-7eda-4727-95b2-438a09632049,Rismawati Rajab,https://play-lh.googleusercontent.com/a-/ALV-UjW1eCLdtnBi2RQts7YZCDUNEbEDoTTRwewLgq3ECLeL_cxiP6-0,sangat membantu,3,0,2.2.7,2026-06-29 03:22:05,,,2.2.7
77c47598-9157-47d1-9d2f-5e8ad189d2ad,Nahra Sikanja,https://play-lh.googleusercontent.com/a/ACg8ocKuI0hdrwUXOdyClH7GN31nArMU76-P1rG-tAlsRgb-42J3-g=mo,membantu,5,0,2.2.7,2026-06-29 03:15:11,,,2.2.7
786c4fa2-db7c-4b1b-aa6f-2cdcbe8c9ad6,Novita Sari,https://play-lh.googleusercontent.com/a/ACg8ocLjdhXS42u2h0g1r9k3nuJMvYpNhYYV0aWoct4nkglul60OWes=mo,good,5,0,2.2.7,2026-06-29 03:08:55,,,2.2.7
b18ad1a4-08b6-4bd7-a93d-cf5593123874,alpira sekey,https://play-lh.googleusercontent.com/a/ACg8ocKKQA_5PfyzhxaPnxbwb3olyeULZUa8MnO4gATewWpC2QebDA=mo,sangat memuaskan dalam pengurusan berkas mudah dan cepat,5,0,2.2.7,2026-06-29 02:49:49,,,2.2.7
b73aa623-76c4-4ade-9ce8-cbe3fad892bb,Minamin Ayey234,https://play-lh.googleusercontent.com/a-/ALV-UjU8WQ-SyDO0q8BYLqmG4LTrI5GOqGmi1wyNB_dyGnt4gmNISA0R,baik,5,0,2.2.7,2026-06-29 02:49:35,,,2.2.7
87929804-0efa-4545-8d9c-7e81d9bd8411,Ocha BG,https://play-lh.googleusercontent.com/a-/ALV-UjVQMbxwCMfraWcpiTZqo0TLlJKoztmFOooI5_YTrMyUNpJdUFF7,aplikasi nya sangat bagus dan memudahkan saya dalam pembuatan SKCK,5,0,2.2.7,2026-06-29 02:40:23,,,2.2.7
b13806a8-9850-4945-8df0-83822aeccfb6,Kinz主,https://play-lh.googleusercontent.com/a-/ALV-UjVRLDSoPKY8aluDaXFfLiaPLgRpDHgwbA4fIk5MV-bnJbLhHrByug,sangat membantu,5,0,2.2.7,2026-06-29 02:38:34,,,2.2.7
674b5df2-4c00-45aa-b572-856b440c6854,Alfirezky 22,https://play-lh.googleusercontent.com/a/ACg8ocKIk-G5DN3TXWDGRk-IHqBHVqj21mEBa8kM_7iEnZgnt-nJPw=mo,sangat baik,5,0,2.2.7,2026-06-29 02:34:28,,,2.2.7
51b379e8-f862-434e-83c4-ba94bbc759b3,sahrul ramadhan,https://play-lh.googleusercontent.com/a/ACg8ocJeXnJ1RPbLziaZGl2lh2psL9t1hNAudG7s-e-3rW_QyVqVlQ=mo,Bagus sekali,5,0,2.2.7,2026-06-29 02:26:35,,,2.2.7
bf1fb76d-1be7-4eff-a27b-34ef21f220b5,Febri Yulanda,https://play-lh.googleusercontent.com/a-/ALV-UjUqw9uBJBb8Vti1b4yi5RVEffi8_TWm2CDdExkhf75EvqLZ1FU4,"Sangat membantu, tepatdan cepat",5,0,2.2.7,2026-06-29 02:20:02,,,2.2.7
38794a8e-377e-417a-a57a-981672bcf130,SARTONO S. RIKA,https://play-lh.googleusercontent.com/a-/ALV-UjUCRf0xKtDDpLqm1xcRxoGFf8HkSSxpUWet8ACcym7jSv5np5uY,"Keren,lebih gampang mengurus SKCK",5,0,2.2.7,2026-06-29 02:08:32,,,2.2.7
817ead04-ba42-47fa-8c5b-38998185ce22,Alisa Alisa,https://play-lh.googleusercontent.com/a/ACg8ocKj6RuC4XHJnw6Q5ixJhIf0xPLiMi1ZMI4JvwMsVSusMHfqNw=mo,sangat baik,5,0,2.2.7,2026-06-29 02:04:19,,,2.2.7
da08f341-c9e6-4361-a7ea-09f1b483e93d,Wildan Nudin,https://play-lh.googleusercontent.com/a-/ALV-UjUoCGgMSHEQCStPyxV4YalJxu4IS3OOP1CkXIHtRs4xQMUVVDg,untuk pembuatan surat mantep,5,0,2.2.7,2026-06-29 01:47:45,,,2.2.7
62c147fa-c93d-4478-8d52-c455f943f5f0,Sari Nur indah,https://play-lh.googleusercontent.com/a/ACg8ocJVK4-9CA7zePWAb-mYikMjVzfwOq6EKczz7B270Z8dG3o12A=mo,ok,4,0,2.2.7,2026-06-29 01:10:43,,,2.2.7
8f9608d9-abeb-40c4-a573-ee5821654879,fauzi adv,https://play-lh.googleusercontent.com/a-/ALV-UjWuukpW7qnnEWMFywzWLb0mLMGaXrU27lepQ6b4rw5X-K6eE3IQnw,bagus👍,5,0,2.2.7,2026-06-29 00:53:08,,,2.2.7
35a13fc7-a401-4196-a384-f8051a5a6573,jay mancing lampung,https://play-lh.googleusercontent.com/a/ACg8ocK9aQXNYiI5ANKoQkXUWAnKEbMA0cyTpJJtRUCIPkIt9WjW9Q=mo,cepat dn tidak perlu mengantri lagi,5,0,2.2.7,2026-06-29 00:33:39,,,2.2.7
0b468e0e-628a-4e44-aef3-7759a6079860,Arya Speed,https://play-lh.googleusercontent.com/a/ACg8ocJ9FJnLVrnoZac-j0FFc3UT_-1xIt_QiScF779JpxBucsbAhg=mo,all good,5,0,2.2.7,2026-06-29 00:19:05,,,2.2.7
4a0b8e02-f06d-498f-bd38-c70c85e48d9f,Lilla Hayati,https://play-lh.googleusercontent.com/a-/ALV-UjVa2XlXDEXCVv9Ps6YL_s3A8LwxktvJrqoxjGattPQSwRBMt-4,bagus,4,0,2.2.7,2026-06-29 00:09:20,,,2.2.7
46bcacf4-2de2-4786-8ea6-450199744965,Ilham Hakiki,https://play-lh.googleusercontent.com/a-/ALV-UjX2HaCrZ7oGtMkBmz0IPyl0GCnUFa66ZsgX3Z1Ufcbri44qM7k,mau buat skck tapi belum wkwk,5,0,2.2.7,2026-06-28 23:51:45,,,2.2.7
10c4f59c-4466-4960-86de-6ac594c6e111,Dharma Yudistira,https://play-lh.googleusercontent.com/a-/ALV-UjWa2qyCESkwBPuBEuTXOBA7r1dFY2NARtcaenrL8Rh-Qq4aKp7U,Gada lokasi polsek di tempat ku masa jatim keluar nya jakarta,1,0,2.2.7,2026-06-28 23:38:26,,,2.2.7
b7a6937e-bc6d-4625-92f2-69d039218a4b,Syahrul Ramdhani Official,https://play-lh.googleusercontent.com/a-/ALV-UjUE13Qky01ri7vFucTTsLJT7B5Guaz7v2F96N2pnaTkApxhDEnA,memudahkan urusan,5,0,2.2.7,2026-06-28 19:21:10,,,2.2.7
e8ba0721-0877-4bc3-a3af-63dc129f0088,Muhammad Lathif,https://play-lh.googleusercontent.com/a-/ALV-UjV7e3VmEq1XXPe6Qr6IOQlcviVH7gpycXVMcu9UvDwZWmGwjnKe,"aplikasi apa ini, scan wajah eror mulu",1,0,2.2.7,2026-06-28 18:27:53,,,2.2.7
79f518e9-82ed-4ed3-8398-d38ab8943f56,MAQSAL MINA,https://play-lh.googleusercontent.com/a-/ALV-UjVEFSfuyS8ijdKAm0YGnvcDaEN6YTEjUzi5xzRK93IMEcSymPbj,selalu gangguan waktu mau daftar skck app elit akses sulit sangat lawak dikasih bintang 1,1,0,2.2.7,2026-06-28 16:46:40,,,2.2.7
93d2b278-e8ef-4128-8ec6-e096e9075c8e,Muhammad Rafi,https://play-lh.googleusercontent.com/a/ACg8ocJVFuVV2YLmjbN5n80D9DqdV66ygsQkPebNE_AqND_vQihA=mo,"aplikasi ini sebenarnya membantu, tapi tolong ini saya mau perpanjang mau ganti metode pembayaran kenapa cuma bisa nya BRI saya udah beberapa hari nyari cara buat bayar pake metode lain GK bisa.",1,0,2.2.7,2026-06-28 15:34:03,,,2.2.7
0534873d-be7f-4951-a278-8ba86fdff903,Noor Rochim,https://play-lh.googleusercontent.com/a/ACg8ocJlzX5ZY9P8ls3Ivyt98nrmJD6FysDRr2i3eSJPcoRz4BQOmA=mo,Luarbiasa. Canggih. keren..,5,0,2.2.7,2026-06-28 15:15:52,,,2.2.7
734ffb70-fe38-44e6-a89a-94aa277dd5a6,Rauf hayotosyarif,https://play-lh.googleusercontent.com/a/ACg8ocJCi2wnJ8Kq8YNL_4yud1N165fpBRLJfc-SKQ8r0imOcVAU5g=mo,sangat bagsu,5,0,2.2.7,2026-06-28 13:51:52,,,2.2.7
9c098f0d-9a65-43a1-bd56-68b4511ccb2c,dede les,https://play-lh.googleusercontent.com/a-/ALV-UjUJdrY2Qg7NuSGJrDCSVZsdP0kGBad8oVoD-qvHo74tGDD2raSk,email nya ga bisa di ganti apa?,3,0,2.2.7,2026-06-28 13:35:02,,,2.2.7
1dbb1767-3120-4b5b-9c18-11261dd74129,Hery Aprianto,https://play-lh.googleusercontent.com/a-/ALV-UjXLXe_vePRPjuwJ2cgh9vooaeoj9ZtUsi9kVIxwZy6IMO7Mhy3s,"masa bikin skck pembayaran cuman bisa pake bri... maaf gak semua orang punya bri, mana kalo langsung ke tempat tetep disuruh buat dari online agak nyusahin",1,0,2.2.7,2026-06-28 13:22:58,,,2.2.7
7ae895ca-bbfc-4d9e-839e-bb5b9757313d,Saifullah S.Pd.I,https://play-lh.googleusercontent.com/a-/ALV-UjXLkIxBZyhstTS-gG0ByvpKHh_-Qr9mBUHhuW_qh-2sLxIr4nqO,sangT mempermudah,5,0,2.2.7,2026-06-28 13:04:59,,,2.2.7
52f4ff2a-cde1-4d03-bf84-1cf769fd3080,Anhari Siregar,https://play-lh.googleusercontent.com/a/ACg8ocL0eMH0HHDhN_c5Ixf7rEAH064Ym9g_ZD_hTAUcxKXjUyPZ1g=mo,kereeeen Polri,5,0,2.2.7,2026-06-28 12:19:37,,,2.2.7
b78047c2-ce5b-4a97-b069-14a3184f3415,Deni Ramdhani,https://play-lh.googleusercontent.com/a-/ALV-UjUKWGlyC2-1oXSKTAl8Tkme9eY1RnsVXsIb8DfxDy5t31g6BsqH,"minta jagan dibatas pak pas pengambilan skck kadang saya jauh dari kampung ke kota pas datang kesiangan pengeprinanya dibatas jadi saya harus pulang lagi esoknya, dan tolong dibantu alat print nya sehingga dri polres bisa ngeprint dengan kuota tidak terbatas 🙏🙏🙏",5,0,2.2.7,2026-06-28 11:46:45,,,2.2.7
00c406a6-47bc-4056-a5f1-286d483dd2ff,Hacker Pro,https://play-lh.googleusercontent.com/a/ACg8ocLvTBiUSZynDJ99H7uH8uC0_VWdYgqlUSEVYiOXhrsdFYsq=mo,sangat baik,5,0,2.2.7,2026-06-28 11:39:54,,,2.2.7
6dae7e4b-6442-4e7c-a490-6e4ff8054cbc,Uny UNY,https://play-lh.googleusercontent.com/a/ACg8ocI76YRx_43r1Lhjj7FUce1VG0dNBwUg_8qdJ8WI4TyQ_9p2xQ=mo,good,5,0,2.2.7,2026-06-28 11:32:00,,,2.2.7
0b991ec1-779a-4774-899d-404e744dc63a,Reza Reza,https://play-lh.googleusercontent.com/a/ACg8ocKdtOoHqJlHkyzme4oq6GcBB_RTBNND9uwLV9U-UiPJ7fXXWA=mo,baguss,5,0,2.2.7,2026-06-28 09:50:00,,,2.2.7
935a4784-3256-48d1-801a-d4c7c8ce0b15,abdul rachman,https://play-lh.googleusercontent.com/a/ACg8ocJRQbRTN7d-Q0Eu0Er8rnAwqZxS9QCu4Lh5tY6vbrDRq8R92Q=mo,mantap mempernudah,5,0,2.2.7,2026-06-28 09:25:53,,,2.2.7
ccf9fbb4-87f6-4276-bbb9-6cc009b26517,Eti sugiyanti,https://play-lh.googleusercontent.com/a/ACg8ocKPbQeIyw8ZFvHcPcxOBq0W-Husz4XgC4peZUUtLKgnaDkEXA=mo,oke,5,0,2.2.7,2026-06-28 08:41:37,,,2.2.7
8813c498-6296-4dfd-9fc0-854691e53e04,nendih enyihk,https://play-lh.googleusercontent.com/a/ACg8ocI2uRmu8xb-39QNfCCGN_-fvgKZcVXZfxp1FlSrH1CVfAxLfw=mo,ok,5,0,2.2.7,2026-06-28 08:14:00,,,2.2.7
adefc5c7-4355-4309-8e9d-6d8a3d8caf74,Aditya Lagani,https://play-lh.googleusercontent.com/a/ACg8ocK0igxBdrBgs-L_Jwh6Llg7l0S1xr1pybvVY1q5njNcN2XeNA=mo,udah saya bayar untuk SKCK saya eh malah sampe sekarang pdf nya ngga ada udah saya konfirmasi sama mereka ngga ada tanggapan sama sekali,1,0,2.2.7,2026-06-28 06:33:32,,,2.2.7
36c8fd95-83c2-44a5-aea7-e48a0accd9f4,Nellis sakdah,https://play-lh.googleusercontent.com/a/ACg8ocIloh-LlxW1QJgiMa1gyqhSxnhBN701xrwLf0DXUioSMR2Hrg=mo,puas,5,0,2.2.7,2026-06-28 05:28:46,,,2.2.7
e8d37623-13c5-4e75-af0e-976c5e2ec3ae,Naura Nikaira,https://play-lh.googleusercontent.com/a-/ALV-UjW-UUX4ISw2PhHzr_pX0V6Z4EPAernDNmNLOnOygTvl17L6c7Q,kurang responsif bikin ribet mau nyari pencetakan Ama pengambilan gak bisa sesuai wilayah...lol bikin ribet,1,0,2.2.7,2026-06-28 04:53:31,,,2.2.7
5392a67d-fb3d-47b4-a3f7-08a344496fcf,Muhammad Thoriq Nurul Ihsan,https://play-lh.googleusercontent.com/a-/ALV-UjUIQ1JGc1bsXsko_4bsT2tdKcfFFam1dYRDC44zovKxN45vzFTz,saya sudah bayar Rp 30.000 tapi status pembayaran belum berubah. 😭,1,0,2.2.7,2026-06-28 04:22:54,,,2.2.7
cb4a1d68-a53e-4491-8885-b6810f604d7a,Delila Wulansari,https://play-lh.googleusercontent.com/a/ACg8ocJIDnCxRoghsNCJhuyW_MwLbv9a9wwSJK-IZEo5VpeF8lG8CA=mo,sangat membantu,5,0,2.2.7,2026-06-28 03:53:32,,,2.2.7
a2e4fc15-1582-481f-9651-f1d611f10ab7,ariadi smith,https://play-lh.googleusercontent.com/a/ACg8ocL8ZuNV55WOqJ1aH_vYg8v_6vz412qxsnBQt7rVBge8RFF3ng=mo,"sangat baik sekali, sangat membantu dalam pembuatan SKCK, hanya saja mungkin perlu dipertimbangkan penambahan fasilitas pengiriman dokumen yang sudah dicetak ke alamat rumah, seperti fasilitas dari Signal untuk STNK dan Digital Korlantas untuk Sim, yang ke duanya memberikan fasilitas pengiriman dokumen ke Rumah.",5,0,2.2.7,2026-06-28 02:05:12,,,2.2.7
564939a8-7809-4cba-91b7-3d35c238d102,Sri Juni arti,https://play-lh.googleusercontent.com/a/ACg8ocLIUKPJrvFMVMh6XsyxHDRVC0r5wMOUNrxMQ0GZutACZFfTjFM=mo,aplikasi ini bagus,4,0,2.2.7,2026-06-28 01:19:48,,,2.2.7
a0f470f9-864f-4426-aa5c-60de7b023d8a,Ongenz Zzz (Asrul),https://play-lh.googleusercontent.com/a-/ALV-UjXAeEkCGEI2kfuk4i5yVgYMeUtgq3fyy4aNBnReNKST_kFg7Yk,sangat membantu,4,0,2.2.7,2026-06-28 00:52:44,,,2.2.7
0f281f15-f24f-41a6-bd35-c96993141473,Nopi Nofi,https://play-lh.googleusercontent.com/a/ACg8ocKxx2W_49ftxWXo-E1VFklB8pgDIi6zAmLvkpbD7iZbJH9H=mo,mantap jaya selalu sukses,5,0,2.2.7,2026-06-28 00:42:18,,,2.2.7
3ff85309-4aa8-4105-8d98-d9ea850a9b59,Mega Anggraeni,https://play-lh.googleusercontent.com/a-/ALV-UjXsQkH0u-2Ze36gN55YiExWmz-sNc8h774VXRYgzKn2YtFeR6I,Sangat baik,5,0,2.2.7,2026-06-28 00:42:16,,,2.2.7
bec1073a-8d64-4b4b-b101-9821c612b66f,Linda Wati,https://play-lh.googleusercontent.com/a/ACg8ocKOJ9gEpShtzQfZz17jByxRJp1XLbBfxfSFHL06R3WIiHWJMA=mo,bagus untuk pelayanan nya terimakasih,5,0,2.2.7,2026-06-28 00:42:07,,,2.2.7
c85f8e6c-2eb0-4e6a-9680-467f481bd811,Pengguna Google,https://play-lh.googleusercontent.com/EGemoI2NTXmTsBVtJqk8jxF9rh8ApRWfsIMQSt2uE4OcpQqbFu7f7NbTK05lx80nuSijCz7sc3a277R67g,kinerja nya sangat bagus,5,0,2.2.7,2026-06-28 00:35:43,,,2.2.7
cc06778b-dfef-4fcc-b8f0-caa888f722a5,Tatam Pratama Pratama,https://play-lh.googleusercontent.com/a-/ALV-UjVb6AGvyIEWAyN6cECD4yGy5RX6u6GTHOohghf8CAhj7cOChpxf,sangat bagus,5,0,2.2.7,2026-06-28 00:33:38,,,2.2.7
504d52b3-dad0-443d-9dfd-89f09adf4baa,Isma Fitrii,https://play-lh.googleusercontent.com/a/ACg8ocL0rQ-Vhwurc2Kalw1hpePKe4kcWJJmqbkwnkUSV1j11tn_=mo,bagus sekali SANAGAT membantu sekali,5,0,2.2.7,2026-06-28 00:33:27,,,2.2.7
a18b1865-1bdb-41cd-a6b3-25c49d25db4a,Siti Khotijah,https://play-lh.googleusercontent.com/a/ACg8ocKzB2_HnWTpdRab4aQQ9GO7JRQKaVYezE6tmiTeGsaevc0Hcw=mo,terimakasih,5,0,2.2.7,2026-06-28 00:33:00,,,2.2.7
cd6e0d46-5f55-4af3-b5ce-32bb473a5537,Athifa Husna,https://play-lh.googleusercontent.com/a/ACg8ocKDm_wZU0LjkK8nQV6Nzp1qqD6rWUImu7omD3rb6nLFKVA5Mg=mo,bagus sekkali,5,0,2.2.7,2026-06-28 00:32:55,,,2.2.7
336fc588-0407-408c-948f-266e443d4650,Vera Anti,https://play-lh.googleusercontent.com/a/ACg8ocL6kr2Nc1f_Qk31TadkmNoeYAikO0diaJhHmogdCaa151-3HQ=mo,bagus,5,0,2.2.7,2026-06-28 00:31:48,,,2.2.7
be6f10d8-6206-453f-966a-ecf9df1eeca4,Warsono,https://play-lh.googleusercontent.com/a/ACg8ocLJwmx2PfMIQSiJXdzQ2MZz_cswhzyF5_IEbeW0I2u9W_66QA=mo,Mantap,5,0,2.2.7,2026-06-28 00:30:05,,,2.2.7
851b9bc2-f747-4adc-8450-cbd95dd97f1a,Rifqi Ahmad,https://play-lh.googleusercontent.com/a-/ALV-UjWQrS7qI4eyrAzYkcYOUyuNVac_XcPyuiU3koqRlaUsFtO1CG9i,bagus,5,0,2.2.7,2026-06-28 00:29:56,,,2.2.7
1d9c568b-8e17-4c02-810a-48d59a9efea4,MMAHRUS AlI (Ali),https://play-lh.googleusercontent.com/a-/ALV-UjWGgIH1yee6Yoe_zNFhtpGqdVIOT_OGtGeu-F-c7v0lVzT11h33,sangat membantu,5,0,2.2.7,2026-06-28 00:29:16,,,2.2.7
0c456a75-af65-4b03-b367-26d3fe803195,Zsafitri Anita,https://play-lh.googleusercontent.com/a-/ALV-UjVOA78M5wbpaEKUWUf_LVsquigaCsywZo-RZ6e70QvQ5FWIyu4,"good job polri,bersama membangun Indonesia jaya",5,0,2.2.7,2026-06-28 00:22:08,,,2.2.7
600f1862-a82d-4a5c-a438-ac9de58ba2c1,Windaristiana Bude55,https://play-lh.googleusercontent.com/a/ACg8ocLdQOLpYEL3GstYOje7VmXsOEK1kskBb_2GpV47X21tBLl12Q=mo,bagus,5,0,2.2.7,2026-06-28 00:19:11,,,2.2.7
58f896bd-fcc7-4959-9a04-0815aaeb15cb,Mestin Sarah,https://play-lh.googleusercontent.com/a/ACg8ocLti44QxQv2uEDzV01_8e5goifL4Np4BAepfLCJymPj9ZC3sw=mo,tolong tingkatkan keamanan,5,0,2.2.7,2026-06-28 00:16:11,,,2.2.7
796a3544-26db-4615-86ed-96e469761d38,Witnow Chanel 212,https://play-lh.googleusercontent.com/a/ACg8ocIGMQXxgWC4JpZEus-qXnJ8hB0LpXZiZNUpLphSOhBdEPXuAXo=mo,maju dan sukses selalu Polri,5,0,2.2.7,2026-06-28 00:16:06,,,2.2.7
7b16cecd-35e9-4a96-a5f1-8b396d132dde,Fatma Wati,https://play-lh.googleusercontent.com/a/ACg8ocJb1VJa0b4kI22pUz80i2ojE7UrgeyO8c2-iNf9zgTmzo6oSA=mo,aplikasi nya bagus bangget,5,0,2.2.7,2026-06-28 00:04:20,,,2.2.7
0073a7f4-5447-4938-b936-b69ea13dc484,Hersyafril Hersyafril,https://play-lh.googleusercontent.com/a/ACg8ocLqYuOQef_Gw0P_7SNVDuzb8QHK_Cc4DHCCXd29_e2Ry0JQVQ=mo,apa membantu,5,0,2.2.7,2026-06-27 23:27:43,,,2.2.7
b12c9f6a-6275-417b-9040-7c5a252ad071,Anita Elysius Tokulo,https://play-lh.googleusercontent.com/a/ACg8ocJicFDqTGoccZ6sTkcEiPnEs8v3gAsniIw4Bgo0jixK9nOOEQ=mo,baguss,5,0,2.2.7,2026-06-27 23:22:08,,,2.2.7
fb1f35d1-0664-48a2-bdb0-8eccd2295fcc,Silvester Haryono,https://play-lh.googleusercontent.com/a-/ALV-UjWgO9BHbRVOnJA259YU_llsyKhuq3o1h5TdifjbvfFAC4JHI8z26Q,Polisi modern,5,0,2.2.7,2026-06-27 16:52:46,,,2.2.7
8a398fd2-dd4e-4887-8565-53fbc10f459d,Arief Junaidi,https://play-lh.googleusercontent.com/a-/ALV-UjW0eL1dLz2uvD2qiWAzbH3quj_jXHaF5mAtNfv7bed0sMdyy6Hs,kaya gini ya mudah .kapanpun bisa.,5,0,2.2.7,2026-06-27 16:17:07,,,2.2.7
63f87a9c-c41e-48a8-bd40-01423c8abcc7,Ardtyf “Cuy” 098,https://play-lh.googleusercontent.com/a-/ALV-UjXQwCR9ZpRgcSwy0ClOfLDJdXIXa2SrL8hqL871YAJT09zqMR2v,apk kntooll bukan mempermudah malah bikin emosi kebanyakan data apk murahan,1,0,2.2.7,2026-06-27 15:30:57,,,2.2.7
461b47a7-e157-4e05-987c-bf291175500f,Intan nurfadillah24 Intan,https://play-lh.googleusercontent.com/a/ACg8ocKqdA8NFx5204mKy62y9CSdTNnkgt-UPOliJsBZDvi_zBgT4g=mo,sangat baik,5,0,2.2.7,2026-06-27 14:04:03,,,2.2.7
e0a904a9-b5ac-48b0-ab1c-71745aa57fcc,Alvin Wahyu,https://play-lh.googleusercontent.com/a-/ALV-UjVvOOq4yzY-i6bw4UotuiaxhAq1Ykr_sWHjP5Ck4NeD2BOcuEI,Ok,5,0,2.2.7,2026-06-27 13:59:29,,,2.2.7
282aa7cb-0e05-499b-9c4a-3a6c7bd2f2a5,Ratno Adi Jatmiko,https://play-lh.googleusercontent.com/a-/ALV-UjWXX30WMSZbKEXtU-aAZmymCPZMWjITRKOyVLVlUSP7bGh_BwQX,mempermudah,5,0,2.2.7,2026-06-27 11:50:20,,,2.2.7
5836efef-c646-48a5-9d36-6acec60a29f8,Makmuberata,https://play-lh.googleusercontent.com/a/ACg8ocIJZyjiFHwdDtvESDp_Q3f7ooqZB-yWeNtmKbY_7K8JetjDoQ=mo,mantap,5,0,2.2.7,2026-06-27 11:10:10,,,2.2.7
977f9b03-a67f-4709-8b65-5a5997541045,Rikok Dwi elyasa,https://play-lh.googleusercontent.com/a/ACg8ocKXv4gzCCWV-8yoCt0nSJU1aNgtBqYv8CU62s4SAC68mrjGcg=mo,ok,5,0,2.2.7,2026-06-27 10:54:22,,,2.2.7
fda5ccee-59ed-4819-b83e-9807b811d646,Denis Priatna,https://play-lh.googleusercontent.com/a/ACg8ocLNzqt3V1PnlSWdCsBSSBnFKNBiD9bipU91aWvBPW5ol_HKyA=mo,Aplikasi mendeteksi SIM tidak Aktif padahal masa berlaku masih Aktif. Pelayanan sangat Buruk,1,0,2.2.7,2026-06-27 10:51:02,,,2.2.7
c22d58bb-63aa-4060-9d53-0e88ea800f9a,Sofyan Byu (Piyan),https://play-lh.googleusercontent.com/a-/ALV-UjVz4VLzbjYAjU_BXrm2ew95g-8aAiY8MvYXrblFxNmSZU_iZpWc,Bagus,4,0,2.2.7,2026-06-27 10:30:15,,,2.2.7
529fd5f3-6228-46a3-8e47-a302ddb9894a,ELATH JONIAS,https://play-lh.googleusercontent.com/a/ACg8ocKCU8_UbbjRe3f_JJOeJVMMaZi_tep36ZK1LM56eW5SPvE-zA=mo,yang terbaij,5,0,2.2.7,2026-06-27 10:24:47,,,2.2.7
234875c8-04e4-42fa-9c84-38cdeff4c764,Cahya Mulyana,https://play-lh.googleusercontent.com/a/ACg8ocLNzK-Ur078-T5xj9DcmljXhQJLQnnBAy0Dhw6m9nMJjLOA1A=mo,sangat membantu dalam pembuatan SKCK,5,0,2.2.7,2026-06-27 10:08:31,,,2.2.7
bae086ae-922c-47aa-a52b-cfe19fffdabb,Eli Agustini,https://play-lh.googleusercontent.com/a-/ALV-UjXUYlpXiLPycfKW9dt_N3RDbd_26Zk8uD2i5Goo67i51fkQM7Lt,semoga lebih baik lagi pelayanan yang di berikan,5,0,2.2.7,2026-06-27 07:57:53,,,2.2.7
99030e50-f6f3-4258-9046-469f9d75ff4e,Ahmad Sulvi Fafiru,https://play-lh.googleusercontent.com/a/ACg8ocK_fGeihE7U39jo5bCrNEzZmwml75vFBFU8dJBV6nzfogp_vfk=mo,Ngurus SKCK cukup mudah.,5,0,2.2.7,2026-06-27 07:49:31,,,2.2.7
19fc09bc-1b50-4084-a5f9-b9d8fece16f1,Cyprianus Ronaldo,https://play-lh.googleusercontent.com/a-/ALV-UjUeZy9UkrIFqkaW-NXQNa4uMuFCp6EP0-LlzjjNyerI7Tsp5Yhq,Ini Instansi Niat ga sih kasih kemudahan utk Masyarakat? Aplikasi keseringan Error,2,0,2.2.7,2026-06-27 07:28:21,,,2.2.7
05594634-f44e-42ad-933e-18a3476e2886,Miftahul Jannah,https://play-lh.googleusercontent.com/a-/ALV-UjXOQbCXO8ER426RxV8K2YXTWaA6ZJU-KhbwgxWo3i94GrGVls7-,bagus teruslah berkembang,5,0,2.2.7,2026-06-27 06:36:27,,,2.2.7
ad63eb7a-0564-4b1c-b69a-4aba871e8b3b,Rosa Winata,https://play-lh.googleusercontent.com/a-/ALV-UjUAsE4HJuOKzsUXsosHBPgygCO1QNQ4krKPOkaaafUUlIfkWho,good 👍🙏,5,0,2.2.7,2026-06-27 06:34:58,,,2.2.7
914c11d9-7f9e-4b26-baef-221a436d0c6f,Noormalina_ ina,https://play-lh.googleusercontent.com/a-/ALV-UjXtetPa0CiZI6lx40e7FUp2AgWVSkoz4x3PPA86RER4PfTjyUhUpQ,kereeeennn sangat membantu,5,0,2.2.7,2026-06-27 06:03:29,,,2.2.7
6b9cef76-a735-4660-818d-c2c2de0b8c89,Nita rani Mayangsari,https://play-lh.googleusercontent.com/a/ACg8ocISzMGmdnzskudhaD7MIn5OSSiSh6yrhOnNTq5ZJm0sFnyhnw=mo,"pembayaran selsai, status gak berubah sampai expired.. chat gak respon apa apaan ini, bukan membantu malah mempersulit aplikasi ini",1,0,2.2.7,2026-06-27 05:57:12,,,2.2.7
1b0454fc-1a5f-435a-8d0f-02fb328b52f8,Yogi nursa putra,https://play-lh.googleusercontent.com/a/ACg8ocINeoCXwgGJetz6PPDh5Ga02ocX9HE47_nA1SN20YuH52j6jA=mo,bagus sekali,5,0,2.2.7,2026-06-27 05:47:31,,,2.2.7
1b7f57e8-6ef0-4ecb-ae7b-1672deb6dbca,Difa Juliana,https://play-lh.googleusercontent.com/a-/ALV-UjVqnQEIotZXLVbFdjqnOgbTO_cWJ77zKx-P-psTJqSbnf14pWI,oke,5,0,2.2.7,2026-06-27 05:33:40,,,2.2.7
607efcd8-0db7-4e22-b51a-ba048b0edfe0,Nathalia Yohana Angela,https://play-lh.googleusercontent.com/a/ACg8ocKssc2i9MXXkMYq8ArVwQzthvczLzFP-iQnmGetUgu6-2TOtEM=mo,"Sangat mempermudah sekali, terimakasih",5,0,2.2.7,2026-06-27 05:13:05,,,2.2.7
262c3275-378d-49f1-bb07-0f80f1f5a40d,Maman Ardiansyah,https://play-lh.googleusercontent.com/a-/ALV-UjXDMrgYTYaBr4iPHHmHXDXv_XtmUyxlc6f4h5TY2z3wWP-Cf9wk,"apk apa ini, mau masuk aja susah nya minta ampuun 😔",1,0,2.2.7,2026-06-27 04:47:56,,,2.2.7
a22b00ef-10f9-47f6-9ffc-c826960f87f0,Hadi Susanto,https://play-lh.googleusercontent.com/a/ACg8ocJ4nf6Lbio5GUZXdOMMSmwzYbXRv3cU5JHbK1iQF2OoOuyBCf8=mo,POLRI Presisi,5,0,2.2.7,2026-06-27 04:21:09,,,2.2.7
29d55327-cf4e-42f6-b5c8-5e30f688b6d7,Ichsan Wahyudi,https://play-lh.googleusercontent.com/a/ACg8ocLCGBXbrZpFkLGg07K2VTFEbQeDGbhWNCIjAPrUl5lwAVxj6w=mo,Mantap,5,0,2.2.7,2026-06-27 04:16:00,,,2.2.7
7ff8fb54-deb0-4c05-b11c-613103e25ec1,Andi Zopandi,https://play-lh.googleusercontent.com/a-/ALV-UjXycfY80eOu5pfvEyUi2cDWmgkVnHE71Wt7jqMGf9xiFGK-8rU,bagus sangat membantu,5,0,2.2.7,2026-06-27 04:07:23,,,2.2.7
cf51fcfc-4810-4ddc-be5f-acc5f7695695,Sigit cah nglayap,https://play-lh.googleusercontent.com/a-/ALV-UjX2y7_91w1nrN0fldRREmTvwYFVSeSFQ0rJ9ShEPb3ZVB5uJIb2,mempermudah pembuatan skck,5,0,2.2.7,2026-06-27 04:03:58,,,2.2.7
c224dbb1-a78d-453c-a735-d7f330053705,Ipul Manawoko Reality,https://play-lh.googleusercontent.com/a-/ALV-UjVitCXm6KcJgRElgfmsOrfKSHBf6-bGImtHzEfjdVI4BjLih4yj,sangat baik,5,0,2.2.7,2026-06-27 03:06:48,,,2.2.7
1af7d440-55c5-46a2-8462-c88d10fc7a3b,Aviv Rahman,https://play-lh.googleusercontent.com/a/ACg8ocKqP2_gExjQ3Ba6PSzXQawUjfFYak-6WcmwbtjchFW0GjpDlQ=mo,sangat membantu,5,0,2.2.7,2026-06-27 02:22:26,,,2.2.7
f3ad0bfc-08e8-4dd2-b6d2-00490e90f29e,LifeOF Elisabet,https://play-lh.googleusercontent.com/a-/ALV-UjVsh8OFUV2aJKZhkFdgNzQbL0h955BoZxvjyxcwLU5Zo2N3stnNXA,Mantap Aplikasi sangat bagus,5,0,2.2.7,2026-06-27 02:11:51,,,2.2.7
b208f798-f995-4720-94f5-3b13864184b1,andri bin nana,https://play-lh.googleusercontent.com/a-/ALV-UjWQqwRozdHZKM4t4z45MGasFi9liS6fybHxknJJvbof1CrMAcc,aplikasinya sedang tidak bisa di buka udah nyoba 4 hp sama aja,2,0,2.2.7,2026-06-27 02:10:36,,,2.2.7
bef6d410-48aa-42c1-86b1-397305e403bd,Hendy Windarpo,https://play-lh.googleusercontent.com/a/ACg8ocJNVjhdPwrYaFX0CT5Urbf4KyM_uwJfXa35pFpzSKqHtZIfrw=mo,riskas & cepat,5,0,2.2.7,2026-06-27 01:43:58,,,2.2.7
8e458f85-e089-4334-bc68-b0034dab7f26,Rochman 123,https://play-lh.googleusercontent.com/a/ACg8ocJUHpCcM_ERFCJP03KnkpN2sflAdiID-GxI7r9qux3G6nsYnQ=mo,mantap dan mudah,5,0,2.2.7,2026-06-27 01:20:20,,,2.2.7
dec638b6-a740-4b5f-9cb0-21457d4dd390,Moh Alimudin,https://play-lh.googleusercontent.com/a-/ALV-UjXX1nZsoq2HGrUj5tFiYOgpv3aewMQCpIY7VGBjpGo42T2TUDc,polres bangkalan makin mantap,5,0,2.2.7,2026-06-27 01:12:20,,,2.2.7
a538067b-4122-405e-9b79-d0c29aeea768,tri jasa taufik,https://play-lh.googleusercontent.com/a-/ALV-UjUgBe-QoKV0lAvxV71al7yX4kfFqcpG6UmtO2cKN41JfwOzYI8,mudah dan cepat,5,0,2.2.7,2026-06-27 01:00:18,,,2.2.7
ce436f8d-0590-40d1-88fb-ae6a52539d72,Iwan Yaprianto,https://play-lh.googleusercontent.com/a/ACg8ocLJguqGHcf-zmgBBUaYE1Zk5F_1gOmf30kquIHkaU01tHIy--0=mo,mudah pengisiannya,5,0,2.2.7,2026-06-26 22:16:05,,,2.2.7
835a4511-0052-49fa-b158-0e668ed539e8,nusantara3641 kapz,https://play-lh.googleusercontent.com/a-/ALV-UjW98CUGPcRnIRQaJeH01wk8XwO8JMhh0gcJgZ8zB3mQUWB5nPo,baik,5,0,2.2.7,2026-06-26 18:36:42,,,2.2.7
62c3cd62-2b10-45b8-b82f-6ebb9bc12eaa,hari gunawan,https://play-lh.googleusercontent.com/a/ACg8ocLaGZRvousxGW7qH9d5Tu2uLAhSwSk_dUtsLBE-w_Z_YWUyIA=mo,top,5,0,2.2.7,2026-06-26 18:27:29,,,2.2.7
46a27640-f69a-4c4c-8092-1ad81aa646e8,Nauva Aljaelani,https://play-lh.googleusercontent.com/a-/ALV-UjUiP5k41P6jASoNPSn-EP11Mj4J5Ln3T7KcGgDDQs_u7nhsHXB8,memuaskan,5,0,2.2.7,2026-06-26 16:47:49,,,2.2.7
ecdc08a8-c6f6-4b95-a142-46f6155ac422,Reza Pratama,https://play-lh.googleusercontent.com/a/ACg8ocIvvzAYpEwHb-LWyNbaf_bubhLfnPjh16LQ8JqKaHXjm4eWpg=mo,sangat baik,5,0,2.2.7,2026-06-26 15:18:08,,,2.2.7
d9d7844a-dd16-4161-9b94-4e54f6b68a86,Bima ardian84,https://play-lh.googleusercontent.com/a-/ALV-UjVJqDWRyDuVG3mo0UxnGrjJmUxfPdmM2j1r6oP2dHMZE-S4OEHS,sat set top,5,0,2.2.7,2026-06-26 15:11:50,,,2.2.7
b0f3b060-f7f6-4ae8-8e01-63626d186c87,refly Novigo,https://play-lh.googleusercontent.com/a-/ALV-UjWyl0gxUdRUHuHdzhisQtZ7Bkhe83i2Im9TGlzC9JBXKWGXt-3V,aplikasinya sangat bermanfaat,5,0,2.2.7,2026-06-26 14:59:13,,,2.2.7
73b63146-10b9-4a94-a3c7-e62cd3565558,Yuda Smc,https://play-lh.googleusercontent.com/a/ACg8ocJ2akJEZfREFgEhVkmXeaM1tQga9CZUPmIb9L45CU1TNTAZnQ=mo,sangat membantu masalah keperluan,5,0,2.2.7,2026-06-26 14:58:57,,,2.2.7
884a8776-e9ca-4f86-8b64-a18a1cc875b6,Sugeng Putra,https://play-lh.googleusercontent.com/a/ACg8ocJVb5zTKHrpVtvrCHHGDrCgs0sm9B9FRyID3eheQ9SJQlAwyQ=mo,bagus,5,0,2.2.7,2026-06-26 13:28:20,,,2.2.7
7d0c61ca-5398-46af-a281-8c9d840e2e6f,Syamsul Arfin,https://play-lh.googleusercontent.com/a/ACg8ocITzRP_tlFyRMQSXHGTsfGIhGv_BsMFQNfgUHw_RRBGG9u7aA=mo,baik,5,0,2.2.7,2026-06-26 12:49:19,,,2.2.7
e40a5da0-8885-40eb-aef2-f85769002ea8,Andhika Dika,https://play-lh.googleusercontent.com/a-/ALV-UjVEng7mauQNZI2uJTKuztXEZXG40swONHkm3VbDJ0DEU9nl526eRw,jelek,1,1,2.2.7,2026-06-26 12:34:38,,,2.2.7
35c91e1f-c745-4d94-8287-4fc1d063897b,Haekal,https://play-lh.googleusercontent.com/a-/ALV-UjU-ylWgDnj88oHqWjsDOkDg1nUnbOFeu4CKYYnZJ12nE2GVaZaU,sangat bermanfaat,5,0,2.2.7,2026-06-26 11:50:25,,,2.2.7
5c53c57f-f0c5-4519-869b-344f46a9a525,Muhammad Rifa'i,https://play-lh.googleusercontent.com/a-/ALV-UjXXLKrK502HYIGa8bx0u4plVkGjyJl3eANcKiTmNPOtcylwmzdV,aplikasi apa ta Rua hanya berikan petunjuk tapi nossi tu to proses Kam approve apa nongka Kam tu bayar nosoda les tanda tanda sudah di bayar .. nosoda layanan live chat man mo Nene Pina aplikasi lamen no Nene olo live chat,5,0,2.2.7,2026-06-26 10:58:42,,,2.2.7
26cf4a0a-4987-4220-9fbc-50d7710507e3,Abink47,https://play-lh.googleusercontent.com/a-/ALV-UjXubgqOJ41AffWq8IvO4HmmfnOi8napwV6an3I1aZnSRg8XGBUA,kereen,5,0,2.2.7,2026-06-26 10:54:51,,,2.2.7
92b1f3e2-52b0-432d-a7e3-f17650ce439a,Bagusfirmansyah Bagus,https://play-lh.googleusercontent.com/a/ACg8ocI_dzXDeoF8hCqYiySDLE4CG8zPZqi6oOQs54OJUmJ9Y_L3Xw=mo,sangat membantu,5,0,2.2.7,2026-06-26 10:49:09,,,2.2.7
f3fb085f-2b23-4266-b267-67325bbc2a89,Romi Hendrawanto,https://play-lh.googleusercontent.com/a/ACg8ocJvk5f5y4vzB1K-dhuurbuhD7qZnnBKya1ilckRSi5bpn0wPiE=mo,sangat memuaskan danbtidak ribet lagi saat pembuatan SKCK melalui aplikasi ini,5,0,2.2.7,2026-06-26 10:19:57,,,2.2.7
f01ecc7f-3ad0-43be-9f49-f4c142b1307e,Idham Cholid,https://play-lh.googleusercontent.com/a/ACg8ocKEzqXqslM5YGRnj9vgGKXINoJMUHghL3uHLtpElinkIb69Gw=mo,sangat membantu terimaksih polri,5,0,2.2.7,2026-06-26 09:50:16,,,2.2.7
41bc106b-4d90-4c7c-98ed-b36a1c871655,Sinta Pupung,https://play-lh.googleusercontent.com/a/ACg8ocLJy5vxfIA3ENQLO6OU1ShpDx7Q18DxIpc2lstYgynG3kWiBA=mo,membuang anggaran untuk aplikasi yang nggak bisa digunakan,1,1,2.2.7,2026-06-26 09:46:45,,,2.2.7
d867997c-add3-407b-998b-2585587d671f,Dwi Susanto,https://play-lh.googleusercontent.com/a/ACg8ocKhyy0xO6IEj6SC1ogzePFTFAN_9jdpKcohQke0dbXYXuPU2w=mo,baik,5,0,2.2.7,2026-06-26 09:26:09,,,2.2.7
af062805-e946-4053-a862-4b6860091c1e,Ririn Marini,https://play-lh.googleusercontent.com/a/ACg8ocKr5-HmagkbJdhNl_L5cN2OP2Gh9cUA6SjtU3WRyL84ITvuNQ=mo,bagus,5,0,2.2.7,2026-06-26 09:23:30,,,2.2.7
827a3a8b-4c84-49ce-9459-b14991dcfe2d,Hylman Maulana,https://play-lh.googleusercontent.com/a-/ALV-UjWnQ2WBJH82HBFh296z1KnLlLh6MUeE0hIryGqLTdHpmd8C036D,"bisa di benerin ga ini aplikasi? setiap buka loading terus udah di refresh tetep loading terus sinyal padahal bagus, benerin dong ini apk nya bikin kesel banget",1,1,2.2.7,2026-06-26 09:11:33,,,2.2.7
631e0f57-7602-4087-864d-ef7481d82c36,Fandi Inzaghi JUFRI,https://play-lh.googleusercontent.com/a-/ALV-UjUwSvDiK6aY3JNK3p4HbhoDXfvsdP6q5PSFhkBh17kGvtnmIb2W,ok,5,0,2.2.7,2026-06-26 09:09:09,,,2.2.7
b50baeae-6510-4987-bdd6-c0609495a375,Amirah Asmira,https://play-lh.googleusercontent.com/a/ACg8ocJm0LvBauSTyqyhbZ1u_lOIUBLhLYpcPO1Qn0-V5584AdeNphT7=mo,ribet,3,0,2.2.7,2026-06-26 09:03:04,,,2.2.7
648abbb6-4d32-4f53-a041-93d559e3324a,cornelius purwanto,https://play-lh.googleusercontent.com/a-/ALV-UjVB3k8sZB0oiWj_9G96iJP6OSCch1uBvJYfKFcpatCjGKNjgK4,Aplikasi berjalan lancar. Proses pembaran juga lancar. SKCK bisa dicetak dan diambil dalam waktu sehari,5,0,2.2.7,2026-06-26 08:59:33,,,2.2.7
fc9d59e5-d870-4099-8040-9e25ec98194c,Bunda13 Arfan,https://play-lh.googleusercontent.com/a-/ALV-UjWwcj-kZKVdMbO9WQo71zEILtf9yYRJEQLEpoW_G6clyvJ-bjJN,Ok sangat membantu,4,0,2.2.7,2026-06-26 08:03:46,,,2.2.7
462ff948-4e8c-47c1-b104-047774a2c210,Anton Yulianto,https://play-lh.googleusercontent.com/a/ACg8ocImpe-TXjF8MjkL-JopFL2SIl8U74oUrwBe51vwYknM4YKYQQ=mo,SKCK Online sangat membantu,5,0,2.2.7,2026-06-26 06:19:38,,,2.2.7
8fd665ef-3d81-4dc2-877f-3facea63981b,Iyam Katili,https://play-lh.googleusercontent.com/a/ACg8ocKNfHkdwgiBItBMC1RBC-4Cmd1Cmvdfujf_XKj2Y69WUydhhA=mo,nice,5,0,2.2.7,2026-06-26 06:09:26,,,2.2.7
e4b876ad-a309-459d-9c2b-a7deab53488b,Mr Bay,https://play-lh.googleusercontent.com/a-/ALV-UjVOQ6EkaljLXg7zat4Kx_RH3fo9wBMf8M9SIlia0B0Id19zaoax,lebih praktis dan mudah keren pokoknya,5,0,2.2.7,2026-06-26 05:56:06,,,2.2.7
b637303b-fcd1-4700-893f-b1f948ab8e1d,Abdiya Safana,https://play-lh.googleusercontent.com/a-/ALV-UjW4ew_1YwMImF9VTFI-z1Mm1mmmcd54j6lriHhdSwSkhcNFX0GX,siip,3,0,2.2.7,2026-06-26 05:43:06,,,2.2.7
5cd22a5d-e262-4dde-8af0-cd0fde7ac432,Ericho Hellsond,https://play-lh.googleusercontent.com/a-/ALV-UjVv8lyb5xFf7Zp2ADg7ujbIVTXi_NFk1odF-GCcNS5tvWMJUiM,aplikasi nya bagus proses lancar dan puas sama pelayanan,5,0,2.2.7,2026-06-26 05:36:56,,,2.2.7
b908b9aa-5880-4efe-bbe6-3c0fdf286dd8,Kembar Ariana,https://play-lh.googleusercontent.com/a/ACg8ocLqIQ0KFbU7gk4WBrzW0BExVVEnrRwYWS7dwcAiTw7TYsumwA=mo,trmksi,4,0,2.2.7,2026-06-26 05:04:17,,,2.2.7
af047e69-6bea-4bd5-af09-1a9aa4ad6c12,Heni Rohaeni,https://play-lh.googleusercontent.com/a/ACg8ocInugKrQCm844pUA6sSR6EROsJbrDKP-rV2M9b_sL2HDjSa5Q=mo,kalau bayarnya bisakah pakai e-walet?,5,0,2.2.7,2026-06-26 04:53:33,,,2.2.7
62697d51-c1c0-4153-bba5-28e1d2ad1345,Benie Bca,https://play-lh.googleusercontent.com/a/ACg8ocLgFODLxTFZSO-rlCwRcj8npHVP7N3HJIuHO1fmA1ip3hfyCUY=mo,Terima kasih atas respon pelayanan cepat nya semoga KAPOLRI semakin jaya👍,5,0,2.2.7,2026-06-26 04:52:38,,,2.2.7
c94662a4-fd6f-4025-909b-daba0a8ddd36,Gun Gun Gunawan,https://play-lh.googleusercontent.com/a/ACg8ocJPoOF6tIE5A6Wndoy60yrm_LgGXeSYvQROwOR21F34XC9DQA=mo,luar biasa,5,0,2.2.7,2026-06-26 04:41:50,,,2.2.7
e0cafee1-7716-46b5-884d-dcc6ae0f828e,bekti marjuki,https://play-lh.googleusercontent.com/a/ACg8ocIPsrCyk31nzIRnZrnDnAltiW8RJi0LkSwsU3b0wMwmiVgz9A=mo,sangat puas,5,0,2.2.7,2026-06-26 04:35:01,,,2.2.7
36c494cc-2fe3-4da9-9b5d-ec7dd2e01e0a,Pengki Pengki,https://play-lh.googleusercontent.com/a/ACg8ocI9SMyKQ1gUzSu7Z9fqdK5dJaXusQSzukMRce-XXU0pnjVRXw=mo,Sangat membantu,5,0,2.2.7,2026-06-26 04:30:00,,,2.2.7
def06eec-ed3e-43bb-b1c6-25b7868099f0,Raditya Cavin,https://play-lh.googleusercontent.com/a-/ALV-UjUC2QSYmKBDxUw1co-BOaPZEaTuNTym9Jj5tBtePaEunzDFQs4,"apk apa si ini, gajelas bgt, error mulu gajelas",1,0,2.2.7,2026-06-26 04:15:16,,,2.2.7
d7e36d87-f192-4b4d-9fba-d37300dbef8e,N Adam,https://play-lh.googleusercontent.com/a-/ALV-UjV2UQAajgK-l4xGMZpEoNuzBG-3qzfZwHyi8PXl3jtes-jQ0I8,Suka Log out Sendiri,3,0,2.2.7,2026-06-26 04:12:29,,,2.2.7
1bc4d4b2-aa49-424d-a5d0-3f60ab5470e2,Doyok Sadboy,https://play-lh.googleusercontent.com/a/ACg8ocJba3XB-hpuStM95X2d_FRMWKFU8T2bnddvTqvWxcJQB9QCjA=mo,🙏,5,0,2.2.7,2026-06-26 04:04:42,,,2.2.7
a255e26c-edfe-4bb7-8c58-433afb701a5c,nella key,https://play-lh.googleusercontent.com/a/ACg8ocKPlSl8EoECSQHATUzufuKglCDPYE4v-Ktla26JoQHjRQGmO8I=mo,bagus,5,0,2.2.7,2026-06-26 04:04:38,,,2.2.7
f84e9bbd-32c6-42a3-80cd-68d76987c80b,febri yanti pahira,https://play-lh.googleusercontent.com/a/ACg8ocKXAkX9D6muj7DNGeKdNptO_X5b3vFexsKRn-Lwk6DfwPJvhw=mo,cepat sekali,5,0,2.2.7,2026-06-26 03:53:26,,,2.2.7
3ddb7670-0c74-47b2-b22d-d78cf9f17ee2,Seblak Bandung,https://play-lh.googleusercontent.com/a/ACg8ocJr_wBE9hGsgSfS0nKmpfeK3rbuvH0A5oMFu_IfKWGKUCO2qA=mo,ok ☺️,5,0,2.2.7,2026-06-26 02:59:44,,,2.2.7
a830e213-f6f3-411a-8ce0-34455072cf32,Shila Wardhana,https://play-lh.googleusercontent.com/a/ACg8ocIcx1EkCrCDEcJVDoaWwRD-XF2AM-sAVy3vM9iXp3ERNptgew=mo,cepat dan mudah,5,0,2.2.7,2026-06-26 02:50:43,,,2.2.7
03a3d1ae-3d5d-45f9-9102-d8d1c788d061,Priza Wiryanata,https://play-lh.googleusercontent.com/a/ACg8ocIEInZcW-A6IYl_uKZvPgnoJpm7Yrt7ol4wn_TAitpoGu5mdw=mo,sangat membantu,5,0,2.2.7,2026-06-26 02:42:51,,,2.2.7
bd6a227b-b8c2-4f1b-9fe3-aa181e1c02ca,Risky Prasetyo,https://play-lh.googleusercontent.com/a/ACg8ocIF9HnD4c48_C_vKy8w1FJCdMHlb9Z02O8j2AtkvlhZyzkogg=mo,pelayanan cepat,4,0,2.2.7,2026-06-26 02:35:31,,,2.2.7
46f29980-0616-4d66-bf0a-963c56dd8941,Rajendra El makroj,https://play-lh.googleusercontent.com/a/ACg8ocLfSBuE8ztNicdkcOCjGAs5hTf7rh5kLHipxO2VH1q_v57W=mo,sukses,5,0,2.2.7,2026-06-26 02:12:33,,,2.2.7
32723fb2-a3b3-4fe8-aa1d-8c85380a9e5e,Gab,https://play-lh.googleusercontent.com/a/ACg8ocJ6uHiOkuMtVvcbXYiJnLYvLNWbsCsHBBtkAlhklgAja3SiPg=mo,Prosesnya semakin mudah dikarenakan dah bisa lewat online dan prosesnya cepat,5,0,2.2.7,2026-06-26 01:45:47,,,2.2.7
70d15a88-e334-4486-acaf-9055dee52534,aLam Syah,https://play-lh.googleusercontent.com/a/ACg8ocJJjlEuPZ8TREWKDzJUD4BE-mPYI6t7fnMYD4_hSeu91Fkf_g=mo,mantap,5,0,2.2.7,2026-06-26 01:44:16,,,2.2.7
9354a730-004b-4d95-a28e-dad3ff918bdd,Sara Fina,https://play-lh.googleusercontent.com/a-/ALV-UjWaWxBYrGj2FfRVqTnto_59-wPJr3C-OF2mWKy7CzyV4Mhevhk,server sering eror,1,0,2.2.7,2026-06-26 01:11:09,,,2.2.7
3283b011-2cd0-4701-8d25-0669449ed9f0,Agen Bis,https://play-lh.googleusercontent.com/a/ACg8ocInJPNiyvRb-Ky5lMWoDgty5SI4TYyQW6mXxVIpQUq1k6Csbg=mo,agen bus,5,0,2.2.7,2026-06-26 01:08:11,,,2.2.7
9737e93c-47cf-4721-967c-ed31166d1419,syabani aban,https://play-lh.googleusercontent.com/a/ACg8ocKT2okrFA6kt4UT9BXE_PE7cPFNCF0tsM660M4zRJcAiLiLVA=mo,mntap,5,0,2.2.7,2026-06-26 00:59:28,,,2.2.7
249f06a3-9e40-471b-be19-aff895c77a6b,Ega Subakti,https://play-lh.googleusercontent.com/a-/ALV-UjUdO0VheqSyv2fCWmwbMNwrdk5hn0e-z0IM3AqNd1C4LSySfsM,bagus membantu,5,0,2.2.7,2026-06-26 00:56:43,,,2.2.7
60d94796-df76-4a98-a210-4fe6319ddd2d,Kevin Renaldy,https://play-lh.googleusercontent.com/a-/ALV-UjWKFPzJpmIBSvPR4UtBXEYdDsenoNje_9q7WbW-LErKxINEdT7S,mantep abis,5,0,2.2.7,2026-06-25 23:11:59,,,2.2.7
3b63c7af-b8a7-43d9-8427-a483fec9a22d,Ance Kasim,https://play-lh.googleusercontent.com/a-/ALV-UjVIqmBpB5gPZV9ju6g17e0eleUehNC6TL0O-HXEid4fDRlZi2CW,Sangat mudah,5,0,2.2.7,2026-06-25 14:21:29,,,2.2.7
29391d2a-9cc5-43ad-81a4-5a0c248bd107,Arka Sujud,https://play-lh.googleusercontent.com/a-/ALV-UjVSbN1bMi9-Fo8aVbowWmsu1rPxwcKKhC_hWwVlmCQftqFH5Pmc,mantap,5,0,2.2.7,2026-06-25 14:13:40,,,2.2.7
cae9c71e-aa41-4fcd-bd93-5a592b0832b2,Karistian Tian,https://play-lh.googleusercontent.com/a-/ALV-UjXcBYYbeKZUMd_uR1pglJnjN36MLGxWvCDoIDc5YniA8WNUUQE,luar biasa,5,0,2.2.7,2026-06-25 14:11:35,,,2.2.7
c3808366-2643-4b29-a18b-b31a5101fd28,Dedi setiawan,https://play-lh.googleusercontent.com/a/ACg8ocJe9dbGxqkP8Ha44bgvX6Gh0nCVikkshKGIyrik3SNpSXwTJj4=mo,good,5,0,2.2.7,2026-06-25 13:44:53,,,2.2.7
90e2290f-e7b3-4ad7-8b11-1d9546389c58,SYAH GAMING,https://play-lh.googleusercontent.com/a-/ALV-UjXgDMsujBLdMzTt00O0ZcBg0zXJXEWudmW7R4Ai0dzE0f1_O890,"maaf ni setahu saya yang namanya pengurusan secara online itu tidak perlu tatap muka dan harus membawa berkas lagi,soalnya awal daftar kita sudah di suruh upload berkas yang di perlukan,dan setelah berhasil pengurusan secara online di apk ini data tidak bisa di download atau dikirim via by email yang terdaftar,di haruskan tetap ke polres setempat dan itu pun masih membawa perlengkapan berkas kembali",3,0,2.2.7,2026-06-25 13:06:31,,,2.2.7
3a03a5c2-d806-46d3-abbb-36d677179f0a,Abdul Amir,https://play-lh.googleusercontent.com/a/ACg8ocIXF0oQVOs3y14PipYVWebxlRLkSXg7MtWrQnnxh06zDRbQstCX=mo,layanan cepat,4,0,2.2.7,2026-06-25 12:51:01,,,2.2.7
748682f7-6996-4de7-97fa-5d8b1efda86e,Ayu Lestari,https://play-lh.googleusercontent.com/a/ACg8ocL_Ntjd8MBi6DtnZhRwtAW_An2YFuFDHphe7Mp2mgUN9iHN1g=mo,baik,5,0,2.2.7,2026-06-25 12:17:58,,,2.2.7
c8c9dce5-a717-4a45-905d-5df4dfd14a2f,Thian Tie,https://play-lh.googleusercontent.com/a/ACg8ocIKJ56G9L_pGUf30e5fs8gVCpTSvgYbG9sKGtdjfp4Hu9o3RA=mo,nice,5,0,2.2.7,2026-06-25 12:07:13,,,2.2.7
9b603234-a01b-4f4f-b4f3-2c4d66c51b52,水 · Domenicho x InS,https://play-lh.googleusercontent.com/a-/ALV-UjVopV3UwZhuOfC8yN9rwpjGFpFM6SJK2cXIAWBESqtiZMu9lpJ-,"apa ini, katanya koreksi, pas di koreksi bagian alamat malah ""alamat tidak bisa di ubah""",5,0,2.2.7,2026-06-25 11:56:48,,,2.2.7
2fbf34e0-cf52-4024-befd-5b085da0fbe9,Elmortoman,https://play-lh.googleusercontent.com/a/ACg8ocI4gLcsJ4Y8RlWMnFXYOiJWRN1MaC6nrdfIM8LiTk4JD19TJQ=mo,sangat bagus,5,0,2.2.7,2026-06-25 11:47:46,,,2.2.7
fdc29af1-e2c0-43eb-aa21-b25ca1d991ab,Kresno indah Indah,https://play-lh.googleusercontent.com/a/ACg8ocL9VH60jhcWJhpaisZWDr_WbSZ2vl4Gq_tEi8q5T_0z5G-kLw=mo,sangat mudah dan cepat,5,0,2.2.7,2026-06-25 11:37:30,,,2.2.7
0f47927d-e32f-4aa9-aae6-3346178cf4d8,Supandi Pandi,https://play-lh.googleusercontent.com/a/ACg8ocI7tWM6S6rUpNylS3B1nLb8lmjwnzteVFZG90SxzbN0ivcm8Q=mo,memang mantap aplikasi nya polri selalu di hati,5,0,2.2.7,2026-06-25 11:25:34,,,2.2.7
49c7585f-9dd9-4c90-b0a4-d5d2c9c4faf4,Mhd. Aidil,https://play-lh.googleusercontent.com/a-/ALV-UjWSQZY-F_25WATSkYx76FerUJxgJ4uycE1we2bnFHQSwSDJ9EBW,"tolong dong di perbarui/ tambah di bagian wilayah ,saya mau buat SKCK namun pengambilannya tidak ada yang cocok untuk wilayah Medan dan kurang lengkap🤦",4,0,2.2.7,2026-06-25 11:01:26,,,2.2.7
eac3015d-99af-4deb-a235-5504a411c0f4,Nana Tina,https://play-lh.googleusercontent.com/a/ACg8ocKc1Jbob_Gq4oXzmHCFBCgxyrxeKJtpTzOyR_nhQwX_p8NJ-A=mo,aplikasi ini sangat bagus.. tapi sayang vitur SIM cuma bisa untuk perpanjang aja. kalo bisa untuk bikin sim baru itu lebih bagus.. padahal sekarang kebanyakan bikin sim nembak,2,0,2.2.7,2026-06-25 10:39:25,,,2.2.7
41acba6c-8f95-4100-a0ef-ef3be6559c14,marco kemalleka,https://play-lh.googleusercontent.com/a-/ALV-UjUZSXrJ0D55Rxu3N4BSWa1MtoQ7qXpXOUqAkutds_mAOhITZok,"keren, bikin skck tinggal bawa bukti pembuatan 5 menit nunggu udh jadi. app dan polres jaksel perlu di acungi jempol pelayanannya",5,0,2.2.7,2026-06-25 10:36:29,,,2.2.7
27f4a8f2-e57e-42d3-8522-6db2e39deb2c,Farah Farah,https://play-lh.googleusercontent.com/a/ACg8ocJKOEPUhP5yM2XrYwUF75UP5_RjxqxAwxSGSypRc5fPGS_pjQ=mo,baik dalam melayani umum atau punlik,5,0,2.2.7,2026-06-25 10:15:29,,,2.2.7
96dfdd6d-dfd4-4057-a1cc-3ac78e8cf17f,mazzcell 01,https://play-lh.googleusercontent.com/a/ACg8ocJJK1aQoMNNA-V7Z70FL9eUyYtFxVzVyYXJLEo1QwzsJ8GiMw=mo,baik,5,0,2.2.7,2026-06-25 09:54:14,,,2.2.7
ccba9778-bbc5-474f-9d79-3527f50e7200,Akas Rana,https://play-lh.googleusercontent.com/a-/ALV-UjUnu-z974JUKv_NF5uKqpVbZqZUBMNAvFnLqT31LbR6bhJc-ii0,"mantap, sangat mudah dan cepat",5,0,2.2.7,2026-06-25 09:39:30,,,2.2.7
a4d8c293-5a1a-4113-88c3-8b329b43afdb,Abang Rian,https://play-lh.googleusercontent.com/a/ACg8ocLIsBkFXM5FlfpqqFz4JuWP4EzCxw6lslDlcoXyh22YsXCThw=mo,good,5,0,2.2.7,2026-06-25 09:30:40,,,2.2.7
fe8f1362-53a4-4ad0-b76c-f03a9e3cb578,Harris Piaggio,https://play-lh.googleusercontent.com/a/ACg8ocINWBzO-LoBgxNOu7Vxw5Rfj-Pfc5X-E0biAEHrVslXhyUimQ=mo,bagus sangat membantu,5,0,2.2.7,2026-06-25 09:09:13,,,2.2.7
c37dbbf5-2abd-45a4-b73e-a6750b75d8eb,Carli Adrian,https://play-lh.googleusercontent.com/a/ACg8ocI4n3RSIuS1Z3opBFaqopmyp9IMCFp_TohfDHh-q8pMb0Fwgw=mo,sangat berguna dan bermanfaat aplikasi,5,0,2.2.7,2026-06-25 08:44:12,,,2.2.7
04809583-ca82-4118-b615-eeee0b536bd5,Susilawati Alfarizi,https://play-lh.googleusercontent.com/a-/ALV-UjW2YYInPhm1FxevtqxW4uh9xKhI7Y18LwF3lESLNmZYOO8ncQh3,baik,5,0,2.2.7,2026-06-25 08:42:37,,,2.2.7
685142fa-8000-4f87-abdf-ac2a1f2bd1de,Ali Mustafa,https://play-lh.googleusercontent.com/a-/ALV-UjXtsVj0b4btT0yzAiltj2hQfTcy7m-QDVrMmyxv1ujxYVpfnSBC,aplikasi sering error,3,0,2.2.7,2026-06-25 08:00:52,,,2.2.7
1839d8a3-9bd3-4372-95e7-e3f13e34c06f,Yahya Anugrah,https://play-lh.googleusercontent.com/a-/ALV-UjU4r86H64q3nXehGGXVpM6x3sGZr3a6v0mifcREt11xvluoA66-,Good,5,0,2.2.7,2026-06-25 07:26:22,,,2.2.7
263c9ef4-9ae4-4612-b545-110fb727ebb0,Muamarraiga Raiga,https://play-lh.googleusercontent.com/a/ACg8ocKiRVT2uDEmHA2vn8fZXIJosnjxRfrwJVW5OxDwyfyXOCJTPw=mo,terlalu bnyk loding dan lama,4,0,2.2.7,2026-06-25 07:17:08,,,2.2.7
8caafe03-ae10-4056-a44d-4e68d3b15c19,Muliyni 1999,https://play-lh.googleusercontent.com/a-/ALV-UjXydLPg0I7ivtKHWgOAY7oP5bX9Qf_WU1-yVbPKC9i8TjNiCt4,baik,5,0,2.2.7,2026-06-25 06:43:51,,,2.2.7
706fac1b-3d3e-42ee-9537-7117ca5dac0b,Mohammad Firly,https://play-lh.googleusercontent.com/a/ACg8ocLfnask_Zn-MQ_hMIRPg4uQq7s4X2Q4Bt5sTfEng258weqhdA=mo,oke mantap,5,0,2.2.7,2026-06-25 06:28:43,,,2.2.7
7558c235-513f-4263-a23a-95aca4b75257,Pendi Nopiandi,https://play-lh.googleusercontent.com/a-/ALV-UjUsI2NFNjGilCaTe5U2Zy151wVnjnDq-drw8WqklJgqO_QxrAr_,mantap,4,0,2.2.7,2026-06-25 06:19:14,,,2.2.7
86043a92-961f-4263-85e2-c40e9242430f,Lim Tjukiat,https://play-lh.googleusercontent.com/a/ACg8ocKYbkR3WGNq0tshG70iHP_47EEs9L9Q-MyYjnTkKfrNNLsiBg=mo,"tolong ya pak aplikasi nya di benerin dulu masa dari kemarin gabisa verifikasi buat scan wajah, udah paling bener gausah pake aplikasi'an segala balik ke manual aja pak, keren sih udah ada aplikasi nya tapi kalo kaya begini mending manual",1,1,2.2.7,2026-06-25 05:49:09,,,2.2.7
97c61bfb-b77c-4052-b760-f020829b8afc,ahmadi soleh,https://play-lh.googleusercontent.com/a-/ALV-UjXvMZclDmKEv1xA3LqAaFEZrHzDUnf_nJmplwfo8MJoEA_T8CTP,mantap polisi ku...good good good,5,0,2.2.7,2026-06-25 05:14:02,,,2.2.7
939365f7-9756-40e0-a00e-68e3df92348b,Cecep Sutiono,https://play-lh.googleusercontent.com/a/ACg8ocLCtAC9oCmsGyS-V4WtTaxRabV_iRr_u7cEXSApn6TB37Ed9A=mo,bagusss,5,0,2.2.7,2026-06-25 05:11:41,,,2.2.7
da8644c9-80e5-49dd-ae94-3a320fea4414,Bambang Dumai,https://play-lh.googleusercontent.com/a/ACg8ocK6_I8hbhBc1edqvR7UJ80he_b7EVkU3czLTGZLDzILiwUazQ=mo,SUPER APP POLRI. sangat membantu untuk keperluan masyarakat. dan membatu kemudahan kepengurusan semua kepentingan..,5,0,2.2.7,2026-06-25 04:51:05,,,2.2.7
707a776a-33f4-4008-93d5-1c83afcf7606,yosep ismara,https://play-lh.googleusercontent.com/a-/ALV-UjXIELlov6NNTZxzncMSF7Vn-JuEon553fSN0ZDPeR7EhH5CM3Xg,sangat membantu,5,0,2.2.7,2026-06-25 04:16:30,,,2.2.7
b2a9a74c-ee09-4487-b92c-54d2cf35d0de,Nendra Saputra,https://play-lh.googleusercontent.com/a-/ALV-UjWIkqlQenQv_SQPTrIxNm8mFja2uFuV58WIjHkMH8DeRgpEXvi7,ramah dan cepat,4,0,2.2.7,2026-06-25 03:58:52,,,2.2.7
ea2df872-8f15-4ac3-9bec-94ac5496cbc4,Riski Sihite,https://play-lh.googleusercontent.com/a-/ALV-UjVUu8axOZPuNlRyjKSWGybw42wzaiBzVnhBRoc6DWLFFJjS6PA,sangat baik,5,0,2.2.7,2026-06-25 03:56:09,,,2.2.7
02bbaff4-b5b9-426f-a6fe-cf6953ad119c,Mohamad Firman,https://play-lh.googleusercontent.com/a/ACg8ocILLkTU6YfXYdTcqI3BjTym29JtB2RovEmM5caYvf-wUH3HJQ=mo,nama daerah atau desa tidak tersedia dan polsek tidak tersisa di kolom pilihan loa kulu,1,0,2.2.7,2026-06-25 03:55:25,,,2.2.7
5df1ca2f-c45d-421d-8663-80e3d63aa29f,Cecep Sutendi,https://play-lh.googleusercontent.com/a/ACg8ocKPXZ6cmWvC7kI1SfrozqFMnDrQV3FDM_WhpOM2u_Bf4pw-LA=mo,polri pelindung dan pengayom masyarakat yang terbaik,5,0,2.2.7,2026-06-25 03:52:14,,,2.2.7
e7bdee4a-d0e7-428e-b470-ba63cc4cd639,rahmat syahputra arios,https://play-lh.googleusercontent.com/a-/ALV-UjX62bRLIGXpXTaK4VI3A641eNJKfYDngndfa4mFpp1PPvg2lSBTUQ,ok,5,0,2.2.7,2026-06-25 03:33:53,,,2.2.7
c19a84e7-ac93-469e-9d5a-d3b83df34963,Fatih Mangkuguru,https://play-lh.googleusercontent.com/a-/ALV-UjUo0UqY8ZUaMVJlbVmm2gn4E5Q7R9p9-DmZBArVO1aiwO9pdU8Exg,mantap terima kasih,5,0,2.2.7,2026-06-25 03:19:38,,,2.2.7
dc922392-c5d7-47e9-97b1-738387a40da4,Aden faiz,https://play-lh.googleusercontent.com/a/ACg8ocLPrs-PqXFnMtjDtjeh2smCe6DIQwyilBn_rAIJjSATs4Ob9Q=mo,baik,5,0,2.2.7,2026-06-25 03:11:40,,,2.2.7
fcdf4225-dfb7-417e-ad19-5dc0c8a50bf1,Rizka Khoirunnisa,https://play-lh.googleusercontent.com/a/ACg8ocJ5caLdYKXWQET5T6Cr9xiPNQmtP3eZwb6B1u6hND0eH9jURQ=mo,bagus sekali,5,0,2.2.7,2026-06-25 03:04:27,,,2.2.7
d3c42e03-776f-45a1-a68c-be3435fcf96a,Wahyu Alee,https://play-lh.googleusercontent.com/a/ACg8ocLXQ-JxORvmcjylGYsKrP6_2-edWssFFy_EriEk2yCVHfW2eA=mo,baik,5,0,2.2.7,2026-06-25 03:01:42,,,2.2.7
9d73c97a-e4c2-492e-a296-8dc6ed20f892,Novi Riawan,https://play-lh.googleusercontent.com/a-/ALV-UjX0qioOL06PxOd-lmaqlYV2uELE5p1IUq46-GGZookiFDPhKakR,sangat terkesan aplikasi yg membantu sekali...mantap.,5,0,2.2.7,2026-06-25 02:32:01,,,2.2.7
21a5f146-5077-4e8e-8a4c-6afcc00c8f72,ismara Suhendar,https://play-lh.googleusercontent.com/a/ACg8ocL19fUK4rBJKPRPddczgCPiGKkTDKHtMuUv_Q-k8JMMnko34Q=mo,praktis dan efisien,5,0,2.2.7,2026-06-25 02:18:04,,,2.2.7
2d579102-2822-492a-b27d-2b2d5e72e903,Sahi Fgh,https://play-lh.googleusercontent.com/a/ACg8ocKurOraqPePOkGgWCIq9cJbUY7Nayw5eXXvFFDKUwxNejQk1g=mo,puas bagus,5,0,2.2.7,2026-06-25 02:02:34,,,2.2.7
dbb70e92-30b1-45ef-970d-abe7635c9efe,Perintis _ketua,https://play-lh.googleusercontent.com/a-/ALV-UjUlj-iE0QCIiG8Zp7hCFF7j4qWBdXbwPdrbtAJRqCNGR7Y4IeqC,semoga makin membaik,5,0,2.2.7,2026-06-25 02:01:49,,,2.2.7
b675d6fb-5d02-4ff9-80f7-f3fd0c4e6926,Abdul Saleh kilwalaga,https://play-lh.googleusercontent.com/a-/ALV-UjVLOY3gkVFfwY_rCNObXVliULUKhNX2YCyOPKkqVplWvA2S4hg,mantap,5,0,2.2.7,2026-06-25 02:00:42,,,2.2.7
238cc736-15a9-4c95-9757-e2b08b8933f8,Ali Imran Nasution,https://play-lh.googleusercontent.com/a/ACg8ocLMnFAtYJJWJ0hR-k7KnPZ1hNq80efvexrEuKlWRsPueNIyLQ=mo,goodd,5,0,2.2.7,2026-06-25 01:46:15,,,2.2.7
3096ccb3-3c3b-4eaa-a495-265a2067242c,rusdy jupiterz,https://play-lh.googleusercontent.com/a-/ALV-UjX2NhZzRrFYa5pm_PrYyaZq1vsQOuQfeOiQd3seWHXJz6-cNgSs,memudahkan,5,0,2.2.7,2026-06-25 01:44:10,,,2.2.7
1d3e2895-1fe7-4c05-8fb2-32533b0e069d,Kangkung,https://play-lh.googleusercontent.com/a/ACg8ocJBabbP0sqlwQKXE-4XHWSKXaEEQ0L_vSEzqW0VTAVuXG98oQ=mo,mantap,5,0,2.2.7,2026-06-25 01:41:26,,,2.2.7
34169bdd-1419-43f5-843b-d9ea33ead0a4,Oigoz Ndr,https://play-lh.googleusercontent.com/a-/ALV-UjW5vnfvZFJHMug9uZMBe3hQanH4I2rSKE7dra78HOjUvJMxHhc,sangat membantu,5,0,2.2.7,2026-06-25 01:11:56,,,2.2.7
efdb6fcc-2df7-43b3-b76d-fa5dfbb4e68c,Cah Jumantono,https://play-lh.googleusercontent.com/a-/ALV-UjXcSvVMs3A9hddqKuk_EKq3pBQRWBRrTuqzCVH4CZiIR43jjC41,baik,5,0,2.2.7,2026-06-25 00:30:38,,,2.2.7
4824418c-1f91-4c69-80a7-8ddfcb681f2d,Ziharfaizi Official,https://play-lh.googleusercontent.com/a-/ALV-UjXYoTqUyzSCY4DHTgF0pxVqYFKMaQZn2b2yyY7vVrra5gEFwuTJ,membantu,5,0,2.2.7,2026-06-25 00:21:20,,,2.2.7
84a95553-822f-4d49-9455-0e78c473f184,Muhammad Farid duddin,https://play-lh.googleusercontent.com/a-/ALV-UjW15nTFO3R8-XAhPe8ttTYANl3WlMNW__eMdfP2WVHigw-QuWc,"tolong dong system verifikasi wajahnya di rubah,susah banget yang bagian tengok kanan tengok kiri,Ampe sekarang belum bisa bisa!!!!!!!!",1,1,2.2.7,2026-06-24 18:05:16,,,2.2.7
06d9a58e-738c-45bf-ab4e-cd29796d51c8,Wisata Misteri Jogja,https://play-lh.googleusercontent.com/a-/ALV-UjUW-xdM2TZxK4ydpOUkmbkuPUtx-pt_6gZIHtzNsVN90rbjsgYB,mantab,5,0,2.2.7,2026-06-24 17:16:16,,,2.2.7
568ed8f6-dbf3-451d-9063-a2e049f5b936,Oxy Novia (Denok),https://play-lh.googleusercontent.com/a-/ALV-UjXBgt9Ijqpzbd3hON_TOUkAvzEbz6j05xaZY5iD_hHHHRhdbYM,sangat membantu,5,0,2.2.7,2026-06-24 15:40:33,,,2.2.7
2c404cc5-f0c1-44a3-8bf2-d8236a15afe5,Eva Rozak,https://play-lh.googleusercontent.com/a/ACg8ocJVaAlq89FL992YQ5Smu2gk7H4vWuzGvb6U8MYHaz2ovInAEA=mo,sangat puas,5,0,2.2.7,2026-06-24 15:14:10,,,2.2.7
25db39d2-bd68-47ce-859f-fc05153810d2,Agusman Gus,https://play-lh.googleusercontent.com/a/ACg8ocL2zbxV44L6PXivwkGGUfHTgE9mm-yMVIYQ13vkesOz_yUI=mo,lancar dan sukses selalu hebat,5,0,2.2.7,2026-06-24 14:56:30,,,2.2.7
0befa0f2-05ef-4aa0-9bda-006058268557,Muhammad Musfar,https://play-lh.googleusercontent.com/a/ACg8ocLMqM7EuhqJ60PRoKPhW2Bu65Z3DR4-wZS61hzax35CE-DtxA=mo,cepat,5,0,2.2.7,2026-06-24 13:49:27,,,2.2.7
45bc3f7f-6bda-44aa-b88b-819884bbfd4b,M Abdul,https://play-lh.googleusercontent.com/a-/ALV-UjXXfIufoLuVB90UjEVtywiDRlfq_ltOVBamD8b2-b5hqggZAKmR,apk ini menurut saya sangat ribet masak saya mau ngisi tempat penyetakan di area Semarang masak lokasinya tetep di Aceh ini gimana critanya malah lokasinya gamau di rubah udah sempet liat tutor yt tapi nggk pernah ada yang ngalamin dengan kejadian saya ini,1,0,2.2.7,2026-06-24 13:29:18,,,2.2.7
7ca2adf4-7dae-4455-a573-bffcf83d6b45,Naura Alazam,https://play-lh.googleusercontent.com/a/ACg8ocKRiOY4L6K-BgztaLT3ZgA1cmpMsfwdFAVOLFe0pF0JcMPFBA=mo,mudah dan cepat,5,0,2.2.7,2026-06-24 12:46:36,,,2.2.7
a71d232e-2616-48c1-a92c-ad4d417c7acd,wahyu eka perdana,https://play-lh.googleusercontent.com/a-/ALV-UjVIKFvypWxNIMVDr4RcaV-KBDErAOa68F3VkRT2d3FXvTlvm3E,"Mantap, mempermudah segala urusan",5,0,2.2.7,2026-06-24 12:32:36,,,2.2.7
78da745f-9cad-41a9-9db8-41e41749e23d,Andri,https://play-lh.googleusercontent.com/a-/ALV-UjVT0EZVEReUZ3qN-X__MVJgUY6t__9eBijxztWJLACQsQWNL8fd4A,"mau buat skck via aplikasi,tapi gak bisa, infonya ada gangguan sistem, udah ditunggu 2 minggu masih gak bisa",1,0,2.2.7,2026-06-24 12:29:44,,,2.2.7
3f0ce624-8e42-4418-9066-19e1d3ecd279,Arif Nasution,https://play-lh.googleusercontent.com/a-/ALV-UjUpKUHDsWgCedLtyHLVP0q7_t-ZpUwgnUeC9Mgxb_2aZB9mZTQ,"sangat bagus,cepat dan tepat",5,0,2.2.7,2026-06-24 12:15:10,,,2.2.7
b6e9d63d-5550-467f-8648-d54bced81265,Budi 04,https://play-lh.googleusercontent.com/a-/ALV-UjWLZ2J96T7HrRs32jrmtJhCuaFI1nTeBLx9MDmcQL69_-DtejqJ,baik,5,0,2.2.7,2026-06-24 11:18:24,,,2.2.7
4acaa3ca-a739-439c-8d90-0118d6255c04,Rismanh 8309,https://play-lh.googleusercontent.com/a-/ALV-UjXq4fu6k3IlgEQdg2JbHpVBwfy_yZr8U__4wBujpzFd2fP2HgCG7g,SANGAT.MUDAH TERIMA KASIH,5,0,2.2.7,2026-06-24 10:42:01,,,2.2.7
657d774d-bfda-40b7-86b6-f0710afa0a5d,Sakit Hati wak,https://play-lh.googleusercontent.com/a/ACg8ocK0GkAiUtpTXtracpSxBMnhbp21aRExDNfReDg7W8QIio5ofw=mo,aplikasi sampah verifikasi tidak terdeteksi tolong perbaiki ampas bgt,5,0,2.2.7,2026-06-24 10:30:02,,,2.2.7
d732d2d8-2a27-4518-95bd-600996135826,Andi puangqi abuhaq,https://play-lh.googleusercontent.com/a-/ALV-UjVdVl4gifbd49QxhOX0tz9IwFOrh4J-s9fDAwO4uuUpAQzFMbs,bagus,5,0,2.2.7,2026-06-24 10:29:59,,,2.2.7
1509bdb8-1b80-40d9-9923-06cd2810f86a,Yos Marshal,https://play-lh.googleusercontent.com/a/ACg8ocJzcIt9ADAyhtI0Rbn8xLbKHDU5FFs9qnB359-UGfzsepMZMw=mo,"aplikasi lancar, keterangan dan intruksi jelas, dan waktu proses SKCK cepat, semoga untuk SIM dan STNK juga bisa sama..",5,0,2.2.7,2026-06-24 10:28:09,,,2.2.7
92331441-1ff2-4075-a3b6-75a26ac31fa0,dragon _,https://play-lh.googleusercontent.com/a-/ALV-UjX1AzCnxKe5MI7CoQmGieFHfONxRVmy5ILc290kEMa-RFK_Y_MM,"tolong dibetulkan dan tambahkan fitur ganti banyak orang tidak tau ketika verifikasi wajah itu dijadikan profil, itu sangat fatal karena ada perempuan yg berhijab dan tidak tau bakalan jdi profil dan verifikasi tidak mengggunakan hijab tolong dibantu karena klo profil ini bersifat mutlak gabisa diubah melanggar privasi orang lain🙏",2,1,2.2.7,2026-06-24 09:52:47,,,2.2.7
e4ae521d-d3bd-4a40-8818-11920c3e3e7b,Herry Darmawan,https://play-lh.googleusercontent.com/a/ACg8ocK9yFMdA2BtNvnX34jI4JSc3VkI2a4Vf9VPpLkEA1EwBxG2yw=mo,keren,5,0,2.2.7,2026-06-24 09:34:47,,,2.2.7
7ea59b45-544a-4b55-95f5-9034a5cecf4b,putra tamu ama,https://play-lh.googleusercontent.com/a-/ALV-UjUdZ4tz-oXmEzW0D3ps291F0g2QZAvfa7J-d73uhLVlFG5SMUtj,Mudah dan Efektif👌,5,0,2.2.7,2026-06-24 09:17:42,,,2.2.7
74d52961-e8e4-43c6-a26d-e44626498cec,OJON Gacor,https://play-lh.googleusercontent.com/a/ACg8ocJTm1Dxc297q4kdiLqxBec0j1sZ4D-kTNk0Ye_Cfpke8ajgrg=mo,Aplikasinya sangat membantu,5,0,2.2.7,2026-06-24 09:09:31,,,2.2.7
c7955b1a-5087-4000-9a0e-0ad9ffdaea7c,Monica Imelda,https://play-lh.googleusercontent.com/a/ACg8ocLMqtqx0gI5BOCAFo0h4CurOEPfRmk8VSrf4q6-bRgcylSwAg=mo,"apaan sih ini,,dari pagi sampe sekarang gabisa dibuka mau perbarui SKCK,. GAK NYAMAN SAMA SEKALI,,HUFT 😔😔😔",3,0,2.2.7,2026-06-24 08:30:02,,,2.2.7
9c1e960d-0d06-43ab-a472-ff966bd7bf5d,Januard Manurung,https://play-lh.googleusercontent.com/a/ACg8ocJFhI_2K-Me9TQHMTA30oMkCuqkxLnlMofRRTWD-VjusrdrQg=mo,"Aplikasi membantu sekali, apabila dokumen bisa di kirimkan mungkin lebih baik lagi.",5,0,2.2.7,2026-06-24 08:15:38,,,2.2.7
c704f69b-cae2-469f-8fbc-3f043439360d,Wirna Wati,https://play-lh.googleusercontent.com/a/ACg8ocKVKm8IFTaLO7pTMFiXl23F1-WItnP0lsI9P2-gT6vs_SekTg=mo,sangat memuaskan,5,0,2.2.7,2026-06-24 07:30:57,,,2.2.7
7c723cdc-a855-480a-bd70-bb80f41c1818,Leona Saragih,https://play-lh.googleusercontent.com/a/ACg8ocLzcY8eC6TOQHsjNn85KzfFMq2veYVZpmSmoRezunakaZVZKN8=mo,"proses verifikasi pembayaran lama, akun juga sering log out sendiri. efisiensi dan usability rendah. Sudah melakukan pembayaran tapi ga terverifikasi tiba-tiba udah expired aja, gimana ini jadinya. Saran ajanih ya, seharusnya tujuan membuat aplikasi inikan buat memudahkan pengguna, tapi kok justru makin sulit, gimana orang yg lagi butuh cepat, mending manual aja. inikan kita gatau mau gimana karna daftar harus dari aplikasi dulu, helpdeskpun responnya lambat.",1,9,2.2.7,2026-06-24 07:02:59,,,2.2.7
38887a65-e5f4-4c9b-9521-320e4f570191,Dalniakbar099 Dalniakbar099,https://play-lh.googleusercontent.com/a-/ALV-UjWsxldOmRvjQJ1i46dcxQPucA29CuafhMw8YiOeRvSCpBp7C5o,ok,5,0,2.2.7,2026-06-24 06:51:58,,,2.2.7
912a7ff4-fb08-43f7-b701-53f03f58d608,Muhammad Abdul Wahid,https://play-lh.googleusercontent.com/a/ACg8ocLUNsut02_cttbIQhhXW4MyLD2YvQfnOneVT7GlWBDjDSZFYA=mo,Luar biasa,5,0,2.2.7,2026-06-24 06:36:13,,,2.2.7
c0bbcd28-2e0e-4247-8406-298ab26a2dff,septian Dahan,https://play-lh.googleusercontent.com/a-/ALV-UjVR9Xp7hJwSku_JWEdvbr5O8sgavDn6JREEeDAji64ggPsjdnw,mantap,5,0,2.2.7,2026-06-24 06:04:06,,,2.2.7
8b933c1a-a28e-4d5a-a3ae-b8f0a73f12cc,Ghost Rider,https://play-lh.googleusercontent.com/a/ACg8ocI9s9cDHritz31NM2qIYFzLvZcgHBn_Rwu6HyQm2_QvXILJ8w=mo,bagus,5,0,2.2.7,2026-06-24 05:56:24,,,2.2.7
51c090a2-5c13-4b2a-8aa5-93a1a8d36401,Su Parli,https://play-lh.googleusercontent.com/a-/ALV-UjUusDo5v35jwG5HGri3quT5piGAVLNobFNxpDBBlJ5kXG58lOh5,Aplikasi ini sangat membantu terutama dalam kemudahan layanan administratif sehingga menghemat waktu dan tenaga.,5,0,2.2.7,2026-06-24 05:42:44,,,2.2.7
9991ddd4-4e34-4f88-9646-2b060918b057,Nur Aza,https://play-lh.googleusercontent.com/a-/ALV-UjVaiaCUdrTyA2GMV5NG0ZxSqpDqLr1iszwsD-u8PnZNF_3uwJw,sangat baik,5,0,2.2.7,2026-06-24 05:31:07,,,2.2.7
588543b1-0165-43e6-bd5b-2438cf39f9d7,maha 45,https://play-lh.googleusercontent.com/a/ACg8ocL8E0agGvkk_4umABuxn-byXYUcjScF6wCEApAXLw3_OzcSWw=mo,mantap,5,0,2.2.7,2026-06-24 05:22:50,,,2.2.7
7a74a512-3236-4709-bb58-de536be3376e,Rindu Ibu,https://play-lh.googleusercontent.com/a/ACg8ocLKZFUjVBxMWLIgcSCfCIdUG-s3-tyDeZDQWCS2aSXZOdYc9g=mo,bagus,5,0,2.2.7,2026-06-24 05:16:51,,,2.2.7
8f6abbe1-3434-4259-bd1d-b820f9964bce,Rafael Aditya,https://play-lh.googleusercontent.com/a/ACg8ocJZ7qpwUj1UTJlpBFmwT7DBN6QelVNNWBLpJSp9oXK7LAlrEg=mo,bagus dan bermanfaat,5,0,2.2.7,2026-06-24 05:10:21,,,2.2.7
6be50c78-e175-4bc5-8fe6-547af411783f,Syaiful Syaiful,https://play-lh.googleusercontent.com/a-/ALV-UjWaIjZttFGuWtVPmywpak2uhMspAjlcwFwL-7786wrgFLvgsWzZzQ,sangat bagus pelayanan nya,4,0,2.2.7,2026-06-24 05:08:43,,,2.2.7
b5d335ac-2720-492d-b226-8abdef9e5c0e,Vadita Suci,https://play-lh.googleusercontent.com/a-/ALV-UjW8NZMjGBWopjsX2UdHnovrMgtyqYUiw1OOr6PptBFWtA1dnLMu,"untuk foto verifikasi nya susah, tolong di perbaiki lagi. kemarin saat nyoba untuk buat SKCK pada tanggal 1 juni di pilihan percetakan tidak ada Polsek Sleman, bahkan Polda DIY juga tidak ada bikin bingung",4,0,2.2.7,2026-06-24 05:03:53,,,2.2.7
2822c5cf-a34f-4004-892d-41042bb9fdce,andi 4KP,https://play-lh.googleusercontent.com/a-/ALV-UjVeYcErJagEKc2j0PKevwL4nQQfuaV3zpNirDoLmXga6gRWa5D4,mantap,5,0,2.2.7,2026-06-24 04:44:57,,,2.2.7
171aa7b1-cbf9-473f-91fe-7c8f5fbd6cfc,Putra Azriel,https://play-lh.googleusercontent.com/a/ACg8ocLn81cfxPHBOc8abpkfRx9mshq7gHkmrsT21M5-LhuAS2oo5g=mo,bagus,5,0,2.2.7,2026-06-24 04:40:28,,,2.2.7
83e7ff75-2c3d-428f-a376-799f1e60aec8,YAYAT HIDAYAT,https://play-lh.googleusercontent.com/a-/ALV-UjXhLiRU_CH4AaulX4vfmKihDLCY28Q002f-Ynycds6jZyMFoaws,"slalu gagal menambahkan informasi kendaraan, kecewa, dak untuk perpanjang SIM hanya yg terdaftar saja 🤬",1,0,2.2.7,2026-06-24 04:38:45,,,2.2.7
6b893744-7303-4d9c-98dd-95f4ed35352a,Fika Maisaroh,https://play-lh.googleusercontent.com/a-/ALV-UjWYt_SACopgf_RhxOSRhQNfbHFloHsvX-irYY__N5R1Zl07Ebwf,tolong adakan vitur pembayaran lain selain bri. ga semua orang pake rekening bri🙏,3,0,2.2.7,2026-06-24 04:32:46,,,2.2.7
21b91b88-3c8a-4e52-9aa8-60d9b8cb631e,Bagus Kancil102,https://play-lh.googleusercontent.com/a-/ALV-UjV0Jk6yZoitHaRnQZIIKct8vwU_JrMje8uNeBUeinNlTxpBigLf,Mantab,5,0,2.2.7,2026-06-24 04:18:43,,,2.2.7
2b8455a9-006f-4bd7-9871-0489f7d5d4d8,Fiday Fidayatulloh,https://play-lh.googleusercontent.com/a-/ALV-UjWkNvAANLRzI54YzibMWLXxbR0_juZVQ0tIiaz2c2REMJuRwivi,Sangat Bagus Mudah dan Cepet,5,0,2.2.7,2026-06-24 04:03:44,,,2.2.7
5ae256f9-4a6d-4827-a421-91d9c712a105,ridho ananda,https://play-lh.googleusercontent.com/a/ACg8ocLcaprwmD3GUZcTMxGlOy3z2MpFV8MtZU3o1plH2P6Yzxccag=mo,aplikasi lemot puolll gak jelas blass tambah ribet ngurus SKCK harus berhadapan dengan aplikasi super lemot ini,1,0,2.2.7,2026-06-24 03:57:20,,,2.2.7
734f3d8d-e3ae-4abe-94ae-2fe6f3757236,Sinar Bilal,https://play-lh.googleusercontent.com/a/ACg8ocK5AnKYxpKos3h-_ej00YCXPojnuuc2Gij0lW7te3Af9OIy5w=mo,kalo gabisa bikin aplikasi ngapain suruh orng daftar lewat aplikasi?,1,0,2.2.7,2026-06-24 03:52:34,,,2.2.7
60ee9122-ff5d-42f0-943f-e59367664ff1,Sayyid Sabhiq,https://play-lh.googleusercontent.com/a/ACg8ocJEirPnfs2a-iV2c7z97tbgmRvsoARnEodz27clG3EuckcirA=mo,proses nya lama kali,2,0,2.2.7,2026-06-24 03:45:56,,,2.2.7
d4218141-12e8-43b4-aee9-ebf3f47bde6b,Budiman Sujatmiko,https://play-lh.googleusercontent.com/a-/ALV-UjWuItWxsPmbMFeNTi1foW7ji0IgQPHtpImh67cZATvJ_ew-5xCW,keren mudah dipahami,5,0,2.2.7,2026-06-24 03:18:58,,,2.2.7
de4ff0d2-882d-4e6c-8f00-3a41410cb849,H 454 N,https://play-lh.googleusercontent.com/a/ACg8ocKhQeXM8mQCvMbKw3-b4KCtz5JXynXuaN_9_avSDC2mMa3pAQ=mo,good job,5,0,2.2.7,2026-06-24 02:57:12,,,2.2.7
e2bc0a7d-f5c5-473b-907a-2d1535b8e2fd,Omy Dagull,https://play-lh.googleusercontent.com/a/ACg8ocJUwx-wRbApPIvDmrKHZlEKCbyZnlrqD_JscYIKJaIeN1pIfM4=mo,sangat membantu prosesx cepat,5,0,2.2.7,2026-06-24 02:53:35,,,2.2.7
619fa15c-e1fb-418d-8df7-10b1c211568a,Ramli Ismail,https://play-lh.googleusercontent.com/a/ACg8ocKLpinr7rY_Pci4GpWXFQgbJBn4EahCqmBfRjPYssAUhWqdKw=mo,sangat membantu Terima kasih,5,0,2.2.7,2026-06-24 02:38:03,,,2.2.7
5ffd29b1-68e5-4cc6-8285-98fa68bd690b,Arjuna Putra,https://play-lh.googleusercontent.com/a-/ALV-UjXxDAa6Phud1rpR3Jf0e2EF-6lLWT9cZnCsxk9NpE8CcIiK8Lhx,aplikasinya susah di gunain kalo cari lokasi buat isi dokumen keluar sendiri kibortnya. pembayarannya cumabisa pake akun bank doang bangnya pun g semua biasa. tolong lah aku mau buat skck kok susah baget...,1,1,2.2.7,2026-06-24 02:37:12,,,2.2.7
a066d817-ab27-4deb-bfde-3c0345613deb,Hulaemi Tanguk,https://play-lh.googleusercontent.com/a-/ALV-UjWjGcunqH52ia9Wc3xsrXmbJXtrXo0D3yOBGOU0S_62SZw2zXef,cukup baik,3,0,2.2.7,2026-06-24 02:33:47,,,2.2.7
16e0a1ea-42a9-4f72-a533-bad4b9abb7e9,Akhi Maul,https://play-lh.googleusercontent.com/a-/ALV-UjWyxvQIrItTsGQ7ENHOqDaRSDR0lA71PFGzM8TJ656IRv1S8c5a,Sangat membantu masyarakat,5,0,2.2.7,2026-06-24 02:33:43,,,2.2.7
82bf931c-9720-4c99-87a5-4c3fdc33e122,Fauzan Azima,https://play-lh.googleusercontent.com/a/ACg8ocKjJq3n56Zct5JwiY4Ht123ylCFpF1VJ-e1QZdt53Fcy1RQjD0=mo,baik,5,0,2.2.7,2026-06-24 02:28:23,,,2.2.7
1e068849-1b5c-46b8-9978-19bc1088b1a6,foursaken light,https://play-lh.googleusercontent.com/a-/ALV-UjWHpe91Oo8PoGY8IdydO8ch9kvEwmcpJOtnanlHuckeTztIoA,proses pembuatan SKCK online sangat cepat proses pengambilan juga cepat terimakasih Polri terutama Polsek Batu Ceper,5,0,2.2.7,2026-06-24 02:27:03,,,2.2.7
649931d9-e9e2-4cf6-824e-d1dae6e9b35e,Ahmad Taufik,https://play-lh.googleusercontent.com/a-/ALV-UjX08vhatCJLMJ4y8EBYcs2r20Nn2TPO7vclYTol7sej0ClnEX2v,sangat mudah,5,0,2.2.7,2026-06-24 02:13:09,,,2.2.7
40513c83-3dc0-41ce-8388-83a3a6127776,elfarik s,https://play-lh.googleusercontent.com/a-/ALV-UjXytDYzr2djTBuqhGnN9r0fcSyIyUTfAY30i9k8O2RTYFJ1IcRy,terimakasih.,5,0,2.2.7,2026-06-24 02:12:58,,,2.2.7
b310119f-63a6-4670-97a7-da4dbac3f457,Dewa Indra,https://play-lh.googleusercontent.com/a/ACg8ocJw4uypBugzjVCV0sWUCSRS1J8LkcUFjklFNZY9xOWXH8zjrQ=mo,"verifikasi lama kali, bayangkan tak tinggal tidur sekitar 2jam+ tidak keluar dari aplikasi tapi keterangan tetap sama ""masih mencari data"" kalau gitu mending offline aja udh selesai SKCK gw",1,0,2.2.7,2026-06-24 01:54:44,,,2.2.7
8df36076-0674-407a-9172-68da56d8f489,Putri ledina Pratiwi,https://play-lh.googleusercontent.com/a-/ALV-UjUNdGzhkOBi1X9DjlQY0WSIh8kuF_11zHEzWmojUUmKcjPkQdw,baik,4,0,2.2.7,2026-06-24 01:06:37,,,2.2.7
dd353e76-87ae-4a24-a6b8-f8c0d2e71cbf,Rozikin Tegal,https://play-lh.googleusercontent.com/a/ACg8ocI-nVAGjvsB7dFsuWDo4neyhDNagttInoVot1WOZX8EqfznGw=mo,sangat baik,5,0,2.2.7,2026-06-24 01:00:54,,,2.2.7
f6ae7f62-9dee-433e-944c-8cc1acc1b23e,Hatim Ahmad,https://play-lh.googleusercontent.com/a-/ALV-UjV0h8Jys_3j3gBuuGHpKhetR1ZSXMvT4QXYF5ZLcq_bfAqAkJc,Bagus memudahkan sekali,5,0,2.2.7,2026-06-24 00:59:56,,,2.2.7
adcd0b0e-49ad-4068-bcd1-e45d938d9db0,Abdul Hanif,https://play-lh.googleusercontent.com/a/ACg8ocLDv0ICkENDYI9YKdLayc7-XNrJou29KyB1K2Gcy8UXvP2KBA=mo,sangat baik,5,0,2.2.7,2026-06-24 00:28:28,,,2.2.7
4288bd05-ab46-4d39-b787-42bfe287ea7b,Nur Aziza,https://play-lh.googleusercontent.com/a/ACg8ocJdwX1KeCjxb3rHMZnJWQ5EqZeUdHfvG6WELaR7QXoX5jjy8g=mo,"ABIS DAFTAR SKCK DAN BAYAR, APK NYA LNGSUNG NGELAG, HARUS DAFTAR BARU LAGIII BAYAR ULANG LAGIIII😭😭😭😭😭😭",1,0,2.2.7,2026-06-24 00:20:15,,,2.2.7
981ba86a-5c4c-48cf-8c3e-8a286818b6c2,Dakwah Salaf,https://play-lh.googleusercontent.com/a/ACg8ocJ9xD9vW6OA_GOJSXAjceWCIvim0cI-1SCpg-YWupW3myk1vw=mo,MasyaAllah,5,0,2.2.7,2026-06-23 23:26:24,,,2.2.7
6076b84e-fd18-4e06-864e-629f5a999cbc,Arni Sari,https://play-lh.googleusercontent.com/a/ACg8ocK3nB3Ennxyc82bVfCOzlCoPR2TBqOMOsJl7MoV7sC0GFVnO4o=mo,mantab,5,0,2.2.7,2026-06-23 22:49:32,,,2.2.7
4bdb1ddd-c613-40ef-930e-adda6d67776d,Muhammad Hanif,https://play-lh.googleusercontent.com/a/ACg8ocI-9Fr68DtWnBMdghg0eSsrpg0SV7SkCl-VozLUVTsgRwe6-Zg=mo,"masukan untuk developer nih aplikasi, secara keseluruhan sdh bagus, mempermudah dalam pembuatan SKCK terutama dan perpanjangan SIM. Dan juga ada beberapa fitur lain yang dapat kita lihat didalam aplikasi yg sangat berguna. Tapi jujur untuk pendaftaran awalnya sangatlah ribet hehe",5,9,2.2.7,2026-06-23 22:41:42,,,2.2.7
20a0a747-2dd3-4c50-b031-f3e65e8334b4,HUSNI MUBAROK,https://play-lh.googleusercontent.com/a-/ALV-UjWEG4_JiH6EV058zN6tuFZJLVowLAFuoWP77akWkFPR_tLQCHri,baik,5,0,2.2.7,2026-06-23 18:44:17,,,2.2.7
a9cb7c81-73b3-4bb1-98f0-21a4156dee92,Rasya Raditya,https://play-lh.googleusercontent.com/a/ACg8ocKoVUxbQLlzR81GSkOmE_OHNgOngP_4Qr6KxhAwX8MjAVk-zQ=mo,aplikasinya ga mendukung ga bisa riset berkas tolong segera di perbaiki saya mau bikin ulang surat kehilangan ga bisa jadinya nge struk disitu,2,0,2.2.7,2026-06-23 17:19:34,,,2.2.7
6f406011-26f1-4244-a2d2-6324feb391ca,Maya Patricia,https://play-lh.googleusercontent.com/a/ACg8ocLxRfyALj9Z4O4nmgftBE07fUcfomhidrRwNeD6k_-v63zdGA=mo,sangat mudah untuk proses pembuatan skck,5,0,2.2.7,2026-06-23 14:56:45,,,2.2.7
7d4f2c6a-fe91-4d91-ac75-1448de1cc23b,Utun Utun,https://play-lh.googleusercontent.com/a/ACg8ocI9w065yBgmMtN1Ab0eVpr05htpIf2NKjdmf226bFIRffAyUA=mo,mantap,5,0,2.2.7,2026-06-23 14:40:45,,,2.2.7
65fa532e-bb41-469f-8a56-b0c4f410febf,Imam Setiawan,https://play-lh.googleusercontent.com/a-/ALV-UjWmt4rgZFFvahKN4G_CM9k6NJPRQKk2pm7z1ObAYv7hwtSP-bk,josjis,4,0,2.2.7,2026-06-23 14:34:57,,,2.2.7
dc7edccb-f20a-43d7-aaef-5671e4dba078,Hanif,https://play-lh.googleusercontent.com/a-/ALV-UjVfrnwQLq1ZLB6mXC7zvG8LL-JYlWl1071p0-0GSUdtk9Jhhl0,mantapp,5,0,2.2.7,2026-06-23 13:58:58,,,2.2.7
208d4dd3-c5ad-4ea3-9510-a92659efc0cd,Evan Wahongan,https://play-lh.googleusercontent.com/a/ACg8ocL1w0brF5Y-DajmBWYARFzKzlDjPJOiUovbgjgqKUKBDN1rdA=mo,sangat membantu 🤙,5,0,2.2.7,2026-06-23 12:54:30,,,2.2.7
eb5401d5-d9d7-415c-afe5-e02c43940f4d,Alvin Boss,https://play-lh.googleusercontent.com/a/ACg8ocINaDGeaUbc3ZqJuccOViWAgOPe-QthDPreezv1OrkkVO4cPg=mo,sangat memuaskan,5,0,2.2.7,2026-06-23 12:37:02,,,2.2.7
2ae7b97c-6813-4cba-9024-b8d3887804b8,Dian Bs,https://play-lh.googleusercontent.com/a/ACg8ocLIuuZ5tOrMq_zD7huVLVKOPLBF_UKIUIQz4YcnV6TXTwTcKw=mo,mantap. aplikasi polri presisi memudahkan masyarakat. bravo. jaya polri,5,0,2.2.7,2026-06-23 12:26:06,,,2.2.7
9033162d-5e39-4d00-91a2-2a1d61af1d40,rian wisnu Saputra,https://play-lh.googleusercontent.com/a/ACg8ocJICXmmQ7BKPX8_SvirfWXHF8_R07YzJxF1q2dC9T2gdWMUVw=mo,sangat baik,5,0,2.2.7,2026-06-23 12:17:02,,,2.2.7
102dcf90-34f2-484e-9ad8-c996d7430d7a,Adam Maulana,https://play-lh.googleusercontent.com/a/ACg8ocKHGbqqBp7BkNIIcbZd8N9ZMVS0n1TatOthX-nt96eoR9dgEQ=mo,Mantap,5,0,2.2.7,2026-06-23 11:32:24,,,2.2.7
d542a858-75f5-4c9d-8468-dc46c3785966,Kenzie Gavin narendra,https://play-lh.googleusercontent.com/a/ACg8ocKBG2fcIWOQmIbRKCG9SdZbFPkZq3KkdOZ0G-m9mmvoxPtdiw=mo,baguss,5,0,2.2.7,2026-06-23 10:57:40,,,2.2.7
12e1a534-9add-435f-bf73-b4e767a59f3b,Alimi Limi,https://play-lh.googleusercontent.com/a-/ALV-UjUy0mfy9sLnyzd7jXwtNL3lEeJvj80ArkpiNLdUv5N9kQ_cORLT,bagus dan cepat,5,0,2.2.7,2026-06-23 10:38:28,,,2.2.7
1c0005cb-d631-4eee-b658-20e5058e616e,Soziso Khilaia,https://play-lh.googleusercontent.com/a/ACg8ocKdxkhVEZDXnFO3N_kW6e_lfnv7djlQXXDDEWp76n1EqF8mrQ=mo,proses cepat,5,0,2.2.7,2026-06-23 10:24:00,,,2.2.7
cc2a5325-76a0-4a36-a61d-f87411621355,DYGUN,https://play-lh.googleusercontent.com/a-/ALV-UjUQSThjnqUX98uDXShVd9wdsGfc9lGC7yVHI1t_O68tEb6nSJ_6kg,aplikasi mudah dipahami,5,0,2.2.7,2026-06-23 09:05:34,,,2.2.7
d12d078f-82a0-4029-bede-035c7cd4e80f,udin cms14,https://play-lh.googleusercontent.com/a/ACg8ocLoL64K6662gY7ABAD48Sm4CyXeRQqA5qX1ViGQDBrAnbFPrA=mo,cepat,4,0,2.2.7,2026-06-23 09:01:30,,,2.2.7
ca29e7cd-a408-4ef2-9487-52d4a9caff50,rosidin success,https://play-lh.googleusercontent.com/a-/ALV-UjVGp5r4kNb8pdG1-LWpEvAKlD9T6bRj0h9-loopEHinxJAGHG852g,Berguna sekali,5,0,2.2.7,2026-06-23 08:37:44,,,2.2.7
967c1f8a-b5bb-43af-81ba-6dc1e7f3cb4a,Faizal Faizal,https://play-lh.googleusercontent.com/a-/ALV-UjUFrXj_OVm5bxBCkEzTjDtTDDXN2ZS7TwrrlWgTNw9nLEwHBbIr,Cepat & Mudah pengisian nya 👍👍,5,0,2.2.7,2026-06-23 08:24:25,,,2.2.7
443b6eb1-8269-4cc0-a07a-bc41c3eba810,Bayu Yuda Nugraha,https://play-lh.googleusercontent.com/a/ACg8ocK8UwzQFqEGo8xBKBi2C01NAmypwETM7oatNHHDMMWuGTkMqw=mo,bagus,5,0,2.2.7,2026-06-23 08:18:05,,,2.2.7
7526d3f7-c0c8-4141-b383-5aa76a55b22a,Mahmud mahmudi,https://play-lh.googleusercontent.com/a/ACg8ocLopf6bk_YlTJvyHuM0Z_LdUTH6yzcsmGMVF92eHYgqexzRDg=mo,lebih mudah,5,0,2.2.7,2026-06-23 08:00:14,,,2.2.7
cb82fb3d-66e5-4025-b8d0-68b6ae0dede4,Erna Lestari,https://play-lh.googleusercontent.com/a/ACg8ocKpgAaJYYgHvJpZWuivOBp3Gw-sZByQwOgWa-GWcxu2r-HUWQ=mo,aplikasi jelek ribet verifikasi wajah susah sekali diulang² tetep gabisa,1,0,2.2.7,2026-06-23 07:52:06,,,2.2.7
75cdc800-b514-4e9d-9087-4c39d437c5e3,Arif Hidayat,https://play-lh.googleusercontent.com/a-/ALV-UjWaxZzy6hBVzWCM0m2LHkM2FEeY1MP-dKP0AlZ8v-BKunK5yhN2,"Alhamdulillah cetak SKCK lancar jaya, semoga lebih baik lagi kedepannya 👍",5,0,2.2.7,2026-06-23 07:50:24,,,2.2.7
b91122d9-c2ae-431f-8659-cf2b8b6a7f0b,Sam arif,https://play-lh.googleusercontent.com/a/ACg8ocLfelYnYTN11sWC0J1ij4YZEuSUTrTjlEzrBz-Dm8DKnIFOrA=mo,bagus dan cepat,5,0,2.2.7,2026-06-23 07:49:08,,,2.2.7
465fda32-79be-4157-a60f-2c6cd003a089,yulius saman29,https://play-lh.googleusercontent.com/a-/ALV-UjX39nV5dRvhv798s3ulOo0XByC0teHFPPsB6Fj-wX5LV3VTqLM,sangat baik,3,0,2.2.7,2026-06-23 07:22:37,,,2.2.7
605c4c41-f3c9-469e-a7b4-d51708ff80f6,Heri Purwanto,https://play-lh.googleusercontent.com/a/ACg8ocLeT4wmtenxD9XX_PKDidEXK0BjvSSVDY0StdfRaf-TRKzi5Q=mo,aplikasih ini sangat bagus dan mudah.. mantappppp,5,0,2.2.7,2026-06-23 07:20:58,,,2.2.7
1c6e91c3-1687-44af-a9bb-1e9a5b31b59c,Kinar Santika,https://play-lh.googleusercontent.com/a/ACg8ocIdBJjUTBdi9F0W2ALtadSN1zKiEQG_kZO8fzAo-c1VTr5yXQ=mo,ok,4,0,2.2.7,2026-06-23 06:57:37,,,2.2.7
138c5152-23e8-4aba-83dc-7959b30588ab,Made De tin,https://play-lh.googleusercontent.com/a/ACg8ocLtIcRLaQT2lAH5Qr5m160HsV3UuGPNc1re4ozFkNRKINSvQg=mo,bagus,5,0,2.2.7,2026-06-23 06:42:55,,,2.2.7
a99c026f-6f69-44d3-a432-7da5176bc45c,alma mudia26,https://play-lh.googleusercontent.com/a/ACg8ocI4gveF39X9RvTakJbvEqROo821FkPlR8wD52vJhmUUfPYbOQ=mo,baik,5,0,2.2.7,2026-06-23 05:51:58,,,2.2.7
bda56a09-00f0-43c7-a36b-2d1079b21337,Muhammad Rizki juliansyah,https://play-lh.googleusercontent.com/a-/ALV-UjVGw9bx6zpXG4AjMcO0OJAR7MwbP1QA5_8-DeCIE_VhQdFTNus,Udah bagus tapi tolong untuk pilihan bank nya jangan BRI doang,4,0,2.2.7,2026-06-23 05:40:05,,,2.2.7
db3a3727-5956-4324-945c-d91ab36bccd3,Wahyu Awaludin,https://play-lh.googleusercontent.com/a-/ALV-UjUXDAPoEJIb6qiU9jLa5bvlSdJgi7oe4Y75kWz5CtEZkjgViuHm,tim helpdesknya sebenernya ada apa enggak sih?,2,0,2.2.7,2026-06-23 05:19:19,,,2.2.7
a9045da6-0903-4276-a300-091eeea12409,Ahmat Muallim,https://play-lh.googleusercontent.com/a-/ALV-UjUFpHDF1ReXtzLLX9i1bZxfRMudknjy7s8Lux1AZIAe8ZycHrLM,baik,4,0,2.2.7,2026-06-23 05:15:27,,,2.2.7
bca0e355-b5f7-4590-bd1b-8628425cab53,dirly pro,https://play-lh.googleusercontent.com/a/ACg8ocJ8G9GUyMMoye_es712URNaTmleeQzDEimQblTBietP0oKfGg=mo,"Kurang memuaskan, Status pembayaran tidak terupdate dan sdh di bayar tetap menunggu. Kurang menangani pelayanan",1,0,2.2.7,2026-06-23 05:11:12,,,2.2.7
e63c7311-37fc-4a6d-839f-e01d899e4ec6,septinaldi naldi,https://play-lh.googleusercontent.com/a-/ALV-UjW5WLT5NhxngfZ5Ph9Ryg-wYr5r19emGdkk2pDw2KMkbDOq1PPR,ok,5,0,2.2.7,2026-06-23 05:10:57,,,2.2.7
0cf5a6d4-ae61-4d1d-b2ac-a678be456477,TAUFIQ Susanto,https://play-lh.googleusercontent.com/a/ACg8ocLALrgqzfAMURYXPYYkkDtVHAxNMUptRPyAT7skX46giZOErQ=mo,pelayanannya lama mendahulukan orng yang baru,1,0,2.2.7,2026-06-23 05:06:48,,,2.2.7
f3779019-7faf-4e10-a1b9-5dd35e18ac68,Ferdian Rangga,https://play-lh.googleusercontent.com/a/ACg8ocISt8__Zj-yNsenGOc5Awbvnafx250OXJIM62Q819_9k0lNbQ=mo,Sangat membantu dan lebih mudah,5,0,2.2.7,2026-06-23 05:06:30,,,2.2.7
02c15d5e-2853-485e-adeb-060561b27c51,Suyanto Yanto,https://play-lh.googleusercontent.com/a-/ALV-UjXBE1ywc3p9xoPq6C1q6ZOQE5wh2UJ99Ves61AHQXZlUebUtWbb,mantap,5,0,2.2.7,2026-06-23 04:54:03,,,2.2.7
a771e932-0609-4a7c-b275-b73f23f1217b,Sahlal Dwi Saputra,https://play-lh.googleusercontent.com/a-/ALV-UjVLXfcDhYbt8G16lMDv3YphtPYpJC7hp2GlOm-B-LSw456qShjJ,sangat mudah dengan ada nya aplikasi super app,5,0,2.2.7,2026-06-23 04:47:39,,,2.2.7
fc402498-c660-47c6-9ba0-0e0d7866b664,Ilham Rizki,https://play-lh.googleusercontent.com/a/ACg8ocKX33m51UhYB3tPcB4nWDPLohEUd5ZLVP4u8G7CP37iVLeqWg=mo,bagus,5,0,2.2.7,2026-06-23 04:45:41,,,2.2.7
362f5468-a8d0-4260-8c2c-cfc63b407c5d,Barokah Chanel,https://play-lh.googleusercontent.com/a-/ALV-UjUYoXRK3qv5rT1CRhR1yQJzl4Wl0yi7TgftK0Lfi-uQy-BvqDEa,biar cepat di ACC SKCK.ku,5,0,2.2.7,2026-06-23 04:35:07,,,2.2.7
2a7c47ee-5c03-4fcd-95d4-23aead8a3680,Rama Diansyah,https://play-lh.googleusercontent.com/a-/ALV-UjXwVbXTR21JdfqMrrqTvwsnmCQXLtXUP-nPKg0n3epFZBpPz85iFQ,"lucu, isi alamat buat di SKCK udah sesuai. pas udah jadi malah berubah ke alamat lama. minta tolong di ubah alamat sesuai KTP aja gak di gubris. hadeh padahal bukan kesalahan yg saya itu.",1,0,2.2.7,2026-06-23 04:25:12,,,2.2.7
1d952370-a586-4f9e-99df-01e9d2824111,DANIL Dirgantara,https://play-lh.googleusercontent.com/a-/ALV-UjWEbJxU_2pPraPzDrzQ_OnBUBkpjur32wZgPt_wCb7BWFpfaFc,mantap,5,0,2.2.7,2026-06-23 04:14:30,,,2.2.7
1c2b63a9-5f70-423b-bba3-84a2575395d3,Trio Okter,https://play-lh.googleusercontent.com/a/ACg8ocIvjQt8U0L1k9AyoP6scdSxzPMm1Ch-NC5xAhjl3DBP4PhoiQ=mo,sangat bagus,5,0,2.2.7,2026-06-23 04:08:58,,,2.2.7
823fb26d-9622-45f4-ac85-e29b97796a3f,ANGLER PLIPIN,https://play-lh.googleusercontent.com/a-/ALV-UjX6iSxjCGvRlVQ83Dr3CMpFP1ZYyP3kZFazLgHAgALKRg-upl8,Cukup akurat,5,0,2.2.7,2026-06-23 04:06:01,,,2.2.7
576091ce-c161-4ebc-b2e1-937d0a96a55c,erna wahyuningsih,https://play-lh.googleusercontent.com/a-/ALV-UjVpWHL3ceqiEcRyvE42Fmr7PoT9uaaFE3RyD4GsVag7USE94Rg,sudah keren sangat membantu,5,0,2.2.7,2026-06-23 03:59:26,,,2.2.7
d1a02d36-4102-4b0f-9a43-35e943a13597,Ricky Rusnandi,https://play-lh.googleusercontent.com/a-/ALV-UjULTBC6eqR5eT0rRy4RIcaktENnxmkd5yACuoveQ4gGL73ThpQk,sangat berguna,5,0,2.2.7,2026-06-23 03:55:15,,,2.2.7
9f2d4e3a-cc9d-4325-b5b0-8bbaf005f43a,Islam machmud,https://play-lh.googleusercontent.com/a/ACg8ocK_oXXrdc_ZY72eGJagkkSOVZ-cOqB8ovIn24Dxx83BqLpy4g=mo,bagus,3,0,2.2.7,2026-06-23 03:53:21,,,2.2.7
3b8a76cf-bfa2-4a7c-8031-c7e77e20e36e,Muhamad marsin Marsin,https://play-lh.googleusercontent.com/a/ACg8ocL3x69-IHSe1PTf4tSIO76v6K2CkrDbNnASDDapBgFb-7BnGw=mo,bagus,5,0,2.2.7,2026-06-23 03:42:19,,,2.2.7
49a7a7f4-e5e5-4c38-b62f-b8e14922b8cb,Muhammad Maruf11,https://play-lh.googleusercontent.com/a/ACg8ocIUzWpogvmNq2OoyfIdf-JzczUyfGxqEdCB3ScsiMrVbU7P9A=mo,lumayan bagus,5,0,2.2.7,2026-06-23 03:39:23,,,2.2.7
1a20a850-ee2a-4d75-bf16-3f32fe857b6c,Iwan Apriatna,https://play-lh.googleusercontent.com/a-/ALV-UjVjXpOscXkGUNMvFl8Vsj7fI6QhAKoFRh0pgQoKfAsn_RCNwMY,mantap gercep,5,0,2.2.7,2026-06-23 03:38:07,,,2.2.7
31f28be3-79a8-4bba-b17a-7407e0755cd6,Sintia Harviani,https://play-lh.googleusercontent.com/a/ACg8ocIHMiVZN9d43X2AhWicEEuLl5svKyrIao1KWMYbunimklJN6g=mo,nice apps,5,0,2.2.7,2026-06-23 03:32:09,,,2.2.7
9d2f4c13-14f0-458d-a87c-47cfeec437dd,Dery Konedy,https://play-lh.googleusercontent.com/a-/ALV-UjUaeRx80Hv-lzjX2DMvQu2MyfRgVqjP77J6lWpNmbZX4uf1oXg,sangat baik,5,0,2.2.7,2026-06-23 03:28:02,,,2.2.7
d023b3d7-544e-41bc-9324-3c1c5c90948c,Nicodemus Bima,https://play-lh.googleusercontent.com/a/ACg8ocKXehYlyzJnB_wrjp6cS3niSLYFNJwmXhAXvYItwAjMQginlw=mo,bagus,5,0,2.2.7,2026-06-23 03:21:47,,,2.2.7
debbef1a-fb43-490f-b778-b36309926d33,ayi Bahari,https://play-lh.googleusercontent.com/a-/ALV-UjXuLx5WcXtyX3PrzgdT0TK-RRJOOGJmuO55GaQyrhRSjH5ngEE,aplikasi saat digunakan sekarang bagus.sangat membantu.,5,0,2.2.7,2026-06-23 03:10:36,,,2.2.7
87f9a3f5-9df3-46b0-9cb5-930158f17e9c,Desti Rahayu,https://play-lh.googleusercontent.com/a/ACg8ocITjPtPPtvDD0JTRKpEgMIdiWN14pREh3euEpuI_6vzLH7eqQ=mo,sangat baik,5,0,2.2.7,2026-06-23 03:08:27,,,2.2.7
bcfd2a5c-f07e-4e02-b453-21380e6c0d20,Kasmir NU,https://play-lh.googleusercontent.com/a-/ALV-UjVrzfzcIxJN90T3gZa-KY1QesvWdNhsrJ-y4PBt98YlTFFdwiM,sangat puas,5,0,2.2.7,2026-06-23 03:02:08,,,2.2.7
07186771-9aca-4f92-967e-631758f69836,Satrio Aji,https://play-lh.googleusercontent.com/a-/ALV-UjU78BpagVewRgoEFubWIoSqXQ5-5hSjcJ1zuN-m57rgYL1CFupX,KEBANYAKAN GAYA SO SOAN BUAT SKCK PAKE ONLINE APK MASIH BANYAK MASALAH PERBAIKI LAGI,1,0,2.2.7,2026-06-23 03:01:35,,,2.2.7
1384d100-97fb-4518-80ba-9f9ead0222cc,Jovelyn Claretta,https://play-lh.googleusercontent.com/a/ACg8ocKxeD6LlsnkqX1XNtX2fVaguZUyBpJNhYaIujYDaCV6s75L4A=mo,kenapa saya buat untuk di desa tidak bisa.masa pengambilan saya pilih di Polsek terdekat tidak ada pilihan ya.yang ada hanya Jawa Barat semua,2,0,2.2.7,2026-06-23 02:51:57,,,2.2.7
fa736932-c2e9-4295-898e-f35c623cc848,Budi Dhermawan,https://play-lh.googleusercontent.com/a/ACg8ocLY4erJnGBX2X6N7gM509JBnYRCau1EpVK0ghlLGKxfWyw0IA=mo,semakin mudah untuk masyarakat,5,1,2.2.7,2026-06-23 02:50:08,,,2.2.7
5635a67a-aecf-4ec4-91ad-82340d80338c,Ahmad Acm,https://play-lh.googleusercontent.com/a/ACg8ocK1AFtgSTxyx3EwLfFmu53gkaBWTZ1c_DQ12oqnLJYCDaNm2w=mo,mantap,5,0,2.2.7,2026-06-23 02:32:32,,,2.2.7
9abea6a4-77ad-4df2-91bc-7e0546bae143,WanRizki Ramadhan,https://play-lh.googleusercontent.com/a/ACg8ocLJMvFMel6oOkoFsdiE75Jmomwwu3TCd8OUYc5XOXK5xbjUpg=mo,aman dan terpercaya,5,0,2.2.7,2026-06-23 02:30:58,,,2.2.7
62a0f672-ab06-41cc-9167-c8cf9299c648,Ari Saputra,https://play-lh.googleusercontent.com/a/ACg8ocIQFkNqSOGKf_jD8Rq2qYsFNV3BfkWpZkR0X_ASF7U2wPpb8Q=mo,sangat membantu🥰,5,0,2.2.7,2026-06-23 02:20:59,,,2.2.7
af17afaf-edb2-459f-bc1b-62a9d3c97dc7,Giri Cempa,https://play-lh.googleusercontent.com/a/ACg8ocLdtAyT3bLFDOdUY91_OQ2DtbSniwSFfkohGHijk0xu3B-mKA=mo,mudah dan simple .,5,0,2.2.7,2026-06-23 02:19:01,,,2.2.7
fef39f50-95d5-4bb6-80a2-e7bdc0a0cd26,Sakurai_San,https://play-lh.googleusercontent.com/a-/ALV-UjXMULOQsIRIX5Ue-pAHALjHKVz_a6UJE-fPJuq4rN44UqozBII,"ppnya minimal bisa di ganti lah, yang bener aja, gada peringatan tiba tiba jadi pp",3,0,2.2.7,2026-06-23 02:10:01,,,2.2.7
480e9fc8-c093-45dd-9a78-6c9b485d7b43,arifRhakim,https://play-lh.googleusercontent.com/a-/ALV-UjVKw6PTvgyL-TdpQDJcFJYry6xstDuWpCxGyz5SXv9OKQSKD9SE,"aplikasi sudah bagus, akan lebih baik lagi apabila file yang kita ajukan bisa di terima secar online",5,0,2.2.7,2026-06-23 02:05:40,,,2.2.7
52d490d4-4f52-4a35-9ab6-fd5e5c99d5a5,Niki Bella,https://play-lh.googleusercontent.com/a/ACg8ocIcX0SGRxqkTITLtScXXV5s5tNEXjL3CxeNXujMY2k_tbIC1Q=mo,Sangat membantu mempermudah pengurusan dokumen penting,5,0,2.2.7,2026-06-23 01:41:36,,,2.2.7
262f8fb1-cafb-4829-84c6-738ed9258ea5,Muhamad nurdian (mbah),https://play-lh.googleusercontent.com/a-/ALV-UjUCEidDvJoe2bg8AIRzDUeu2oV6meCQGuUJkbC4WiGLQWHeUZfU,okeeeeeeeeeeehhh cooooyyy seni,5,0,2.2.7,2026-06-23 01:40:16,,,2.2.7
74d209db-2896-48ef-8f93-4e64e4503d6e,Hamzah Fuad,https://play-lh.googleusercontent.com/a/ACg8ocJM8K2wO0rtqTBDTZ_c2OwIgwvv1qj7MJCaWZJzmaaGbcR86Q=mo,baik,5,0,2.2.7,2026-06-23 01:38:30,,,2.2.7
b5d29a5c-4beb-4576-82bc-1948f760d7e4,Novita Anitawati,https://play-lh.googleusercontent.com/a/ACg8ocJwYdF5YLLO_yyyM03NIpT-nHTlb9Qbeg-OB9VViWqC1jFtkw=mo,sangat memuaskan dan membantu sekali,5,0,2.2.7,2026-06-23 01:10:25,,,2.2.7
53fb4524-a6d4-4e5f-8840-e5c1ceb9cf67,Firman Syah,https://play-lh.googleusercontent.com/a/ACg8ocIE6BppzhXDOUBtfbzATiw_DvmbcIcvQA1QvJxt9lxqf_rnOA=mo,sangat memuaskan,5,0,2.2.7,2026-06-23 00:57:47,,,2.2.7
a2b2d049-dd1b-4eb8-b479-a217b8189816,Ayyu Agusti,https://play-lh.googleusercontent.com/a/ACg8ocJrBjGYu6qtcNvQxQgAV7-lGLPVuQCsNzmCBtz0_HsMV7rNZA=mo,baik dan cepat,5,0,2.2.7,2026-06-23 00:50:07,,,2.2.7
8674ee32-7d76-4dd3-9f36-febe15df48bf,Nadia Sinika Putri,https://play-lh.googleusercontent.com/a-/ALV-UjXncfLPnvND46LFqjeSRggdTYglfFAlj9tTCmTQN9nrrXppWhY,mempermudah membuat skck,5,0,2.2.7,2026-06-23 00:47:45,,,2.2.7
46001fbb-7dcb-4ddf-8f44-3fae13197b07,Fajmp For God,https://play-lh.googleusercontent.com/a-/ALV-UjVq9q3_LE7cKc_dDvpM1FxOjM3DO4pW7yGnrELeehwVfplHa9B7Hg,"sistem jelek gabisa masukin daerah kota masing masing, aplikasi kolot",1,0,2.2.7,2026-06-23 00:35:38,,,2.2.7
67af90e7-3c3c-47d5-9fcb-fac47edc4f85,Keshia Ross,https://play-lh.googleusercontent.com/a-/ALV-UjW7laFgRaIBT8qMi8T717BnFbLEMiN-vhlYVt1N0MEKmVfutz5V-w,"SEMUA APLIKASI DARI KEPOLISIAN YG DISEDIAKAN TIDAK BERGUNA DAN TIDAK PRAKTIS. JADI PERCUMA KALIAN BIKIN APLIKASI, KALAU TETAP RIBET PROSESNYA!",1,0,2.2.7,2026-06-23 00:16:54,,,2.2.7
1af34b69-70d7-4859-ae63-dee417513057,Srisuryani,https://play-lh.googleusercontent.com/a/ACg8ocI9pYHl6XerELyOZSGQSSPbZARCtSAF75rsXrDH8YUM_v0wgg=mo,proses cepat,5,0,2.2.7,2026-06-22 23:15:16,,,2.2.7
d6d930e4-5c45-4a0a-b34f-b478b3acee22,Heri Heri,https://play-lh.googleusercontent.com/a/ACg8ocI85by7WrFKx53RyH9mQg1FYc2QDr1kZXjfT6P040AlMi-GXg=mo,puas,5,0,2.2.7,2026-06-22 23:04:37,,,2.2.7
4225cf83-9d13-436e-80b2-d986598dbf1a,Jovi Blue,https://play-lh.googleusercontent.com/a/ACg8ocIPqkTObonFfKtZEJgiYYK5GMQ1rUmUCRpCrS6N83xIVSZKqw=mo,"lebih mudah skrg dalam pembuatan SKCK ,semoga kedepannya makin lebih baik lg",5,0,2.2.7,2026-06-22 22:20:32,,,2.2.7
84cf247f-7162-4455-8f4d-801cf84d3ce5,Movies Crew Projector,https://play-lh.googleusercontent.com/a/ACg8ocJBpVNQmSb-R9WO2SRHzLcP83nPyb6L_vuv_goKJFzmZKPaFw=mo,Mantap,5,0,2.2.7,2026-06-22 18:13:06,,,2.2.7
6c0e4474-d8bd-4e49-b75f-dcd51f25cf5c,KAPTEN JANCUK,https://play-lh.googleusercontent.com/a-/ALV-UjV3bEp-_XI44l93yJ8Nd-7GlV4N_w1jN8RTkA20h6phSHfevnY,jos jis,5,0,2.2.7,2026-06-22 17:13:14,,,2.2.7
bef8aeb8-78be-4075-a001-306c1092e874,Jamaludin 7778,https://play-lh.googleusercontent.com/a-/ALV-UjUdcdu8V1nVaQC1rncEQW_dyfYHRnaPUkR3ADGkkLhedZqtLuE,Terimakasih polri sangat membantu sekali,5,0,2.2.7,2026-06-22 16:45:28,,,2.2.7
8a666880-be8d-4582-ac17-235ebaecc669,ners sis,https://play-lh.googleusercontent.com/a/ACg8ocLEvJh5prTnKBEC388ANI8iceIiBxXm3A_TMV4JcaWkN-S_yQ=mo,cepat dan tepat,5,0,2.2.7,2026-06-22 15:08:39,,,2.2.7
6c5a7d2d-5872-4df7-b257-9430dbaad2b3,Memeteng 1,https://play-lh.googleusercontent.com/a/ACg8ocLf_r2c-yHtEhYiXDjSs0dMM8y9YVYJ0QlXR-1AHNcOj1WC2g=mo,baik,5,0,2.2.7,2026-06-22 14:54:27,,,2.2.7
5ce33664-6908-41e2-8d9a-13632124ac1f,Abarudin abarudin,https://play-lh.googleusercontent.com/a-/ALV-UjU_LTMhPk-aHDnilNfAFDOYfq1_uVos9gGulbbQ4AFqe6tMrDs-3w,sangat mempermudah masyarakat dalam urusan administrasi khususnya pembuatan SKCK.,5,0,2.2.7,2026-06-22 14:12:09,,,2.2.7
97d3b0df-1c81-4095-9a85-ed9ff6990c91,novaldo Riski,https://play-lh.googleusercontent.com/a/ACg8ocJtnYj1x7SO-kVA07CPiqFeisohSHMHCVP7ECItGeG98Mezrw=mo,sangat membantu,5,0,2.2.7,2026-06-22 13:56:44,,,2.2.7
c71422f2-4906-474d-b676-bebe5a3ce9e3,Putra Rendi,https://play-lh.googleusercontent.com/a-/ALV-UjVHwseKbHJaV3rVwlWkDNXQBerTWHNnjpNmj4zKp0GU7dFt7eg,"Ribet gaada polsek terdekat,seperti biasa...",1,0,2.2.7,2026-06-22 13:45:25,,,2.2.7
010644ee-e2f0-4355-9721-586b5ce0c539,Mutiara Siva,https://play-lh.googleusercontent.com/a-/ALV-UjWzGNxyBlr-d4cJ-_KtceRLb6OLwDParkGrcUzEuZ4a0gPtCE0,"aplikasi gagunah g membantu samasekali bukan mempermudah tapi mempersulit, sebelum bikin aplikasi sudah ujicoba apa belum si, klo opsi isi sesuai KTP tidak bisa d gunakan knp di tampilkan sedangkan isi data manual tidak ada opsi alias tidak bisa di temukan, APLIKASI HARUS DI PERBAIKI UDA LOGIN JUGA SUSAH LEMOT BANGET.",1,2,2.2.7,2026-06-22 13:23:51,,,2.2.7
74483559-b2a0-48e0-8cf7-ce6c28e888a8,Rhoni Gc,https://play-lh.googleusercontent.com/a-/ALV-UjWdBEgJpT4ALEMlszcaZBxbgFtN_33qhx8n_f7PPdTL1Js7X50,"apk terbodoh,berpikir ngk sih otak kalian itu buat apk masa pembayaran cuma brimo doang. kalian pikir manusia di atas muka bumi ini cuma pakai brimo aja heraannnn",1,0,2.2.7,2026-06-22 12:49:42,,,2.2.7
8336c778-88a3-4bac-9880-76b0fb976f59,Indra Indra,https://play-lh.googleusercontent.com/a/ACg8ocKWHbNQ91ccw-qt2vrZ4tV1195IajPRXJ-5lGyaaY8v9FPEVQ=mo,ok,3,0,2.2.7,2026-06-22 12:29:41,,,2.2.7
d0dbcf3a-015c-492c-bc51-05809fd1b748,Ham Gzy,https://play-lh.googleusercontent.com/a/ACg8ocIMTL6keKKRPVNibCLdX9azSKhdvZBTcJ-gQXWz7bTHk7Ws1A=mo,mantap,5,0,2.2.7,2026-06-22 12:11:12,,,2.2.7
cbee4cbd-6438-4ebf-a0b5-385716652351,Cici Rumeen,https://play-lh.googleusercontent.com/a/ACg8ocLdu3_RB3UFNsYFB49fFx7Tr0dav2p8rC65A2OlDpYHI_G6zg=mo,Baik sekali.. mempermudah,5,0,2.2.7,2026-06-22 12:06:36,,,2.2.7
92934015-2f5c-40e3-840c-26d56ee4a69d,Dargie Falsa,https://play-lh.googleusercontent.com/a-/ALV-UjV0kM2E-X8g0b5RMWpNOQ4TvcLD1DuRdlaOkTu8Wbx2OokMxRI,sangat cepat dan mempermudah,5,0,2.2.7,2026-06-22 12:02:09,,,2.2.7
d759cb4d-d603-4cb9-9b94-e9b89886073a,Wahyu pambudi,https://play-lh.googleusercontent.com/a-/ALV-UjULT8ZgYpmZ-aGLak9jor9VwzJ9mcIXa0uQJXEMD8Rtv8o_OPRa,sangat baik,5,0,2.2.7,2026-06-22 11:57:33,,,2.2.7
c54b27cd-a203-48d1-bd4f-2b9fb9b92d2b,Marince Ndolu,https://play-lh.googleusercontent.com/a/ACg8ocJTl9KjSesKXUacL0MX6nlXytZ1BXoKHxsqzIB7_W3chienUw=mo,bagus,5,0,2.2.7,2026-06-22 11:01:13,,,2.2.7
ac1481a9-6075-448a-a13f-7239c2f029bf,Sumitro sumitro,https://play-lh.googleusercontent.com/a-/ALV-UjX3eHXAXee2l-GHSc_Kq0_2TE2CzzUFOw7jX1iH-cILYhfWcLHohQ,sangat membantu,5,0,2.2.7,2026-06-22 10:50:12,,,2.2.7
40e838c0-1c33-4124-9028-d964f136b8ce,Ronald Irfan Andi Irfan,https://play-lh.googleusercontent.com/a-/ALV-UjX9aZNYDs2Nh9z-8Ngs-a1vEt11jEQx04Krd7DS7KMsWHCo7WMp,sangat membantu,4,0,2.2.7,2026-06-22 10:23:41,,,2.2.7
d582895e-42e6-43f9-9439-208d951f3918,Asep Ginanjar,https://play-lh.googleusercontent.com/a/ACg8ocKuz9qoTqIhd60R8JQSa5wEENHgPa1NizaZuNsZqzrRlKO5fA=mo,aplikasi sampah yg gak ada manfaat sama sekali masa saya mau buat SKCK untuk kerja malah gak bisa terus sih pas identifikasi wajah pas udh selesai nunggu lama malah balik lagi ke masukin nik😡,1,0,2.2.7,2026-06-22 10:23:13,,,2.2.7
b611c749-528e-4c43-b10e-9559f8705ba6,APERIUS LAHAGU,https://play-lh.googleusercontent.com/a-/ALV-UjVNXqnuL4WNGghLHjEolCPuUj3QojTOaJ1ZlvY8O-SAVGXBRofs,Luar biasa,5,0,2.2.7,2026-06-22 09:47:04,,,2.2.7
81527ddc-08a0-472f-a8f2-5564772ff7d2,Nafian Putra Widyantono,https://play-lh.googleusercontent.com/a/ACg8ocKSPfdWwVzpYn93eN1RMBFcxCLIuZmT1iLA4MT_sFzfpLO9bRp9=mo,oke siip,5,0,2.2.7,2026-06-22 09:41:28,,,2.2.7
6dec5873-93c4-41af-8f0b-83f34551797b,Nesthi Lestari,https://play-lh.googleusercontent.com/a/ACg8ocKua-JQB7Ckag-26Oa93Nye0XnzBZWrwvJfwjefNr5GCWWm3Q=mo,puas,4,0,2.2.7,2026-06-22 09:14:53,,,2.2.7
d9788492-e8d4-4788-833e-e4bb77239538,Fiat Milanisti,https://play-lh.googleusercontent.com/a-/ALV-UjW0sHm3xxPwQjkg_M0wNtIn71cea02U85Ca1TTKCvZ5PeydXrk,"luar Biasa, sangat membantu",5,0,2.2.7,2026-06-22 08:58:49,,,2.2.7
e07fe216-6312-4302-8547-3bb45a21bcdb,Masitah Al_farizi,https://play-lh.googleusercontent.com/a/ACg8ocKDEgZm8fFs0ajuA3opFKGrzqNQLLS8QW3tV78K2BPjiRqqCw=mo,baru coba,4,0,2.2.7,2026-06-22 08:18:31,,,2.2.7
7e37f76e-0ecd-4823-b7ff-13b8e8b1726c,sugeng Prayoga,https://play-lh.googleusercontent.com/a-/ALV-UjVFcXuTAz9MGHEgNolDiLDxYrFKZNA6PcyKk2gZHxpRZpY16Bo1,bagus,5,0,2.2.7,2026-06-22 08:09:16,,,2.2.7
9268ccb3-b19d-4830-9bf7-a29c53c6f28b,Yudi Ardiyanto,https://play-lh.googleusercontent.com/a/ACg8ocJ752G1yVc51Ov1LfnsigeaHDAEwDKRBWlKWbxx1z8hxt8HzA=mo,jos sangat membantu terimakasih aplikasinya terbaik,5,0,2.2.7,2026-06-22 08:03:37,,,2.2.7
4cedc900-a3a2-48d7-99d8-edf77ecaed0e,Bhimo Djati,https://play-lh.googleusercontent.com/a-/ALV-UjXIT9u0rK3yGAvAY_YaTh-s7uXZwhFcW98T1Ahzkz-SOnVZuw9_,"Okelah, berhasil diperbaiki.. Mantap👍",5,0,2.2.7,2026-06-22 07:54:53,,,2.2.7
2dc3a1a7-8eaa-400a-ab02-f097a8bade1e,Bang munir Udin,https://play-lh.googleusercontent.com/a/ACg8ocJ7h4EoiC79mnKPEYXWjcK0eTiobmmfqVpct6S2HucLwAjR2A=mo,mantap,5,0,2.2.7,2026-06-22 07:38:20,,,2.2.7
75c6d2f1-9a0b-49db-ae59-e1d2c94ac0fd,Chizuru hikari,https://play-lh.googleusercontent.com/a-/ALV-UjXvzlyNhgtp12pYUMNSZOZSCEHb7_FVUE3Vhz0tqb52VZ95ozr4,sedikit masukan dari saya sebelum apk ini di rilis tolong di tes dulu pake hp lain apakah semua sudah berjalan dengan baik atau masih ada beberapa perbaikan jika semua fitur yang disediakan sudah di uji secara keseluruhan baru lah di perkenalkan ke pengguna,4,2,2.2.7,2026-06-22 07:26:21,,,2.2.7
5f7ef0ed-b6c9-4f89-b8e4-b021cea1f76a,Febri Putra,https://play-lh.googleusercontent.com/a/ACg8ocKZQJsqyWoaQcfehmNY4qeeQToDijusmIbIJTltLXWcoL1Zuw=mo,😁,5,0,2.2.7,2026-06-22 07:25:09,,,2.2.7
16c47b10-8127-456e-8ee9-ca0b19ff6ebd,YOGI EKA PUTRA,https://play-lh.googleusercontent.com/a-/ALV-UjVdjr6Qpc9EqcWIS0i1jRDULg4gnhzER7MiXsxqLkIXTUNLLdrm,Cukup,5,0,2.2.7,2026-06-22 07:23:00,,,2.2.7
e628d55c-58a0-430c-8494-0e95a8389b72,Agung Rahayu,https://play-lh.googleusercontent.com/a-/ALV-UjW2A0IBhOE-zosl0NwvkmxNMwCXe7vNPyMN65pi2AM7iXNKnoE,aplikasi baik dan membantu,5,0,2.2.7,2026-06-22 07:03:43,,,2.2.7
db5ce2bd-5103-4b24-bc37-56ab5db617fa,KanG mas Bla3m-Bla3m,https://play-lh.googleusercontent.com/a-/ALV-UjUINWINpAdlMWLO8fHUSmrAhSM1PhlOaiNs-bEedukq1B7w8488,"simple,elegan,mantap & luar biasa",5,0,2.2.7,2026-06-22 07:01:57,,,2.2.7
b79cf43a-4a48-4fe7-917a-6e9f6f018daf,Ragil Pamungkas_346,https://play-lh.googleusercontent.com/a-/ALV-UjU3tGfkWmYOpfhtKxzT5CA3c9jzCSJjbJpA--CCkgi8ZkKB3ANe,"sangat membantu sekali untuk pembuatan SKCK, jadi tidak perlu lagi antri cukup mengisi lewat Super App Polri ini. proses sangat cepat👌",5,0,2.2.7,2026-06-22 06:29:16,,,2.2.7
619a6a67-ee61-4744-97bd-ed02850fad33,adnand fajar,https://play-lh.googleusercontent.com/a/ACg8ocLa8rCs3FIzq0hVeV0-04ovHEOrT4nucUMO1UnWlLe0WsW8Cg=mo,sangat membantu masyarakat,5,0,2.2.7,2026-06-22 06:19:10,,,2.2.7
3c4a7a74-0d86-4897-90ef-90747b7212b6,Agus,https://play-lh.googleusercontent.com/a-/ALV-UjXbwIMhK6KFC7ykSpa4MKmw6l9qOhC6IAE_0GK_1b41spNFh7A,mataaaap betul aplikasinya,5,0,2.2.7,2026-06-22 06:13:58,,,2.2.7
03849f10-5d67-40de-ad29-83dfc5d6e56d,Mulya Fiqih,https://play-lh.googleusercontent.com/a/ACg8ocLexNptjKFGpoi-Kp37GHpETM2h2-M5-juqYlZtDirbbYp_Ig=mo,aplikasi ini masih banyak kekurangan nya dari mulai foto profil tidak bisa di ubah.pengajuan sebelum nya tidak bisa di hapus .dan layanan nya tidak cepat saya buat SKCK dari pagi jam 9 sampe siang jam 12.30 ini status tidak berubah masih dalam proses terus padahal sudah transfer,3,1,2.2.7,2026-06-22 05:38:57,,,2.2.7
97a47689-8990-4c78-8753-255b70fe5f0c,Samsudin Rusmando,https://play-lh.googleusercontent.com/a/ACg8ocJlmzEtYORdbgTUeA0pU2-BX99Uefk_vOIqrqMa--Tp-IRIrQ=mo,bagus,5,0,2.2.7,2026-06-22 05:23:32,,,2.2.7
a255ad18-7878-4670-806d-5ac54bf2c6d2,Lintas Rinjani Channel,https://play-lh.googleusercontent.com/a-/ALV-UjXXqZbXgUzL9Vr0b_IVommwfozL-OiucaVTy9qLuAeLbYTLbfDM,baik,4,0,2.2.7,2026-06-22 05:21:42,,,2.2.7
06762c09-e9f7-43f2-9690-14bd7437ef79,Prtama Rizky,https://play-lh.googleusercontent.com/a/ACg8ocLAFvZRFfqfwHt9kbgIwr3BMLPTNh540egidkf9elAs54lLZg=mo,pelayanan ramah,5,0,2.2.7,2026-06-22 05:16:16,,,2.2.7
e146f093-beb3-434d-92ba-d5c0e170368d,Muhammad Yahya ubaidillah,https://play-lh.googleusercontent.com/a/ACg8ocK3_w5sT96r3ApVdVpqvxZiN92n74AYgYHkwDj-xlxS7A_Nww=mo,sangat recomend,5,0,2.2.7,2026-06-22 05:07:42,,,2.2.7
e12c43ea-ac80-4d7c-b323-6dfd23728b6b,Erlan Benediktus Ding,https://play-lh.googleusercontent.com/a-/ALV-UjXoUgOm4HdS9Er_g4BKzVLpWZvPmfGgTN7_Sp-sJle1FC9wI3B2,bagus,5,0,2.2.7,2026-06-22 04:57:22,,,2.2.7
af9c2aec-41e6-450d-b9d9-0bca548d2c9f,Arunika Azka,https://play-lh.googleusercontent.com/a/ACg8ocJliiyyIThDcPOEKYOUbRzSKf72o4LgEZ8XRbhuczamwAMCAA=mo,"sumpah ini sangat membantu , di rmh saja duduk manis semua nya terbit. polisi semakin kedepan SMG pelayanan yang lain jg di percepat",5,0,2.2.7,2026-06-22 04:20:11,,,2.2.7
699bba8e-a80b-4578-82df-b9bf9f69e91a,Nunu Karawang,https://play-lh.googleusercontent.com/a-/ALV-UjUA5BXGuNk4V4vg2lMjqW8SAKRSr-IO4Y7okVeQ52-tmROJWIfa,Bagus 👍👍👍,5,0,2.2.7,2026-06-22 04:20:08,,,2.2.7
f7eb23a9-48ef-41a7-a9ba-899078f32ff0,Agus Setiawan,https://play-lh.googleusercontent.com/a/ACg8ocJgmoQD4Z5qKJeG1-wrmlKmBlNW63wj2zbzTsEKZhUW0tZigA=mo,lebih cepat dan gak ribet,5,0,2.2.7,2026-06-22 04:10:31,,,2.2.7
3042dab5-b08a-490a-b578-753ad89868cf,Ahmad Zakaria,https://play-lh.googleusercontent.com/a-/ALV-UjWCmSi_smbSK6-h24a7bYgzPvzfmWO0_WeNfHrP9SxkHBZCcEa8,sngt membntu,4,0,2.2.7,2026-06-22 04:04:50,,,2.2.7
23572080-a6b7-476c-b48f-76012b7f3dbe,wanto bird excellent,https://play-lh.googleusercontent.com/a-/ALV-UjV-8-1CNKrfp0Yhe9ynFCkFOsJOIjVWXIQqMyv0Eb7sWWXy85ay,jos,5,0,2.2.7,2026-06-22 04:00:45,,,2.2.7
2fb9dff0-fda4-46dd-8f6b-56f14647c311,Mandafardillah 2175,https://play-lh.googleusercontent.com/a/ACg8ocKQTx41WBqgn4pUfaAoR6RgOJes_QNpTjNum-S0tknHsU205vDI=mo,ok ok ok,5,0,2.2.7,2026-06-22 03:58:50,,,2.2.7
f28ed382-ccdd-4cfc-9f6b-554a531bef90,Cempaka Bakti,https://play-lh.googleusercontent.com/a-/ALV-UjW8dO3-I2ppgYl22gdgsrzyNqRZCc-6gLSR7Pxk8yrKi2-q2KjO,sekarang gak ribet hari datang ke tempat,5,0,2.2.7,2026-06-22 03:33:10,,,2.2.7
082f7ded-00b9-4f38-a5d1-204ba2cc6181,Leni Marlena,https://play-lh.googleusercontent.com/a/ACg8ocI9PaNfij3e0XAcBrCyGNoW3k_Dzy6-zKtqC42IBgmYFA5O-A=mo,sangat membantu,4,0,2.2.7,2026-06-22 03:11:32,,,2.2.7
f2f29ff4-c3f0-4826-a24c-93c8e1de789b,Bagus Hariyo Seno Anak Gresik,https://play-lh.googleusercontent.com/a-/ALV-UjXXXcuCJElLg0s1zKV7gYm_8XvJs1E7r5eNcVmChEz8VqNKJfm1,mudah,5,0,2.2.7,2026-06-22 03:07:14,,,2.2.7
7a25bbe7-c114-4e19-89a9-3e906491959f,Riski Pingki,https://play-lh.googleusercontent.com/a-/ALV-UjUOoKCjhfhwCjSLMbOzZQSI_It6Z2TZnPIlUu83dGrfGHOmjF6rpg,"bagian polres cuma tersedia daerah jakarta dan sekitarnya, untuk pulau lain tidak ada",2,0,2.2.7,2026-06-22 02:54:25,,,2.2.7
9b3a3d2f-92a3-4720-afe6-b85f8c438c7c,haris wijaya,https://play-lh.googleusercontent.com/a/ACg8ocKzrJJqALwp1k7-gqNlaq1VAGEJ3JZAyolCH5l9e6yCZhz32Q=mo,gasssa gercpe klo buat di online tp ngk tau klo antrian di Polres nya,5,0,2.2.7,2026-06-22 02:45:04,,,2.2.7
0603e208-1881-42c9-9d26-1f752746e222,zultfikan,https://play-lh.googleusercontent.com/a/ACg8ocI1TvztZ0lf0zMsPOncjyMChxy5d9xIRjUUWADV4o1HMbfrYg=mo,"customer service nya gak respon, mau nanya masalah SKCK gak ada respon sama sekali padahal udh di jam operasional",2,0,2.2.7,2026-06-22 02:33:26,,,2.2.7
9191030e-2c5a-4a90-9f28-47ba34c7036e,Rina Tambunan,https://play-lh.googleusercontent.com/a-/ALV-UjXeO1OZ9M4qbqCn40OdpVKahzd5O1vPqHJFjmx_TT9eWs32yofi,"aplikasi aneh kirain bikin skck online cepet taunya udh mau sebulan blom jadi juga, padahal bayarnya duluan . saya kasi bintang 5 biar keliatan dan ada improve tolong hire programmers yg proper",5,0,2.2.7,2026-06-22 02:30:31,,,2.2.7
1f5d5b9b-0240-4ef7-ad6e-487dcfa19246,Darwis Primitif,https://play-lh.googleusercontent.com/a-/ALV-UjU-0rpj3C5ZoAQ0hFmb26MaXPqzUUiTH_o8QbZHSLXeslAI9P8,Sangat Membantu,5,0,2.2.7,2026-06-22 02:20:59,,,2.2.7
f2b7c6c9-d5ca-490f-91a4-6a6d4df14789,Mellyana Goeltoem,https://play-lh.googleusercontent.com/a-/ALV-UjUthVL8FX1biGi0AZLAOa08n5lhgZcj1ZbvIsMqX6yqR4hc0uDS,sangat bagus,5,0,2.2.7,2026-06-22 02:20:54,,,2.2.7
dbd97355-b622-4b76-ad69-0d9a6bdbdfc4,Norita Jequleen,https://play-lh.googleusercontent.com/a/ACg8ocIm8VruqXmuYnu8ORa9fLNmCf5gPdxF0xbK4WJ341j3Rj5AgAM=mo,Praktis dan mudah di akses,5,0,2.2.7,2026-06-22 02:20:45,,,2.2.7
6d235453-a518-43af-b455-5526ffdc6a43,Tolak Totok,https://play-lh.googleusercontent.com/a-/ALV-UjViHLPlMIfq-vQFJBSyWL47VsksZ_FehjatNJ5UJ8itiEdpcmr0,Dengan adanya Aplikasi ini saya sangat terbantu di keadaan yang tidak memungkinkan saya harus balik ke daerah untuk urus SKCK. inovasi yang berdampak bagi kepentingan masyarakat adalah inovasi yang sesungguhnya. terima kasih.,5,0,2.2.7,2026-06-22 02:14:04,,,2.2.7
b08aeb6a-4499-4f51-924e-36fc6a7f7f87,Hendrik Paray,https://play-lh.googleusercontent.com/a-/ALV-UjVxFaMzStkmfIy9mCpJymc0CGenPy_IPGWzX6ONTQiWuG_ClcEg,mantaf polri,5,0,2.2.7,2026-06-22 01:48:24,,,2.2.7
97eea425-bdb4-4e30-8056-592abde0d8aa,Anggun Aulia,https://play-lh.googleusercontent.com/a-/ALV-UjUAnysAvy6Ch2EAhWdT_2ib6inU1wWxU_bmRb4kfPRZUrLL2RC3,baik,5,0,2.2.7,2026-06-22 00:51:33,,,2.2.7
aa43691e-f582-4f51-92e6-a0edf2c15da4,Alla Din Zen Murtoxs,https://play-lh.googleusercontent.com/a-/ALV-UjUkFGJoO65S9kCN3aqiGYLSxMj8lurDW05y24r934hBMw09IjuD,Udah capek-capek isi semua formulirnya giliran tinggal satu klik doang g bisa ke kirim. Di laporan kehilangan masalahnya di upload pendukungnya. Di laporan polisi di untaian kronologi Kejadiannya. Masih merah aja padahal udah di isi.,3,1,2.2.7,2026-06-22 00:19:37,,,2.2.7
bda8e498-01d9-483f-8e1d-0d24d20c3e4d,Darwin Husen,https://play-lh.googleusercontent.com/a/ACg8ocJMdYtLX-1LYwQJ1eWs32rEoMV6OEwR5f6Wy0G_qUIz9ZLI8A=mo,Bayar di tempat,5,0,2.2.7,2026-06-22 00:02:18,,,2.2.7
9672c40f-f8a0-45f4-87de-4860d573e6bc,Rudy Setiawan,https://play-lh.googleusercontent.com/a-/ALV-UjUzkmCTaL9yySatSfVjfi28I68EfSTS1s88CeukbXBr-G3lpVqa,Keren,5,0,2.2.7,2026-06-21 23:12:52,,,2.2.7
21506c9d-09dc-4f70-b0c8-2df2998bff1e,Eka Prakasa,https://play-lh.googleusercontent.com/a/ACg8ocJog1pPLPdpaDelN8IS-CQg06MS9G0y2GFY7URJXr4HiJenkEQ=mo,sangat bermanfaat,5,0,2.2.7,2026-06-21 21:34:33,,,2.2.7
26363987-2ead-48de-b3fc-8d6d26ac8984,Pengguna Google,https://play-lh.googleusercontent.com/EGemoI2NTXmTsBVtJqk8jxF9rh8ApRWfsIMQSt2uE4OcpQqbFu7f7NbTK05lx80nuSijCz7sc3a277R67g,bagus,5,0,2.2.7,2026-06-21 15:55:17,,,2.2.7
6fee7193-af86-4e78-b9ed-7c03aad03655,Ari hermawan Lalay,https://play-lh.googleusercontent.com/a/ACg8ocL5n6iQSYZCFkoTxlWYcHeE5pj8amQgARt-DxXicM5gzKHq-Q=mo,bagus bangett,5,0,2.2.7,2026-06-21 15:44:58,,,2.2.7
c75c7a5c-ad95-4489-9ce1-470a2d867b98,Supriyanto Yanto,https://play-lh.googleusercontent.com/a/ACg8ocKS0avBuw2UGDv8AB4nt1bZlnjVmjywltbsd-8IgADSIZ4upA=mo,mudah dan cepat,5,0,2.2.7,2026-06-21 14:52:51,,,2.2.7
03ca3a7e-0a57-45c6-90c9-de1e1e8f4f79,Miftahur Rohmat,https://play-lh.googleusercontent.com/a/ACg8ocKKAyAAjxKlGdKVXr-qarh5yMpPivI5CdhRkQOaZ8ykcgvu7g=mo,baik,4,0,2.2.7,2026-06-21 14:08:49,,,2.2.7
0c179f45-5e21-4e33-b622-9828da29116a,Ferdi Putra,https://play-lh.googleusercontent.com/a/ACg8ocKgbm0ARveVNylyWG74NOs9STu289-H3FeP0zakNcjmU33BSw=mo,sangat bagus,5,0,2.2.7,2026-06-21 14:06:41,,,2.2.7
c6613be6-2086-4b56-b616-f8f7cf18e040,Syam Gowa,https://play-lh.googleusercontent.com/a-/ALV-UjUc-xtLPF9ZRDwK7DUNLBhZ9QRg47cgU2EKWhC7sQIZm9hmsRM,sangat membantu,5,0,2.2.7,2026-06-21 14:04:52,,,2.2.7
d339c3ce-62e7-47b6-8367-d195a973b486,Boski,https://play-lh.googleusercontent.com/a/ACg8ocLkgr9V0tzr7TYobJ-x3VVv7Bd4vS5vgs5xgnUDWGn8Wzf_1A=mo,bagus,3,0,2.2.7,2026-06-21 13:59:40,,,2.2.7
72b59e68-368c-4068-bcba-59c1159136ed,mom moz,https://play-lh.googleusercontent.com/a/ACg8ocL85-8hhMNie1FGHqS4N860G1CrqXaKIGDUyGbCrFAzgYRp=mo,lemot,1,0,2.2.7,2026-06-21 13:58:16,,,2.2.7
22c3d093-ef1d-4287-8fa3-29660ba3c5f3,Hermawan Awan,https://play-lh.googleusercontent.com/a/ACg8ocLQBxAeYEQ_cIN5J8jk5xyxNBOPCkkuZlgAfjx1z0BXWvXaCg=mo,Proses cepat dan tidak sulit,5,0,2.2.7,2026-06-21 13:41:09,,,2.2.7
4dd0e60a-0b6f-4634-91d5-ea56658c272a,ka' jem's,https://play-lh.googleusercontent.com/a/ACg8ocJbaPco-YYtRNjfvk0pzN5jpGBhkoy3Kkz31OEjgifQVLJTMg=mo,mudah dan cepat,4,0,2.2.7,2026-06-21 13:07:06,,,2.2.7
81c4b8fe-d629-439e-bb8b-5bf739adc346,Very Mulyana,https://play-lh.googleusercontent.com/a/ACg8ocLduFeuDs19Oj56YJSJsithNhz9OHoZOC7k6dNs3jnjKeJ1YA=mo,di permudah ya pak aamiin,5,0,2.2.7,2026-06-21 12:56:12,,,2.2.7
90276890-bb37-477e-a974-2167a79b9a7d,Minartin Mina,https://play-lh.googleusercontent.com/a/ACg8ocKBoep27eJsbZhyGmXxFkfc9ol4MrjauZjbSDAa4jDqg8YM-g=mo,Mantap POLRI,5,0,2.2.7,2026-06-21 12:22:32,,,2.2.7
223e6f91-39d8-47ee-9a4b-690937d6e8d3,Taufik,https://play-lh.googleusercontent.com/a-/ALV-UjX-zwJzy-vhqFmDSLbX1CuiWQulGMYYGIbPfi2SVhzBpIFLw7Rs,Bravo POLRI semoga pelayanannya tetap yang terbaik,5,0,2.2.7,2026-06-21 12:13:50,,,2.2.7
7260acf4-4343-4e80-b7e1-7139768192a1,Fakhrezi pratama Yudistira,https://play-lh.googleusercontent.com/a-/ALV-UjXEaFSK_vu0bv5CqdWQX-ftcZtnQlzcYS1Ij4jd8lKX4l3MSfM-sQ,cukup mengesankan dsn mudah digunakan,4,0,2.2.7,2026-06-21 11:52:40,,,2.2.7
0b18b52d-b6b0-44b7-b72b-e519317ccfca,Muh Sadrianto,https://play-lh.googleusercontent.com/a-/ALV-UjVkG-krXQ_AZnpZ8JiVxuk8xZqJ-pdbt07IvgRurvzVFSi7AcY,mntap,5,0,2.2.7,2026-06-21 11:16:39,,,2.2.7
7b965f7f-3f26-4b84-8136-ecc5f08b7666,Deni Saputra Bahrin,https://play-lh.googleusercontent.com/a-/ALV-UjUrp48KbMr4cGLPA9a_fhyH3cuiGBVEOOsp05J7a1jfbb-UeUA,aplikasi sangat membantu,5,0,2.2.7,2026-06-21 11:15:12,,,2.2.7
397a90a2-4d2c-44d6-afe5-d2e147222a82,Toard Fratel Palilli,https://play-lh.googleusercontent.com/a/ACg8ocJAX_z9NT9pwNHLP7K4oFeFS-u-HyCODbfqHb24HX_YfgX7_w=mo,mantul banget jadi dalam sekejap,5,0,2.2.7,2026-06-21 11:09:38,,,2.2.7
d0330e60-6d78-45f1-8bd1-e0f323f71fac,Arif Satria,https://play-lh.googleusercontent.com/a/ACg8ocJFL-Nfba8vBNqCfsd06sG1xxvEqbvdHc4X_rWjx-Kr3yPPGA=mo,"bintang 1 buat aplikasi ini, untuk masalah laporan polisi engga membantu sama sekali, bikin laporan kaga di acc malah disuruh datang ke kantornya langsung mending dipermudah kalo dipersulit, di cengcengin?, saya bingung sekian banyaknya polisi tugas mereka sebenernya apa sih kerjanya?",1,2,2.2.7,2026-06-21 10:31:16,,,2.2.7
78640135-809c-470b-a225-b24d7d283d24,Wildan ilul,https://play-lh.googleusercontent.com/a-/ALV-UjVLGBt5yAoZKrCeI8DZOQrjDAyuWfUAMi4V6InWHWTUeOEA74w,oke oke,5,0,2.2.7,2026-06-21 08:40:45,,,2.2.7
b093a905-9c7b-4800-b6f9-5b28334805d0,Dede Tedo,https://play-lh.googleusercontent.com/a/ACg8ocIY6A7MlBN6ByL_MEA42GPDlYsaIYlPtkWoPKjEeDQ1V6p7vA=mo,aplikasinya lag suka gagal mengunggah foto persyaratan,2,0,2.2.7,2026-06-21 08:02:18,,,2.2.7
e6657655-d170-4063-a3de-e047ac47caa2,Stela Erika Oktaviani br Sinuraya,https://play-lh.googleusercontent.com/a/ACg8ocK3R96dURvoGurts6MzNWACKlTMBQGp77BpQwlAOXeIrUwl5A=mo,mantap,5,0,2.2.7,2026-06-21 08:01:09,,,2.2.7
28e69205-a507-4a81-989c-e6df22157d18,Utari Dian Arsanti,https://play-lh.googleusercontent.com/a-/ALV-UjWQclNuTESyOXBKgg0qG5BRAo7tnOvg17zDOeNNEN72D82KVPN0,"Aplikasi sering eror dan bug, gangguan pembuatan SKCK online,",2,0,2.2.7,2026-06-21 07:40:20,,,2.2.7
9aa71b73-b408-4e5c-b8a2-73b77018a8b8,Subhan Subhan,https://play-lh.googleusercontent.com/a/ACg8ocK2HLX7ekzi47ARinz_IhDn6H5DkZBnXSevR1ShZCPoph9wMw=mo,cepat' ringkas,5,0,2.2.7,2026-06-21 06:54:39,,,2.2.7
17b2247c-b88f-4128-8168-aba833374f6a,Khanafi Ag10,https://play-lh.googleusercontent.com/a/ACg8ocIg1Gcm_SX_WPuGHzrNcKdgu4qCo07084uGTITXPdwV0-ONUg=mo,"Aplikasi apa sih, mau daftar aja gak pisa di skrol, gimana mau lanjut nya. data udah di isi semu tapi gak bisa ada perintah kirim atau lanjut..",1,2,2.2.7,2026-06-21 06:49:02,,,2.2.7
df3e967b-0be5-48b5-8a06-91b36392dcb7,Bachtiar Venlok,https://play-lh.googleusercontent.com/a-/ALV-UjV-3zWBta9_TWoerZ_udOZPMoXZEkwl6afFTrI_yFII40N_38HH0w,Data SKCK Saya Berbeda Dengan KTP Dan Tidak Bisa di Perbarui,1,0,2.2.7,2026-06-21 06:48:53,,,2.2.7
e967952d-e1e0-4d6a-a498-d1aa4d545c8d,Josim A.S,https://play-lh.googleusercontent.com/a-/ALV-UjVVNOxjhVB9d61v2hqtInSwz8Av8HfOeLeFiDGgS2kNN3uBFe4q,Sangat Mantap,5,0,2.2.7,2026-06-21 06:43:23,,,2.2.7
6c0104de-c8bf-4b2d-be10-08bb1eaaa7ee,Reyhan Destauqi,https://play-lh.googleusercontent.com/a/ACg8ocKM0n5M6vJFP-UYVsjv3b6ahNFHUH1HRirYK7o5Cran_TWcyQ=mo,admin aneh ga pernah bales,1,0,2.2.7,2026-06-21 06:13:29,,,2.2.7
2e689575-513d-4bed-bd24-af18ffa23ebb,Nuryana N,https://play-lh.googleusercontent.com/a/ACg8ocKS4I9VNrkW-0sKB8_sdByqukvmoapwX1Xm7FXCkqKVat6Jlg=mo,"malah makin ribet, bukannya mempermudah,. app banyak error ny",1,0,2.2.7,2026-06-21 03:03:53,,,2.2.7
86e56e70-83de-4ba0-a17d-5c09dd02f407,ANGGI SURANDI,https://play-lh.googleusercontent.com/a-/ALV-UjXtLHXhGVngfmHTWeNcuJyAQaHV9_FG6TSPaBYb2BEk2lM7Hqw,Aplikasi POLRI ini sangat membantu masyarakat Indonesia. Terima kasih,5,0,2.2.7,2026-06-21 02:28:09,,,2.2.7
433a038e-2af9-4afd-b1f0-ca85707b9538,muhammad iksan Majilu,https://play-lh.googleusercontent.com/a/ACg8ocJdE0bRx45wo08bR-sV-kiIKPGzdMJ5O6SCsQxCdLGIl9rwSw=mo,bagus,5,0,2.2.7,2026-06-21 02:25:00,,,2.2.7
b1b4f58e-a5f4-4a36-972c-386bcae84a3d,Sahat Manurung,https://play-lh.googleusercontent.com/a/ACg8ocK6E5z_MgeIM2eRUMxrBNkP10xUInG6nMaqKzOD2OCvvTHenw=mo,baik,5,0,2.2.7,2026-06-21 02:21:12,,,2.2.7
5320b225-159d-452a-9c52-9f9cbe839d6e,Ratmini,https://play-lh.googleusercontent.com/a/ACg8ocK9JHcun8DAoprgeWTr6WllkDDdM7T4ReKCrBI6nq9xRoUqgw=mo,proses cepat ini,5,0,2.2.7,2026-06-21 02:04:01,,,2.2.7
0f358fae-3b90-4971-96cc-fc7c1c286b20,abdultehuayo12 abdultehuayo12,https://play-lh.googleusercontent.com/a/ACg8ocIa-7YrmvvBZ3oZsfxVaFAbafdOtxuyvnjmbZPWX0Yd6F-mJQ=mo,oke,4,0,2.2.7,2026-06-21 01:57:39,,,2.2.7
6e2e5a3b-473c-4d2d-bd8a-a855516785a1,Alika yasmin,https://play-lh.googleusercontent.com/a/ACg8ocJK81S9GP859FqwnMFmew3KLSGrQJuZPsWz3swVbYSp7c5z1A=mo,simpel,5,0,2.2.7,2026-06-21 01:47:04,,,2.2.7
2b9697a6-21cf-4828-9da5-4b36552f584d,Usep Hidayat,https://play-lh.googleusercontent.com/a/ACg8ocJSSuyYfu_UF_uxnyA2yaAf_lXbtGn62K2FQyOj_sNexCS8zQ=mo,izin perpanjangan ulang SKCK yg baru lg,5,0,2.2.7,2026-06-21 01:13:33,,,2.2.7
a317b924-37d7-40e8-96a4-2848f3e6bbae,Azarya Fajar,https://play-lh.googleusercontent.com/a/ACg8ocIpNbuAvannI-Z6poRLigH6kmqfc3OrKFVVLiSo5lwCPS323w=mo,oke,5,0,2.2.7,2026-06-20 20:30:23,,,2.2.7
46618a0c-113f-496f-8a5c-fce33847d22d,Putri Aulia Nasution,https://play-lh.googleusercontent.com/a/ACg8ocJgNI6UaSnbxpUWI2NTQxA0VWGMjBntih1kRiXmWyAMveMF6w=mo,gajelas,1,0,2.2.7,2026-06-20 20:05:40,,,2.2.7
4d6cee0c-b73d-478e-873b-fe432ccf8994,Eka Chandra,https://play-lh.googleusercontent.com/a-/ALV-UjWCHkMgrOT7jTywU5BMc_EziBfPa7p3PAxOhK5EHAFtEq7Soxc,3 dulu aja karena masih belum berhasil verifikasi nya,3,1,2.2.7,2026-06-20 19:58:27,,,2.2.7
934637dc-47a8-4829-8a8a-e5939df68fa4,M Robil Nisyam,https://play-lh.googleusercontent.com/a-/ALV-UjWVSdTVIZiI6O1kQP2dXnjmGDXK595B9cZVksQOWcrTCiV96AqF,SESUAI,5,0,2.2.7,2026-06-20 16:39:39,,,2.2.7
e02a412a-550a-419f-99bc-2715d05574af,Amran Atollo,https://play-lh.googleusercontent.com/a/ACg8ocIqXpe1LKqZ2Mb6592i8vRDWyNUianf6f2RDHJxhGNSOYDoWw=mo,good,5,0,2.2.7,2026-06-20 15:53:20,,,2.2.7
6b0805a5-2339-4fbb-94db-f4fbdee45027,Devan Ramadhan,https://play-lh.googleusercontent.com/a/ACg8ocJ5L_EA1-mkrteXSdNrBL1isIIQZ2bSvgGFoLIKjqVMJVd4gg=mo,membantu banget,5,0,2.2.7,2026-06-20 15:27:50,,,2.2.7
c64afe42-71c0-4f7a-ad79-23199c821306,Zaeni Mulyadi,https://play-lh.googleusercontent.com/a-/ALV-UjVlJ1l4SASveoG8GO5HqdTCOIrNyN8jyjA9GARbY3tnMS3dmh65,"oke banget aplikasinya, semoga kedepannya lebih baik dan lebih baik lagi. terima kasih 🙏😊",5,0,2.2.7,2026-06-20 14:57:53,,,2.2.7
7bb10282-fb12-4552-9b9a-6bc186203a21,Jefry Nurlaha,https://play-lh.googleusercontent.com/a-/ALV-UjVTAKUXhYagXpMph1PcNb7pwRT-82zHsJMbtRTpiWpwztai3rDvOg,Terimakasih,5,0,2.2.7,2026-06-20 13:12:30,,,2.2.7
c8305b38-b224-4395-962e-b47166f9a8b0,Rakhmat Prabowo,https://play-lh.googleusercontent.com/a-/ALV-UjVNVW5f7rWQaIwgaGc7J0KwVvUOP_z16R4Iyyl-Dl9c6ftirlu-8g,Terimakasih untuk semuanya.. sangat memudahkan,5,0,2.2.7,2026-06-20 12:30:45,,,2.2.7
b5525816-6e00-4a08-83cf-292cb63c8270,Rid wan,https://play-lh.googleusercontent.com/a-/ALV-UjWgItz2JPzsGfEgNr2-FV9_hbBujniEyuj4yodIz8Uqy2dbuws,sangat memuaskan,5,0,2.2.7,2026-06-20 12:04:49,,,2.2.7
8a187068-3f1b-4f44-834b-4c28b3d6b5c4,Mardin Odon,https://play-lh.googleusercontent.com/a/ACg8ocISQRK1oa1zWow6GO4Ep0wCHDI_9arh0ukxfjamGiz1RvKBTw=mo,prosesnya cepat ga ribet,5,0,2.2.7,2026-06-20 11:12:02,,,2.2.7
3f73b45f-e3b6-43d9-b16c-0c8b1a5383b7,Niken restu,https://play-lh.googleusercontent.com/a/ACg8ocIpGs2wTd1HZa3X26LcdPyT7T7Q0NuhlXW_qXDBrNf_MsaDYw=mo,bagus,4,0,2.2.7,2026-06-20 11:04:59,,,2.2.7
cb08fc06-3f1f-427b-bf87-7977fa51aa20,wahyu lagi,https://play-lh.googleusercontent.com/a-/ALV-UjUzRWWklqtjTiOaiZQBbEPglo1nwmQT6bJbzZDkjCSktEt6umv5,"kenapa ketika pembuatan password nya tidak bisa melanjutkan dan tidak bisa buat password nya, mohon di bantu, karena saya perlu untuk mengurus skck...",3,1,2.2.7,2026-06-20 08:46:19,,,2.2.7
0046eb3b-6709-46a4-968d-56c45dfb8cbd,Egi Kinanjar99,https://play-lh.googleusercontent.com/a/ACg8ocKfN-esQVMQFELTfmAKmBcpGIw3hat5DGFW_QTOmW_hD6E4Zg=mo,oke,5,0,2.2.7,2026-06-20 08:23:01,,,2.2.7
f21f1313-abbd-4d8f-8506-46508c79bf94,Eva Napitupulu,https://play-lh.googleusercontent.com/a-/ALV-UjVQpJ_54yxBcc48mukHmfBTumgpGgd2xtcxoeyhf-quCq12rF30,Aplikasi sangat lancar di gunakan,5,0,2.2.7,2026-06-20 06:43:02,,,2.2.7
2765962d-49e7-4ba4-ba4f-7efe2ba78a0f,Riski Kurniawan,https://play-lh.googleusercontent.com/a/ACg8ocLzM_Q9cdpdICNM4Mw1S7dkn_rFhnUQPDo0LyphYf4eLjbXaA=mo,orang kita mau daftar bikin skck malah di persulit kata sandi email salah mulu padahal email satu satunya di aplikasi yang lain bisa malah ini tidak bisa mau kalian apa,1,0,2.2.7,2026-06-20 06:38:42,,,2.2.7
60effa35-ea77-4a64-b0ed-d7b0dc0b9a87,Ginanjar Fakhri,https://play-lh.googleusercontent.com/a-/ALV-UjU27bcHYn5ZsyDpk0-GE7eys69OHP9Z6-dmFhik3Nx62Cmin1VI,"good service, memudahkan layanan",5,0,2.2.7,2026-06-20 06:35:23,,,2.2.7
94c13b05-40ff-49b0-938a-2c7c50f3d892,alfin alight motion,https://play-lh.googleusercontent.com/a/ACg8ocKLImJYgDZ-AjZKya5O1K-BCnJzz6Wc0mYjSHxj-s_jpPU7Eg=mo,"aplikasi buruk, udh bayar skck malah expired, di hubungi customer sevice gada jawaban berkali kali, parah pelayanan kepolisian",1,0,2.2.7,2026-06-20 06:19:29,,,2.2.7
dcb3da31-dc25-4f8e-90d4-dc8fdf5aaeb7,KING LEE,https://play-lh.googleusercontent.com/a-/ALV-UjWwVLvYAH3JdfuCg_hjtJF8MUW7SY1_Vde7Lc9dYiWofm9Vu9oyrQ,ok,5,0,2.2.7,2026-06-20 05:41:08,,,2.2.7
ed7fff22-a37b-479b-85c2-1665a4f74a41,Moh. Wahyu Nugroho,https://play-lh.googleusercontent.com/a-/ALV-UjUp4HtGNfJD0607R0gKQpT4x3SYOhd7B2sb7MDvBXZj4wPmEpuG,sangat membantu sekali,5,0,2.2.7,2026-06-20 05:26:02,,,2.2.7
5f5f33c5-ccb1-4035-871a-cef9447a591a,Muthia DewiCahyani,https://play-lh.googleusercontent.com/a/ACg8ocLaG9VNxeljnZCfQfPw2YWFPGQ843PXOiDFqayti3aNnHBb8w=mo,best,5,0,2.2.7,2026-06-20 05:23:05,,,2.2.7
4e64e65d-52c7-4bd5-aaf4-c5e16b17dd08,Ihsan Setiadi,https://play-lh.googleusercontent.com/a-/ALV-UjWf4CAjFcJNU0NB6tC9nbqXtS4AnE4XID_0tgHwO_gxfJ-oXPsZ,mantap pak transparan dan lebih simple,5,0,2.2.7,2026-06-20 05:18:40,,,2.2.7
43102a5c-bdfb-49c6-83e3-f50963df1ec9,sabila ginanwar,https://play-lh.googleusercontent.com/a/ACg8ocIuGcOXq9uWy--qXxRjhxARc7ZwqRBSqFxRN-28wQ81hvSeww=mo,"bagus tp syg nya cmn bisa bayar pke bri, gda opsi lain.",3,0,2.2.7,2026-06-20 05:15:18,,,2.2.7
61984206-b39e-4c6e-9793-290e7000af90,Muhamad Faiz,https://play-lh.googleusercontent.com/a-/ALV-UjVCcABq5IacKInBNdLKWGmIgal7xceLp_ZlDbVdh2yTlTbuUip5,proses cepat,5,0,2.2.7,2026-06-20 04:14:24,,,2.2.7
8f2570d9-d38f-4e79-a783-00afe62b64c9,Riski Prayoga,https://play-lh.googleusercontent.com/a-/ALV-UjWLSsQ6XQFgTWtfgvgREA-KqAr-dCb5sm3TLWd1uD3WqwbozcN_bA,apk nya sangat penting membantu dimana pun kita berada,5,0,2.2.7,2026-06-20 04:14:15,,,2.2.7
ce51c62d-29be-4a31-88be-011eac7e8452,NUViral (Wayon),https://play-lh.googleusercontent.com/a-/ALV-UjU8mFISbUvEdPWqjPquS_uXa5Piek0jVmWldu8_QkTsHnXlYSHdlg,"maaf gajadi,bikin skck bayar lebih mahal dariapada ofline.sori",1,0,2.2.7,2026-06-20 03:51:01,,,2.2.7
e2d73518-29ec-4960-98ac-12c89db1439d,Ari lestari,https://play-lh.googleusercontent.com/a/ACg8ocK37KWvKZEbkm6a4hz2k1C9ijmTd-ysyEP1A9_A_Ms9OtTrMw=mo,pelayanan nya rmah,5,0,2.2.7,2026-06-20 02:52:14,,,2.2.7
ff385703-f465-4a9b-a538-a1e4b081c5f2,Riko Saputra,https://play-lh.googleusercontent.com/a-/ALV-UjXNUGGbX07TIh3a71aQ2T4-G3aQV-3lxmyy-ZhK8T2ZjU6MFPtL,"Diciptakan nya aplikasi ini untuk mempermudah masyarakat kan, tapi kok ini gk ada membantu sama sekali ya saya yang perantauan mau ngurus SKCK susah masak mau mengubah alamat saja gk bisa error aplikasi nya niat saya ada nya aplikasi ini bisa mempermudah saya tau nya sama aja gk ada solusi gk mungkin saya pulang ke kampung halaman hanya untuk ngurus selembar kertas",1,2,2.2.7,2026-06-20 02:42:58,,,2.2.7
f7ffdfcf-a799-4d26-a680-c80bde34ca47,Sifa winanda Audia,https://play-lh.googleusercontent.com/a/ACg8ocLNQDqpRv9I7PWTikpDho9nmTfq4Y-QMzUn53Xy93oyBIMknA=mo,mantap,5,0,2.2.7,2026-06-20 02:05:20,,,2.2.7
5136ef54-bed1-4746-b59c-e714ca629e82,Okta Arliana dewi,https://play-lh.googleusercontent.com/a-/ALV-UjXC4dOP9XUu2g7AianEtxf6Q7Zj95kD2mUh94xvc0JiVN8xlog,tidak bisa scan wajah,1,0,2.2.7,2026-06-20 01:57:45,,,2.2.7
3bbecaa6-962a-405d-b282-fbe4004cd699,Andy's Kaleng-kaleng,https://play-lh.googleusercontent.com/a-/ALV-UjVol6es9FHq1om6b89ms5Hx0hsxnVCBikIcQnCvLIXv7uXgUTs,oke,4,0,2.2.7,2026-06-20 01:44:59,,,2.2.7
cc0df08b-abc5-4a27-94c5-4ee2966c7aa2,Wahyu Slamet,https://play-lh.googleusercontent.com/a-/ALV-UjXH1EIgh7M2kOySQhPY15-7JIy-i_W3WC0iBon1whVhScMvKK8,"terima kasih Polri sudah mengakomodir kemudahan utk mengakses SKCK dan lain lain dengan adanya apk ini. namun masih perlu banyak perbaikan dan pengembangan lagi, masih ada bug ketika mau buat SKCK, Saya stuck di verifikasi keaktifan BPJS ketika hendak lanjut ga bisa. keterangannya gangguan pada layanan external. tolong segera diperbaiki.",3,4,2.2.7,2026-06-20 01:03:21,,,2.2.7
9a481922-2249-4919-bc60-0679d0df1756,Yoel Yahya,https://play-lh.googleusercontent.com/a/ACg8ocJXe9aEeQr9o1db3itjagKjPptwExFMu3O4emXLuKkVY4Zp9Q=mo,ok,1,0,2.2.7,2026-06-20 00:33:40,,,2.2.7
70be3566-8565-4501-9c43-86f9576577ac,Muhammad Ikrom,https://play-lh.googleusercontent.com/a-/ALV-UjWAoy71wrC24sTwHhSKmVTd5gCnFAz6Md7TeBeMb6mrlUnMmr77,"Semenjak sudah di update jadi suka sih sama aplikasi nya , jadi mudah dalam membuat skck DLL. catatan : utk yg mentok pembayaran dalam proses padahal sudah bayar kalian Screenshot aja bukti pembayarannya nanti langsung tunjukin ke tempat pengambilan kalian",5,4,2.2.7,2026-06-19 23:40:41,,,2.2.7
929c17bc-d422-4e22-8448-c1d7df7e5203,Fazar Ramadhan,https://play-lh.googleusercontent.com/a/ACg8ocIS3N1TrUh3eTXgbT0xj6orfJ_w5bh5oZ4dsm560pAUamqFZW4=mo,saya kasih bintang 5 agar tidak tengelam jujur saya sangat kecewa dengan pelayanannya mau online atau offline saya membuat LP sama2 tidak membantu dan tidak ada respon sama sekali sudah lama saya buat LP di aplikasi ini sampai sekarang masih tidak ada respon dan status masih menunggu di konfirmasi dan ketika saya akan membuat LP secara langsung malah di persulit dan d lempar kesana kemari,5,2,2.2.7,2026-06-19 20:40:19,,,2.2.7
cc49f264-d333-4ff3-a1ef-b4cdee799d09,Rizky Novriady,https://play-lh.googleusercontent.com/a-/ALV-UjU0jD_OHcaOLecQYvHNDT9ZH10AOk3XXoXIn9_kDB9FvJEH6XYx,"applikasi gak guna, tetap aja perpanjang sim ke lokasi",1,0,2.2.7,2026-06-19 16:59:26,,,2.2.7
33c4d892-60d6-40d3-8c8c-688d438e6cb4,Maulana Fatahilah,https://play-lh.googleusercontent.com/a/ACg8ocIMWwq99pw2yKTIceB-WxxDGMfXO6VF521ZReeCtBb6vWvMig=mo,sangat buruk,1,0,2.2.7,2026-06-19 14:08:19,,,2.2.7
1fe3a45a-e0fb-4d01-b0af-3555a8bb8c7e,Abdul Rohim,https://play-lh.googleusercontent.com/a/ACg8ocIZUf7fixknsXhzLj6ReRaCsXZrzbgOVYUSzO9M5_OE-apvzA=mo,bagus,5,0,2.2.7,2026-06-19 14:04:57,,,2.2.7
a7eae87e-b803-4fb0-8367-41065311af66,Kerot Zoldyck,https://play-lh.googleusercontent.com/a-/ALV-UjWBQaicTe9tNCcS85W4N1SGijuiziAWTXyBwwIqLDXR8t8Z6dMk,kok gak ada NTB ngab kok yg ada cuman pulau Jawa aj.,1,0,2.2.7,2026-06-19 13:12:00,,,2.2.7
c49cb07f-fbe9-4dc8-9399-41c885276791,Hendrik Kurniawan,https://play-lh.googleusercontent.com/a-/ALV-UjUKPsKiVw0so2kV7On6O5bDfJE00qG9pqEqqAW1lV0ynEI7zuk,good sangat membantu sekali terimakasih,5,0,2.2.7,2026-06-19 12:55:55,,,2.2.7
51e4cb2a-e80c-4f5f-93b7-ee19bca54e32,Ekas Apriana,https://play-lh.googleusercontent.com/a/ACg8ocIeWoiRJB0TuUhayZjXOidh2Af1jAKkUoq9H9l1vRl1PWpRXQ=mo,mantap,5,0,2.2.7,2026-06-19 12:48:58,,,2.2.7
a7db1ed5-7d21-4709-9359-2f681dc8a2b3,Novi zuana Rismawati,https://play-lh.googleusercontent.com/a/ACg8ocLascnruyHI5mtuWgWwwE3Gqw1mgX_vd4xQh67a31j1jS8S-Q=mo,bagus,5,0,2.2.7,2026-06-19 11:05:07,,,2.2.7
29f407e8-16cd-48ba-b909-a6fce3857b8a,Rapli M Hidayat,https://play-lh.googleusercontent.com/a/ACg8ocJSma77cPKwXqUN91vaZOT3I9M4cKdr_MehVdsVdAYuzagp-Q=mo,"Perasaan dulu gampang bikin SKCK knp sekarang malah susah ya udah lakukan pendaftaran dan datang ke polres pagi² katanya error dan di suruh datang lagi nanti, pas saya datang lagi balik kerja tetep masih error saya tunggu sampai berapa jam masih juga error, gak cuma saya doang yang error ada beberapa orang juga yang bareng saya error juga",3,6,2.2.7,2026-06-19 10:28:07,,,2.2.7
af0f76fa-5a34-4d77-8e70-18cfe7eda04f,Agnes Risma Ronsumbre,https://play-lh.googleusercontent.com/a-/ALV-UjVLTvnxJzmix1Rm1St72V_SJ_0AzobDrNaAk5OIHG3eulq-Tk0,"sangat puas Pelayanan Online lewat App ini, sangat membantu dalam proses pembuatan SKCK,dll",5,0,2.2.7,2026-06-19 10:23:19,,,2.2.7
b535d0ce-939f-4fc2-9f9f-2e73c069d8f3,Bertrand Vaudy.h,https://play-lh.googleusercontent.com/a/ACg8ocKi86TX6BCtUVexNiDBrT8oUZqtnBBam7JM1GeDIvADeSIV4g=mo,memuaskan,5,0,2.2.7,2026-06-19 09:24:46,,,2.2.7
4685d5b2-e5b3-4e18-bca0-368c9d3dcc3f,Edoardus Setitit,https://play-lh.googleusercontent.com/a/ACg8ocKYW3Tz2ngUVb3ck7JCIH3O2fcrGvOayz0DA_82ruk-7_dzPg=mo,bagus,1,0,2.2.7,2026-06-19 08:38:33,,,2.2.7
f7dc2044-8b9f-4ad2-bc6a-038fa57f7f04,Dendi Kurniawan,https://play-lh.googleusercontent.com/a-/ALV-UjX9CB-nN_THRyRgNzWWbvxic8IXik34OM-_yp0t8miJoja2-NM,"worth it bgt, sekarang serba sat set. tinggal upload dokumen aja ga perlu print2 lagi, setelah selesai tinggal ambil aja ga perlu nunggu lagi saran saya bagi temen2 yang punya kendala di verifikasi, ikuti saja data yang ada di KTP kalian, asal bener ngisinya aman2 saja",5,0,2.2.7,2026-06-19 08:18:08,,,2.2.7
f049508a-d70d-459d-92ed-2620230ddb7f,Alya Nur Kalisiya,https://play-lh.googleusercontent.com/a-/ALV-UjUhjV9xUBz3vcU-AHVdzhWJGqq8WR1ersjFu0wh_L6Aa18HPwzJ,"apk nya ap banget si, padahal uda bayar buat bikin skck tapi tulisannya masi harus menunggu pembayaran, sampe batas waktunya kadaluwarsa, kirain uangnya bakal balik lagi ternyata ga🥺",2,2,2.2.7,2026-06-19 08:06:06,,,2.2.7
f5f5278e-be99-4e1b-a273-aa7113aa251c,Budi Prasetiyo7,https://play-lh.googleusercontent.com/a-/ALV-UjWWVBltBS3nr1TTl-qWOYD58qzPbFXisaaMu93cbkG4u1CHAzs,mantabbbbbbbb dan sangat membantu,5,0,2.2.7,2026-06-19 07:48:24,,,2.2.7
f9c58e98-f135-4b16-9c24-9e3c6aa5676d,Imah Oppo,https://play-lh.googleusercontent.com/a/ACg8ocIOLtnN-9L1rKKWz-eN-mGRDPUXh3cOl3oJobQh8XhUrMoOSw=mo,lokasi polsek kurang,4,0,2.2.7,2026-06-19 07:16:09,,,2.2.7
1461af7d-7f67-40ba-9cdb-7f0f0919a58e,25 - Kd Ari Suryatama,https://play-lh.googleusercontent.com/a-/ALV-UjVq0_YNXiY9LB4i5t6I8Y_ardEaifcyMOag37Hk0ugBQlC1SfLm,"aplikasi eror mulu, datang ke polres malah disuru pulang disuru buat SKCK via online dulu, gimana mau buat orang aplikasi nya aja eror eror an,",1,0,2.2.7,2026-06-19 06:39:58,,,2.2.7
986afc41-9233-406c-a2c8-04fa590e88ca,Riski Ramadhani,https://play-lh.googleusercontent.com/a/ACg8ocKJSguL193uBt8AJxNqaApZ1ndhjVNlWKy_yc_CRV807kWrUw=mo,"jaringan gangguan mulu, pas mau bayar SKCK malah ga finis, aplikasi macam apaaaaaa lah nih, ga guna, ribettttttttttt banget, foto profil ga bisa ganti, ga bisa hapus akun juga, ribettttttttttt banget lah pokok nyaa, ga guna, aduhhhhhhhhh SAMBO.........",1,5,2.2.7,2026-06-19 06:32:00,,,2.2.7
f50ed208-bf0f-4b7b-9b30-07d2c5a87807,Wahyu ramdani,https://play-lh.googleusercontent.com/a-/ALV-UjU1QAHAzHjhp0NLHLHuPz9Nu4x68bVmvyR0cqyl727gFKbDREah,mantap,5,0,2.2.7,2026-06-19 06:11:54,,,2.2.7
8bff5d9f-6484-48ad-9e50-3631afb8c87a,Apong Biding,https://play-lh.googleusercontent.com/a/ACg8ocLKEDWbOXXx4H7Ub9sKZzuLNr-pr7_sH1DypyYWpbrwY-6e0Q=mo,Mantap,5,0,2.2.7,2026-06-19 06:02:13,,,2.2.7
0d561af0-ef9f-4250-aa4a-f1c110d8bafc,pasukan pemberani,https://play-lh.googleusercontent.com/a-/ALV-UjWuLRHW2R9lp7htk1cDqbDlB0i-GazXw3XwiFW1LIWQL8T7YZE,"sudah bagus, tapi terkadang bug dan loading trs, lambat",4,0,2.2.7,2026-06-19 05:53:04,,,2.2.7
2c1cacb8-eb19-4d11-8321-3d4984cc3450,Ayu Mayang Lestari,https://play-lh.googleusercontent.com/a-/ALV-UjVXZ8ojPyxngB6gVTMW6pLCfH1eR4Vm8t2ZL2P2-qe-EGyh7lmf,"kalo bisa bintang 0 si inimah, ribet banget, susah buat verifikasi, bukannya jadi gampang malah nyusahin",1,0,2.2.7,2026-06-19 05:44:50,,,2.2.7
fc73f4be-a21b-4d70-9a95-5987ad67e691,Muhammad Syaif,https://play-lh.googleusercontent.com/a-/ALV-UjX3Scws7Phq9tsztw8FpUukWC3uwByXU6qAtWL5wH_hW3l6n1u8,gak jelas saya sudah bayar dan sudah menunggu lama tpi status menunggu pembayaran. bukannya mempermudah tapi mempersulit gak niat melayani masyarakat. 30 rb sekit tpi di kalikan jutaan orang sudah berapa. masa kalah dengan aplikasi judol,1,2,2.2.7,2026-06-19 05:44:14,,,2.2.7
687afe73-f884-4958-aa9f-ed89887ec21f,hajerah bintan,https://play-lh.googleusercontent.com/a/ACg8ocJ5z1G9zh5E2o52K8enJ2Lh1VHm3-IdXs5PfOWSygDIwjSPJg=mo,"kalau niatbuat aplikasi, jangan mempersulit orang untuk pengurusan, makin hari makin tidak jelas ini aplikasi, giliran mendadak begini aplikasi tidak jelas gangguan kayak begini. Kalian semua ini hanya mempersulit rakyat Indonesia saja dengan adanya yang beginian apk Tidka jelas",5,0,2.2.7,2026-06-19 05:43:06,,,2.2.7
21b187f6-a940-4b03-8704-ec3d6a75f833,Robertus Efruan,https://play-lh.googleusercontent.com/a-/ALV-UjWxeGu8r2Efim1aIXiTMx3_E1YjdzHBebVTHaMJseqbrIjXJ6DU,TERBAIK MEMANG🙏💪,5,0,2.2.7,2026-06-19 05:34:22,,,2.2.7
10c5285e-7c2b-4621-86aa-edf98ac9c2d8,Teh iim,https://play-lh.googleusercontent.com/a-/ALV-UjVDASV0bKyaA4E0kex4k3PcgM_09x9oJMVu5KHshgwUYYoKnJcA,lemot parah,1,0,2.2.7,2026-06-19 05:28:56,,,2.2.7
aa91f513-06c4-465e-9ec3-857af481be26,Lasamana Labani,https://play-lh.googleusercontent.com/a-/ALV-UjXXTb9G3PxadhjgpmbtnGqMuYu53ECraUrHIiQ-CuvrDUSLSxIA,"apk nya gk beress anjirr bug muluu isinyaa herann guaa masa iya internet gua kenceng pas tulisannya tetep ""tdk ada internet"" busett seberat apa ini apk?",2,0,2.2.7,2026-06-19 05:23:49,,,2.2.7
7a76a694-6717-4abf-b988-8b25a7993429,W NL,https://play-lh.googleusercontent.com/a/ACg8ocKP8JRVfVtyAAkRCY-XQKn1UMSEFL1eCGTiPbibjgiQKygnZA=mo,"padahal mau ngambil skck, tapi apk nya susah dibuka, macet gimana sih? tolonglah",3,0,2.2.7,2026-06-19 05:09:09,,,2.2.7
92c74cbf-5728-4387-ba72-4f9ad126cc82,Doni irawan,https://play-lh.googleusercontent.com/a-/ALV-UjW1JYWba6ru5TKc-ZJ8SZYWV13gjeKuGWhGxPkLzsKQwIMx0w8P,tolong dong di perbaiki secepatnya saya udh jauh jauh ke semarang pas udah sampe malah apknya gangguan,1,0,2.2.7,2026-06-19 04:53:08,,,2.2.7
73bbd041-8476-4bb1-bfac-6037c86ac3d5,Ketolollan yang tidak ada duanya,https://play-lh.googleusercontent.com/a-/ALV-UjW25JFx7yUHvuw4kxJt3mn8u71FxDAPtzNTDFFhdGbCI9tRBJP8,"Gua kasih rating tinggi biar paling atas. aplikasi banyak bug , bukan karena hp gak mendukung tapi emng bug nya banyak banget. pelayanan nya 0",5,0,2.2.7,2026-06-19 04:52:23,,,2.2.7
9736a791-7fed-4e04-845a-ec077887e410,wilson lebuan,https://play-lh.googleusercontent.com/a-/ALV-UjUCe0y1pSfeONXRTD_n8j0wnz1e8pbEfJtn_kQJ87bYtgHhA4GD,bagus,5,0,2.2.7,2026-06-19 04:44:54,,,2.2.7
c8474d44-e0c6-409f-a2d1-544560ef2b5b,Ari Supindri,https://play-lh.googleusercontent.com/a/ACg8ocKPd-b_zUbx6iYbCUQlXXlKjeYdZy3JZOhDg8O9h8q06isplA=mo,aplikasi ga berguna...bukannya mempermudah malah mempersulit...terlalu ribet,1,0,2.2.7,2026-06-19 04:39:05,,,2.2.7
79113d8f-27a8-424c-8b13-2f8569ba623f,ahmad Risman,https://play-lh.googleusercontent.com/a/ACg8ocK56D_uw2B8ASnzE90rsQPpJv1XEhPNqhgtbjA6wYpiSkA39g=mo,"sering error, gk bisa di buka",4,0,2.2.7,2026-06-19 04:38:45,,,2.2.7
9bd458ec-1965-4748-a4fe-988f7e9a15e4,firman ardiansyah,https://play-lh.googleusercontent.com/a-/ALV-UjWCwiOhFZPdNi_Zg1EZ_J7aBOl6YzLvA799AH0fC8jBXe_nzX9D,"baru mau daftar aja nomer country gak muncul di pencarian, aplikasi lemot banget , sudah pakai data + wifi masih loading terus aplikasi apa ini kok payah banget",1,2,2.2.7,2026-06-19 04:35:04,,,2.2.7
52ee17e4-17c8-4e23-9778-f66415ab1568,Fitrah Aje94,https://play-lh.googleusercontent.com/a/ACg8ocIMGLRcjOGU2o3gahGv9BGPTpJRJacLquOSo-96OG9cEf0RBA=mo,"aplikasi kaga jelas, yg seharusnya mempermudah malah jadi makin ribet, kadang bisa di buka kadang kaga, padahal masih jam pelayanan tapi aplikasi sudah GK bisa dibuka.",1,2,2.2.7,2026-06-19 04:31:05,,,2.2.7
192a540e-dd54-4681-b6c9-ec5b16ef9c46,Hammam Abieyu,https://play-lh.googleusercontent.com/a/ACg8ocLVIhYGKq3DAzGP0SGMLb4AWnPEsAZLt6ghIRttqoc8LCXvSw=mo,"apa ini login aja susah, suka eror sendiri",1,0,2.2.7,2026-06-19 04:31:03,,,2.2.7
8a387786-f1f9-4e5b-a477-5b672af4f5c1,Najma Alya,https://play-lh.googleusercontent.com/a/ACg8ocJr8sdS8dAXg6LA55nOZDrcxzMeYoIA_Pqm8_KwZLg_G3DEHA=mo,apk sampah gabisa masuk banyak bug ga jelas sampah,1,0,2.2.7,2026-06-19 04:23:09,,,2.2.7
8b984273-1a32-447a-9207-49656f3dfaf3,Angga Srt,https://play-lh.googleusercontent.com/a/ACg8ocInOHkzFM9tGhn4k2M63kARegjE72N9q4w9qvvDkZQeGFyUsA=mo,saat login aplikasi jaringan menjadi lemot padahal aplikasi lain aman aman saja,1,0,2.2.7,2026-06-19 04:17:13,,,2.2.7
d2662bef-2007-4164-bc18-a9bfa93b3198,Fatia Adelia,https://play-lh.googleusercontent.com/a/ACg8ocJIX2VgZUSQFg8h9j1AkJSSTfr6viWzXKVFaqUgh9ZGMaGsWw=mo,tidak bisa daftar ..bukan mempermudah ini mah mempersulit,1,0,2.2.7,2026-06-19 04:13:59,,,2.2.7
51889d24-0b82-42aa-a39e-d80ece07fe6d,Rangga,https://play-lh.googleusercontent.com/a/ACg8ocJFgp4hYVAV8FK_iv8NH6r3fPxD6YIw5HNrGS-g0C52HBrP5w=mo,aplikasi tolol login aja dipersulit,1,0,2.2.7,2026-06-19 04:13:00,,,2.2.7
029ef6e2-98ee-4d14-9b4b-4a1c9f574767,Mukhlis Sinalahudin,https://play-lh.googleusercontent.com/a-/ALV-UjV8WbyugcQct0u8YY3EfWtqUjdlFU6bh8HCrKMomeVGjaCMQdyT,"sebenarnya ini aplikasi bisa di pake ga sih, mau login aja susah bgt, sekelas aplikasi pemerintah masa iya server bisa down",2,0,2.2.7,2026-06-19 04:08:13,,,2.2.7
272da647-c17c-4e1b-855d-b8ee2acb8990,Rifaldo dermawansyah,https://play-lh.googleusercontent.com/a/ACg8ocLiSpDkb3GE6bmBnz3MC4vdmdUizVYcY_fSo-hFUhzSgZygng=mo,terus loading aja nih stak di pengecekan data gak masuk2,1,0,2.2.7,2026-06-19 04:07:52,,,2.2.7
82b2c3ab-bd08-4a95-bd11-5a6e3b28e85d,Rizki Yazid,https://play-lh.googleusercontent.com/a-/ALV-UjU2cABknOtqGYhWo05_Qjqx6irHgPgVE2kkC4vFUaBx5HobW_ed,Sering eror pas mau cetak,1,0,2.2.7,2026-06-19 04:01:02,,,2.2.7
ef6461b6-4406-4116-a5d7-193f8ecac1b7,muhammad rezal,https://play-lh.googleusercontent.com/a-/ALV-UjX_eseumQP_83j3s1w5_j0exl1YEuCV6SyZda0zUrQqsamM9vQK,"gangguan yang konstan, dan tidak bisa di tebak, apa masalah nya karena aplikasi error ketika internet dan aplikasi lain berjalan sebagaimana semestinya",3,1,2.2.7,2026-06-19 03:57:51,,,2.2.7
f800d7b1-beb4-40da-a1f9-21db2fa2e951,Ahmad Agustian,https://play-lh.googleusercontent.com/a-/ALV-UjWLZ86G8n2P7dzHfEAkiv9EDzCf2FzwdWE9_wHVuNJzG6PNaOs,sangat memuaskan,5,0,2.2.7,2026-06-19 03:41:55,,,2.2.7
1619fb74-76c8-4e54-b44d-2ab3a6d8db77,Aulia Dewi,https://play-lh.googleusercontent.com/a-/ALV-UjXEa2gLAXa1lodAtCyFlBfzs1p_-JtBGCfBufZCXaSlf83M4Vw,proses administrasi lebih mudah,4,0,2.2.7,2026-06-19 03:35:18,,,2.2.7
833e14ab-ba06-4933-871f-c0fef74e616d,Rama Marselo,https://play-lh.googleusercontent.com/a/ACg8ocJdp0LeTPe3E5e5Mk7t4X_SOQ6E_OAgqaQRsOMk3yWDPPRnxg=mo,"baik,bagus ,di pandu untuk daftar online nya.terimakasih banyak bapak",5,0,2.2.7,2026-06-19 03:13:06,,,2.2.7
c247e6c0-5502-486a-a49f-eb561ad8ecd3,Frisda Basaria gultom,https://play-lh.googleusercontent.com/a/ACg8ocKg0Zmnqy864gw7yqQR7Jpt69s8shrF4H9wb2SUPIFmy9oSNA=mo,sangat bagus dan membantu mempermudah generasi dlm pengurusan apapun,5,0,2.2.7,2026-06-19 03:13:00,,,2.2.7
c588713d-0138-4383-86d3-c32d9ed4f63b,msaputra putra,https://play-lh.googleusercontent.com/a/ACg8ocJnlVVJMAqlIHHtLTH2ZvDRAwKSNa1ae6Sf8kFzN9j-UQx9LA=mo,sangat baik,5,0,2.2.7,2026-06-19 03:01:41,,,2.2.7
5a8396d7-f73f-4d92-8c08-2481423827d4,Rosita,https://play-lh.googleusercontent.com/a-/ALV-UjX7qjbeDF9Rdwd1uQWbTHGNNtxpwatGdvtCNvc2EEOCuknuX14,bagusss,5,0,2.2.7,2026-06-19 02:35:40,,,2.2.7
3c2b48d2-371d-4258-8e41-0c9286341b2e,gatot kurniawan,https://play-lh.googleusercontent.com/a-/ALV-UjXeJmuGsFuQVcqqCUfz084h2wfLVFGZONFjq7l9aqK1wWmo1n2Z,good job,5,0,2.2.7,2026-06-19 02:28:23,,,2.2.7
57c78d62-f7ba-4964-9c4d-db5fa204044d,Alfian Alfian,https://play-lh.googleusercontent.com/a/ACg8ocKiej9cgipuPwyhe2lSRpGUCJ0J2t2JF7pqtB8sce51ItAkDB4=mo,simpel dan cepat,5,0,2.2.7,2026-06-19 02:14:26,,,2.2.7
05cfc51b-ba68-4cb2-b740-36ba7044f680,Lalu Ismail,https://play-lh.googleusercontent.com/a-/ALV-UjXFZnO9kWvibPlSOD9F-popHk-7P9Dg8ouOZuFmFe4k_BTro0k,"pembuatan SKCK lwat aplikasi mudah, pas ambil ke polres pelayanan cepat tinggl ambil, kalu ndak rame 2 mnit jadi, trimakasih POLRESTA MATARAM",5,0,2.2.7,2026-06-19 02:03:05,,,2.2.7
a5832d7a-355b-40ea-b883-af58f44c7e9b,Rendra Septian,https://play-lh.googleusercontent.com/a-/ALV-UjUE4rxG7H7_9Myy1K-WReOIImmwiygYdpLYiEmRngdMUlSkaN_8,"Tolong dong untuk pembuatan SKCK adakan juga buat yang offline di POLSEK, karena buat penduduk lokal ini cukup ribet sekali, sudah ngelampirin berkas harus juga bawa berkas buat ke loket, kebijakan ini cukup bagus buat yang diluar domisili. Tapi buat yang penduduk lokal ribet sekali, untuk bawa nya juga harus ke POLRES gabisa ke POLSEK.",2,1,2.2.7,2026-06-19 01:44:13,,,2.2.7
3df27294-371d-4983-9247-ccebcee8aefa,Ade Kusnandar,https://play-lh.googleusercontent.com/a/ACg8ocK15N-mq4ZGfP8YBZSrrhU2wMpK3T6kDqx9irTTatZlb2Qtnw=mo,"harus pake brimo sedang kan brimo nya udah gk bisa di buka harus biyaya lagi ,,, belum BPJS harus aktip ngaktifin BPJS nya pake uang lagi",3,0,2.2.7,2026-06-19 01:16:35,,,2.2.7
25cb0bdb-51c8-4b09-b6e4-d424ea058254,dani pangaribuan,https://play-lh.googleusercontent.com/a/ACg8ocKHYaR56ajodmJjWbWEFNTG6PIKa_5JtVqy0s2F6FZ86FOzBw=mo,bagus,5,0,2.2.7,2026-06-19 01:03:42,,,2.2.7
49ae90f6-4a85-4d03-933a-77a5452053b4,andik purnomo,https://play-lh.googleusercontent.com/a-/ALV-UjUXi9lRqGOxXjAiZ3U0ljRcQ3EGtWsXxqdFBSAy3vYlOg2UYTCy,saya berhenti dipendataan pendaftaran. disuruh nunggu hampir 30menit. pakek wifi udha pakek data udha.,2,0,2.2.7,2026-06-19 00:58:07,,,2.2.7
1d1e7286-874b-42d2-a424-6598576dc6b7,Fery Riky,https://play-lh.googleusercontent.com/a-/ALV-UjUPZBOo2NKTpAtjXXmjqF8PM7VrvQpmKWODZ2XUJqrrt4CaOq_R,"goks,mau login aj lama pdhl sinyal bagus",1,0,2.2.7,2026-06-19 00:51:56,,,2.2.7
49c386ef-9dfd-4681-ab91-e4a57e2aedcf,Hakim Rizki Pratama,https://play-lh.googleusercontent.com/a/ACg8ocJA9G_XWQC4Hbn3EFY4797ONA6UDizKdU55gAjPi-CMhff3hZ4=mo,"Fitur dan kualitas layanan apps sangat baik, sangat apresiasi",5,0,2.2.7,2026-06-19 00:48:06,,,2.2.7
0f9ce473-4b31-4d89-9928-fbaf85bc4120,Lisa Aulia,https://play-lh.googleusercontent.com/a/ACg8ocKTO-ubZPz45fy6k3_gHDb0ZWYVGibG4RZtt-kq1uYJD4MS6A=mo,good,5,0,2.2.7,2026-06-19 00:39:57,,,2.2.7
f16fc77c-4d98-4834-a572-f24fe24609f4,M R (Nya),https://play-lh.googleusercontent.com/a-/ALV-UjUV_o8UFglHLrF7qJyqH5lESVuET7pHi-dmL27bzmpZOxBstrInoA,sangat membantu dan memudahkan ketika membuat SKCK,5,0,2.2.7,2026-06-19 00:14:18,,,2.2.7
fcd51234-7400-4520-ae88-8d59c7bb3526,Putri Folat,https://play-lh.googleusercontent.com/a/ACg8ocJ4xR7-rH8VQjbw9seiFbcOXmEtK64Wzx8wBFa2ksi2XN2sTw=mo,terbaik,5,0,2.2.7,2026-06-19 00:10:35,,,2.2.7
ff793eed-d221-400b-bcf3-0c9f21031c7c,GRIYA RATU KINASIH,https://play-lh.googleusercontent.com/a/ACg8ocLer-CouCkpQpIKUdJhbkP6cncnYHyWgO7IN-Hy3D72EPMEdQ=mo,"sangat membantu ,mempermudah dan cepat.tidak perlu ngantri lagi saat mau buat SKCK",5,0,2.2.7,2026-06-18 23:23:59,,,2.2.7
b8be30dd-2b1e-4018-a676-059de592fa78,Gie_ Travel,https://play-lh.googleusercontent.com/a-/ALV-UjVOEorNX3jeeGwpb3qwHi58bPRAmcJIQ57nMehGZXGKEfE61CQv,Aplikasi yang membantu dan berguna,5,0,2.2.7,2026-06-18 21:10:43,,,2.2.7
82373601-deaf-4be9-b0c6-856c95ee0f94,Yandi Steel,https://play-lh.googleusercontent.com/a-/ALV-UjU1TwJxypqXB1EvKWcybNIyNppqf_TjWIUMwCsoOafFNBIlXrsq,kebanyakan gangguanya saya mau perpanjang aja gabisa melulu udh beberapa kali aneh ayolah perbaikin saya butuh buat bikin SKCK online,2,0,2.2.7,2026-06-18 20:39:46,,,2.2.7
b304c739-0c20-48be-a11d-3111f22eea40,Deden Fendi,https://play-lh.googleusercontent.com/a-/ALV-UjVF_WA97LTLeM6zB-cGzTZb0m9yslxmwNsSo9eZwYQ63lbfcq4,sangat mudah sekali,5,0,2.2.7,2026-06-18 15:29:59,,,2.2.7
5fefc724-0a5d-48c3-8d6d-3af2c3966ced,Farel andika putra,https://play-lh.googleusercontent.com/a/ACg8ocJtzrbZk_D_D0v0_adHjRJoSyw8DnG97Cyg2ps2osTMDynw-cI=mo,"woy ini ngapa gangguan mulu si, ga bisa masuk lag mulu padahal sinyal aman di 1mb/s",1,0,2.2.7,2026-06-18 15:25:07,,,2.2.7
550f6e03-78ce-4e26-b974-afbab3b8bc67,Cicih febrianty,https://play-lh.googleusercontent.com/a/ACg8ocLoKEeEgfp55AJc9CX_i1k7-UnLKCsTC6bWgvoyoqZ5ASKrdg=mo,sangat membantu,5,0,2.2.7,2026-06-18 15:24:47,,,2.2.7
16c4e193-652d-4190-b7d7-2f4293d2f3f4,Widya Ajach,https://play-lh.googleusercontent.com/a/ACg8ocIxCWtB-X7LdMGkKPrqEUihg9V8CdvkErHMPHmyLnzW-_M-4w=mo,bagus,5,0,2.2.7,2026-06-18 14:24:00,,,2.2.7
a926271a-7f48-4145-8c2e-f1b8b34a5518,Gerhana Dake,https://play-lh.googleusercontent.com/a/ACg8ocJ58USi-iLJrle9LWxTPQ2ookmXPkAMPwG9qPe9Ss0aTw8cqA=mo,memuaskan cepat pelayanan,5,0,2.2.7,2026-06-18 13:27:29,,,2.2.7
c772b580-3d46-4b89-8cd3-dcf31b90a79f,Nela Tompunu,https://play-lh.googleusercontent.com/a-/ALV-UjXrRcmP4bGwbymYEsMNbwT8NCvpKBYz6sI6JT3OCMf0HknmF0y6gg,Apk nya bguss tpi kenapa foto verifikasi jdi foto profil sih. Mau dignti sudah tidak bisa. Perbaiki lg min biar lebih lgii,3,0,2.2.7,2026-06-18 13:07:30,,,2.2.7
c25d491c-45ba-4c86-8fb5-d4c192805dcd,Ferige Uaga,https://play-lh.googleusercontent.com/a/ACg8ocKD7IB74zjvYLAlmt4EcJ_NoQZh0nf_6VnuNkiyU2E6Ng0Luw=mo,mantap mempermudah proses pengurusan,4,0,2.2.7,2026-06-18 13:04:20,,,2.2.7
4795b024-d0c3-4df5-bdc1-4cb501696856,Manwar Giawa,https://play-lh.googleusercontent.com/a/ACg8ocIJk_rZ96zRnQRh3SxUJMlDYA65BPMHZt-EoXgkx-p2-LU08A=mo,saya kasih Bintang lima karna aplikasi ini sangat membantu,5,0,2.2.7,2026-06-18 12:58:57,,,2.2.7
e8934030-e292-4425-a98a-be1e7cc116ee,Ricky Tabuni,https://play-lh.googleusercontent.com/a-/ALV-UjVv8GYBABJwS_1xgDyqUCU7jnMFS1iwCoOrODQ7aKj2v4g9WSs,sangat 👌👍,5,0,2.2.7,2026-06-18 11:16:40,,,2.2.7
ed463967-83b1-41a9-bee8-3c2d39882fdc,Ody Arane,https://play-lh.googleusercontent.com/a-/ALV-UjWwBZALHHzXp8Nh516Kw4uS_8gN_6caEr_r_FZfncBfGWkaIMlG,mantap sangat mudah penggunaan'a,5,0,2.2.7,2026-06-18 11:09:03,,,2.2.7
f118e685-bbd8-4a1e-bbf8-ae95eca16977,Baharuddin Yusuf R,https://play-lh.googleusercontent.com/a-/ALV-UjVl4ZP1VSijbTcGH7qW1rOY_3UtEHmgT2u2B-7wXCpkHcSVqmAx,"udah bayar mahal perpanjang SIM, malah ditolak, refund gak sesuai uang yg di keluarkan",1,0,2.2.7,2026-06-18 10:05:46,,,2.2.7
360f114c-fecb-4c08-bc23-a0f911fe27a3,Muhamad Ibrahim,https://play-lh.googleusercontent.com/a/ACg8ocJdpqmSdfZJqk5MwObjwSrEghTJuLc57Sc88CFkHfytqEgKMQ=mo,mantap dan mudah,5,0,2.2.7,2026-06-18 09:53:10,,,2.2.7
0195c94a-03ca-44e6-a31c-476a26e61da8,Suwali Alpit,https://play-lh.googleusercontent.com/a/ACg8ocIyzluvGyyqwx3H23fXEGdgNg9GZPjrFP8N8uKOgKuHRnl-ww=mo,top pisan euy.tolong tingkatkan lagi sistem nya biar ga sering error,5,0,2.2.7,2026-06-18 09:23:25,,,2.2.7
8be98e6f-e0bc-489c-9d8e-40c25b836879,Nasrul Jamil,https://play-lh.googleusercontent.com/a/ACg8ocIXczKKbENAJzOFYYbpRfQBHiNb39SreUqe8rcCaq6syko0Fg=mo,tolong lahh aplikasi nya di perbaiki lagi ini sangat susah untuk pembuatan skck nya,2,0,2.2.7,2026-06-18 08:33:06,,,2.2.7
a51b187e-46d3-4596-9f6d-219072a4c536,Tolep Coy,https://play-lh.googleusercontent.com/a-/ALV-UjU7ZbMYT1J3p0n5T8cgwZ4nfc2T6cYqZsd2CYPJk15CLmTKVO3y,"Maaf, developernya baru belajar ngedev app kah? Instansi pemerintah tapi astaga.. 😱 bug dimana-mana, banyakan errornya. Mending sewa developer swasta saja. Coba perhatikan, load tiap page dari server, padahal bisa pake cache 😱, bahkan load header image pun load dari server ya ampun 😵. Fitur pada page dumas asli gak jelas banget. Jika takut data dimanipulasi dan tidak sesuai data server kan bisa dikondisikan logicnya kapan benar-benar butuh load dari server. kasihan user dgn koneksi lemot 🥱",2,3,2.2.7,2026-06-18 08:06:05,,,2.2.7
ea1f7cf3-aadf-4aa8-becd-a77854b7c917,Achmad Maulana,https://play-lh.googleusercontent.com/a-/ALV-UjVx1uBnusBAGFGWainV64AvXYAUAtP-A5xRf_5zcPDx2W0XrKaF,kenapa eror terus pdhl sya mau bikin skck,4,0,2.2.7,2026-06-18 07:37:53,,,2.2.7
7b9c6c61-fa49-4981-95e3-3aaddb7e0adf,Parhan Nugraha,https://play-lh.googleusercontent.com/a-/ALV-UjXcra4pA8lVxlhR8ArnSxRXLAP74XDuyQkFltIr1H3MA32JOwGU,ini kenapa apinya error sistem tidak dapat memproses permintaan karena gangguan pada layanan external,5,0,2.2.7,2026-06-18 07:22:43,,,2.2.7
f99de66f-02b3-4f62-9cbb-b530f127cda5,Ari Wibowo,https://play-lh.googleusercontent.com/a-/ALV-UjW9HaMwgJ-ZYwV-3pUFwxWdLvRtHSl9aiwgUNx64dk0_8PTlGQk,"APLIKASI RIBET ! BUAT DAFTAR SKCK AJA SUSAHNYA MINTA AMPUN ! GANGGUAN, GANGGUAN, GANGGUAN. APLIKASI NGGA GUNA",1,0,2.2.7,2026-06-18 07:00:21,,,2.2.7
202c4fd6-8a85-4a54-ae0d-b6eb86a318b5,Marsono Lekmar,https://play-lh.googleusercontent.com/a-/ALV-UjW0GpJkHTc5My_Wi63Kp0FSIEwq0SpCxxvGYzf56SklxIKmROgE,aplikasi burik tidak bisa diakses,1,0,2.2.7,2026-06-18 06:50:44,,,2.2.7
6348f0e3-c284-4da4-bec6-02b20498957b,Danang Muhaban,https://play-lh.googleusercontent.com/a-/ALV-UjXN2eD8xAKAeFB58CaF2ID2C3s1Q7i2ODbK-JkDxngwrdex7wI,aplikasi bermasalah,1,0,2.2.7,2026-06-18 06:38:21,,,2.2.7
9a727d99-e097-4486-9282-405c227f25f4,Dewi Anggraeni,https://play-lh.googleusercontent.com/a/ACg8ocKocKnykaZJ767H6bOm9TR3SkZEH_1x7jov5xGkCLbZ34VPLA=mo,"sangat membantu, tidak ribet mengisi filenya",5,0,2.2.7,2026-06-18 05:57:29,,,2.2.7
535b6dab-0c5f-45ed-a69d-34d4161c9660,Abdul Ghofur,https://play-lh.googleusercontent.com/a-/ALV-UjURycortipp94kHJtjgN6CUjVwWxPgxdx2zRK5AumJCD0mPx787,aplikasi membuat susah masyarakat,5,0,2.2.7,2026-06-18 05:48:02,,,2.2.7
36473e66-7cde-4dfa-90eb-cab187884a1a,Ari,https://play-lh.googleusercontent.com/a-/ALV-UjXKMc4-zNPq_T5GP6wGozLK-Evmi5tgOZuEuVGvxlpYtT5XHw4,sangat mudah dan cepat,5,0,2.2.7,2026-06-18 04:26:31,,,2.2.7
a88f102a-ecfa-409a-a54c-05256ea004f8,Dan A,https://play-lh.googleusercontent.com/a/ACg8ocLuP_mCyXJvOGTKGjeSWWHYGyGBsS0Q_2qBCdf0xdbBKxbNIw=mo,sangat baik,3,1,2.2.7,2026-06-18 04:25:50,,,2.2.7
3a0a5f29-a138-4245-b2ca-32b45a790e30,Teguhsaddasimakrabay teguh sianaknangjati,https://play-lh.googleusercontent.com/a-/ALV-UjW1FJ8N6bg4iVI8dobQO0JS75sZ9YbGyBd7t6yz9kmrSQZV-870,sangat baik,5,0,2.2.7,2026-06-18 03:45:58,,,2.2.7
c8e58637-2bdb-4d0f-b9cf-0863424f09c1,Puput Kristiawan,https://play-lh.googleusercontent.com/a-/ALV-UjUDpEmSgDFbqPHxAcnJMxCwHUd09FDvUeKkelxC68GPal5Q0K7R,👌bnget,5,0,2.2.7,2026-06-18 03:33:49,,,2.2.7
ce19a4b2-035c-48bd-a04a-f5b587d24a7b,Agus Aux,https://play-lh.googleusercontent.com/a/ACg8ocIVqzT3CNpT_RkL5YEgaytg34CJB9CdGkcVDZBKNafk290agg=mo,bagus,5,0,2.2.7,2026-06-18 03:30:51,,,2.2.7
d15d04c3-267a-4f2b-bd6b-41d2f3797713,Bagas Dhanda,https://play-lh.googleusercontent.com/a/ACg8ocJBTHKnwMx9mNpQTHBxZLRT1LJFpZyB9NpRPOjNGU-AWPumkA=mo,"bintang 5 bukan berarti bagus ,aslinya ini bintang 1 . pengalaman pakai apk ini daftar aja gk bisa padahal device jaringan bagus emng apknya sampah ,sampahnya tu samph banget 1 lagi apk ini kayak AI slop banget huek",5,1,2.2.7,2026-06-18 03:12:39,,,2.2.7
c8032a67-e4ca-4940-8586-e317be39534d,Okta Nursilah,https://play-lh.googleusercontent.com/a/ACg8ocKzBAndPWXfTZBdHjc4cBb8OjzbHKsVBMjQuFG0jbk7qTCSuA=mo,"cepat, ramah dan baguss",5,0,2.2.7,2026-06-18 03:02:12,,,2.2.7
5247fe82-67a2-46f0-9371-f543dfe94feb,Bambang Pamungkas,https://play-lh.googleusercontent.com/a-/ALV-UjWYNH7LWBFbz0pe_TCTcPM2jgczlQYziBa1ddTNU2hczQKxR_o,sangat baik melayani masyarakat,5,0,2.2.7,2026-06-18 02:21:08,,,2.2.7
154f3379-27f2-4a16-9dea-9b8204ccc83e,Thomas Pangestu Saripratama,https://play-lh.googleusercontent.com/a/ACg8ocKvVYmcbFiWUwY4T8H7y_rN_iCrU5DMc9Bp40MNVob9lEl_7g=mo,mantap Polri Indonesia maju terus.,5,0,2.2.7,2026-06-18 02:18:08,,,2.2.7
83dec002-035b-46ee-a870-124cd175e265,Dandy Prasetya,https://play-lh.googleusercontent.com/a/ACg8ocLeIzyfBDACxveGBAPwaom37yOI_rqZFw4hjtdaex_ucTUnPw=mo,Memudahkan Semua Masyarakat.. Mantapp 👍👍👍,5,0,2.2.7,2026-06-18 02:12:48,,,2.2.7
b9d5aea8-3079-4026-99a4-85d0bda86c10,Muhammad Januarizky,https://play-lh.googleusercontent.com/a-/ALV-UjXstXZIzUJlOg-cyPcRNhtAQ_Cw-5MGGBgWupYmAGCtoLjGgKqm,sangat membantu,5,0,2.2.7,2026-06-18 01:54:43,,,2.2.7
085ff818-d0ad-4cd8-a780-4f662bdf4294,Hery Setiawan,https://play-lh.googleusercontent.com/a-/ALV-UjXHGNHkG__MlwUJULqIuKLfjuveshlt80-iDgJ1RfWJ7qD8yH0,alhamdulillah.. mantaaap.. aplikasi mudah digunakan dan cepat..jaya selalu utk POLRI Presisi,5,0,2.2.7,2026-06-18 01:51:11,,,2.2.7
d956bf84-e94c-4801-a6d1-85a370685f91,mega wati,https://play-lh.googleusercontent.com/a-/ALV-UjVrMdYnePmvQTTMbG6FjjamvzR3whYVPI-4My6pPl5NDahF0EJF,sangat mudah,5,0,2.2.7,2026-06-18 01:46:44,,,2.2.7
ad3c5767-c5f9-42b4-9ed7-38ad8957cfb7,rara imut banget,https://play-lh.googleusercontent.com/a/ACg8ocLlKrdYt_hB8NFWCqOSnTfQoVxqM5HwR8TMYJ1jk0TWbdtzGQ=mo,ok,5,0,2.2.7,2026-06-18 01:37:52,,,2.2.7
293a8162-2de1-4906-a70b-e8b18de5bd89,Mansur Tahir,https://play-lh.googleusercontent.com/a/ACg8ocIJf1MCz7PqDNPKSUulHM3HWokaFK3Xoe_JFmfJ8MWVIfeTKA=mo,mantap,5,0,2.2.7,2026-06-17 23:57:36,,,2.2.7
5514cd68-d840-4a4b-804c-9f11ed5cdb1d,CV. RAM SCIENTIFIC,https://play-lh.googleusercontent.com/a-/ALV-UjU8xUxe5wzPzNR3jUadHoLFAaVnKDAI9k2ktmSxDS23ivlv3Bqp,proses cepat dan biaya terjangkau,5,0,2.2.7,2026-06-17 23:55:40,,,2.2.7
69e404bd-0ac5-4c04-a07b-a9c79731be54,Erni Zaersal,https://play-lh.googleusercontent.com/a/ACg8ocLsT69v7laJ84IMAlFrjDftvjJl1Ldp0z5cwyIDmLrK0XdQDQ=mo,"mau scan wajah tapi kok nggak bisa ya? berulang kali dicoba padahal, tapi scannernya nggak berfungsi",2,0,2.2.7,2026-06-17 23:46:54,,,2.2.7
39ccfac0-97ce-4faf-a119-3732c8567d6e,kupit jpg,https://play-lh.googleusercontent.com/a-/ALV-UjWn7PAIRWPEI0SjvhxCVU1ZKEWFWA90HTLOgxGVZYX2XI_L_7aG,lebih mudah trimakasih POLRI,5,0,2.2.7,2026-06-17 15:32:49,,,2.2.7
83b621f2-09fa-4267-a892-6d3a94686392,Ilham Alfaridzi,https://play-lh.googleusercontent.com/a/ACg8ocKzRi_9FtWoUvbMMi_E9o8cV2aJRM0-4KMgRblZwXNnEYprhuQ=mo,bagus,4,0,2.2.7,2026-06-17 14:03:54,,,2.2.7
c532f71f-abb8-4843-978f-39d5ba22e077,Bertanya Teman,https://play-lh.googleusercontent.com/a-/ALV-UjXMGJQ3ixlni6sHSEWC38J5RuX7ixK_YNnxjMcm5sRThMEJD7j9,tidak terdeteksi lokasi pengambilan yg ada hanya lokasi sumatra,3,0,2.2.7,2026-06-17 13:31:43,,,2.2.7
195fe2b3-2579-4958-9ab0-e732d40e0a44,Juandi Alwalid,https://play-lh.googleusercontent.com/a/ACg8ocJbUm9mSqLWoOdY8ZhZCDGmfUadYpcIw9MuuJvIZNagVlW0EQ=mo,bagus,5,0,2.2.7,2026-06-17 13:19:27,,,2.2.7
00af1d21-14d4-485a-a5db-e5f7f6d3cd50,Hisnatur Rohmah,https://play-lh.googleusercontent.com/a-/ALV-UjXsKH19r1qF7XetuIpJlVO2JG1Ewfi9I_QuqPBwgCMkLukVZbPP,"sangat membuat kesusahan.beberapa kali verifikasi ditolak terus.bukannya mempermudah,malah semakin mempersulit.gimana si",1,0,2.2.7,2026-06-17 12:48:11,,,2.2.7
df56ba4c-d929-430b-b826-a80de8a60239,Agah Jaelani,https://play-lh.googleusercontent.com/a-/ALV-UjUl8o2ylm8Muq3RNZmdPB3l4XPX1b-7V9FmlIyB48RVLMfvrnw1,aplikasi ini sangat membantu sekali terimakasih,5,0,2.2.7,2026-06-17 11:59:43,,,2.2.7
6c4261c9-abe6-45a4-872c-4269feeab24b,Nasgor alel Emejing,https://play-lh.googleusercontent.com/a-/ALV-UjVmwAmtkqOhZ7WXeLK2qAsoWapVzPibv4XQNQGmcNlH5RNxya4,ok,5,0,2.2.7,2026-06-17 11:52:27,,,2.2.7
9aeb5609-31fa-4fc9-983f-d968b01aec25,Rizky Wow,https://play-lh.googleusercontent.com/a/ACg8ocIJP5cZwvtJgE92W9McefSmvw3jp5oajsEjzgPWGe-NRxPI4w=mo,baik dan sangat membantu,5,0,2.2.7,2026-06-17 11:01:23,,,2.2.7
